product_id,product_name,product_name_original,product_category_name,product_name_lenght,product_description_lenght,product_photos_qty,product_weight_g,product_length_cm,product_height_cm,product_width_cm
1e9e8ef04dbcff4541ed26657ea517e5,Perfume Aventus 50ml,Perfume Aventus 50ml,perfumaria,40,287,1,225,16,10,14
3aa071139cb16b67ca9e5dea641aaa2f,Set de Pintura Acrílica 12 Cores,Set de Pintura Acrílica 12 Cores,artes,44,276,1,1000,30,18,20
96bd76ec8810374ed1b65e291975717f,Raquete de Tênis Júnior,Raquete de Tênis Júnior,esporte_lazer,46,250,1,154,18,9,15
cef67bcfe19066a932b7673e239eb23d,Andador Infantil Musical,Andador Infantil Musical,bebes,27,261,1,371,26,4,26
9dc1a7de274444849c219cff195d0b71,Kit de Limpeza Multiuso (5pç),Kit de Limpeza Multiuso (5pç),utilidades_domesticas,37,402,4,625,20,17,13
41d3672d4792049fa1779bb35283ed13,Violão Acústico Clássico,Violão Acústico Clássico,instrumentos_musicais,60,745,1,200,38,5,11
732bd381ad09e530fe0a5f457d81becb,Camiseta Geek Estampada,Camiseta Geek Estampada,cool_stuff,56,1272,4,18350,70,24,44
2548af3e6e77a690cf3eb6368e9ab61e,Prateleira Flutuante para Sala,Prateleira Flutuante para Sala,moveis_decoracao,56,184,2,900,40,8,40
37cc742be07708b53a98702e77a21a02,Geladeira Frost Free 400L,Geladeira Frost Free 400L,eletrodomesticos,57,163,1,400,27,13,17
8c92109888e8cdf9d66dc7e463025574,Jogo de Blocos 200pç,Jogo de Blocos 200pç,brinquedos,36,1156,1,600,17,10,12
14aa47b7fe5c25522b47b4b29c98dcb9,Cama Mesa Banho - 1kg - 16x10x16cm,Producto Genérico 1,cama_mesa_banho,54,630,1,1100,16,10,16
03b63c5fc16691530586ae020c345514,Berço Portátil Dobrável,Berço Portátil Dobrável,bebes,49,728,4,7150,50,19,45
cf55509ea8edaaac1d28fdb16e48fc22,Teclado Musical 49 Teclas,Teclado Musical 49 Teclas,instrumentos_musicais,43,1827,3,250,17,7,17
7bb6f29c2be57716194f96496660c7c2,Luminária Pendente Moderna,Luminária Pendente Moderna,moveis_decoracao,51,2083,2,600,68,11,13
eb31436580a610f202c859463d8c7415,Construcao Ferramentas Seguranca - 200g - 17x7x17cm,Producto Genérico 5,construcao_ferramentas_seguranca,59,1602,4,200,17,7,17
3bb7f144022e6732727d8d838a7b13b3,Bola de Futebol Oficial (Edição Especial),Bola de Futebol Oficial (Edição Especial),esporte_lazer,22,3021,1,800,16,2,11
6a2fb4dd53d2cdb88e0432f1284a004c,Colônia Nativa 200ml,Colônia Nativa 200ml,perfumaria,39,346,2,400,27,5,20
a1b71017a84f92fd8da4aeefba108a24,Teclado Multimídia ABNT2,Teclado Multimídia ABNT2,informatica_acessorios,59,636,1,900,40,15,20
a0736b92e52f6cead290e30b578413b6,Luminária Pendente Moderna,Producto Genérico 10,moveis_decoracao,56,296,2,1700,100,7,15
f53103a77d9cf245e579ea37e5ec51f0,Cama Mesa Banho - 500g - 16x10x16cm,Producto Genérico 2,cama_mesa_banho,52,206,1,500,16,10,16
1c1890ba1779090cd54008a3c3302921,Luminária Pendente Moderna,Creme Dental Branqueador 90g,moveis_decoracao,27,158,4,2550,29,24,45
518ef5de2c2b3a255e326a4594ba15d9,Cama Mesa Banho - 800g - 36x8x16cm,Fralda Ecológica Tam M (50un),cama_mesa_banho,27,329,2,800,36,8,16
e3e020af31d4d89d2602272b315c3f6e,Creme Dental Branqueador 90g,Lixeira Automática 12L,beleza_saude,58,1987,3,75,21,7,13
8b41fbc2b984a12030090112324d1bc4,Fralda Ecológica Tam M (50un),Necessaire Viagem 3 Compartimentos,bebes,55,1627,1,500,20,13,13
d03bd02af9fff4b98f1c972315e5e9ef,Prateleira Flutuante para Sala,Pendrive 32GB USB 3.0,moveis_decoracao,56,209,1,1800,40,10,30
8ba4f2a4ae695d26e5626c1bf710975e,Lixeira Automática 12L,Balão de Voleibol Praia,utilidades_domesticas,52,968,1,900,50,5,50
f6574524b07d5bb753bab6f35abe2d06,Necessaire Viagem 3 Compartimentos,Pulverizador de Jardim 2L,malas_acessorios,52,573,5,3600,35,25,50
c78b767da00efb70c1bcccab87c28cd5,Pendrive 32GB USB 3.0,Luminária Pendente Vintage,informatica_acessorios,35,1101,2,300,42,2,30
a0253d43394dd4da9a5d7b1f546f1a32,Teclado Multimídia ABNT2,Cadeira Presidente Ergonômica,informatica_acessorios,59,1890,2,740,23,13,13
051b9ff13dd55c0a6655a15ff296f80d,Balão de Voleibol Praia,Bola de Futebol Oficial,esporte_lazer,50,529,2,3600,62,23,23
47859fca9dd7485cbd93c3e8993bb74f,Cama Mesa Banho - 650g - 16x10x16cm,Aromatizante Automotivo Baunilha,cama_mesa_banho,45,206,1,650,16,10,16
e1d1d22e9f8122a4ec1533b032c12562,Pulverizador de Jardim 2L,Webcam Full HD 1080p,ferramentas_jardim,49,1163,9,2150,70,8,34
20e37962088a4061d3578def47a8648b,Luminária Pendente Vintage,Espelho Decorativo Ovalado,moveis_decoracao,60,208,1,800,40,10,34
1eba879220bd0981a0e2fbab499ed4e1,Cadeira Presidente Ergonômica,Boneca Articulada 30cm,moveis_escritorio,57,476,1,8950,52,51,17
ce5b91848b91118daffb3af53b747475,Bola de Futebol Oficial,Producto Genérico 3,esporte_lazer,50,699,4,1388,34,9,31
5370b82a213393979691c98074265584,Andador Infantil Musical,Andador Infantil Clássico,bebes,52,708,9,7950,33,30,44
b8dac5113b06a97e64943234522572b9,Aromatizante Automotivo Baunilha,Caneta 3D Iniciante,automotivo,43,1062,2,6000,87,3,42
750cf819d127191920eda79a4b6fb479,Webcam Full HD 1080p,Shampoo Anticaspa 500ml,eletronicos,31,806,1,263,18,12,16
e6af694343b45b56304ad91974a110b9,Kit de Limpeza Multiuso (5pç),Suporte de Celular Articulado,utilidades_domesticas,37,352,1,3900,19,20,15
680874c570dad71c0a2844cfbf417054,Espelho Decorativo Ovalado,Limpa Para-brisas 1L,moveis_decoracao,47,502,1,600,25,25,25
8b3a9476f74f5297f7ff0ec6d95fe1ea,Prateleira Flutuante para Sala,"Mochila Executiva 15.6""",moveis_decoracao,63,254,2,2050,49,13,41
1c6fb703c624b381a20f21f757694866,Boneca Articulada 30cm,Chinelo Slide Unisex 39,brinquedos,33,471,2,725,22,17,15
db46052aed7dff59ba38cf2fe29b87f9,Cama Mesa Banho - 6kg - 45x15x35cm,Carregador Rápido USB-C 20W,cama_mesa_banho,56,509,4,6350,45,15,35
b864b103180d5a6a3f830e67f93e8735,Andador Infantil Clássico,Luminária LED Multicolorida,bebes,47,980,4,600,70,11,11
7a8dac4aaa16bc642e4df33adcf03303,Camiseta Geek Estampada,Caderno Universitário 200fls,cool_stuff,38,1701,2,11750,18,40,79
83b9bc6aae6f527ff6aafb9e01d6cbf3,Jogo de Blocos 200pç,Creme Dental Branqueador 120g,brinquedos,20,866,3,2550,22,32,38
5f504b3a1c75b73d6151be81eb05bdc9,Caneta 3D Iniciante,Producto Genérico 4,cool_stuff,38,1176,3,15350,47,40,47
bbf920aa6ac72007a726e6f419156f8f,Espelho Decorativo Ovalado,Marcador Permanente Preto (12un),moveis_decoracao,42,303,2,1300,25,16,25
c3b7e4d83e530c27a8e6368296aece48,Prateleira Flutuante para Sala,Kit de Poda (Tesoura + Serrote),moveis_decoracao,60,1972,2,850,69,11,11
c5d8079278e912d7e3b6beb48ecb56e8,Shampoo Anticaspa 500ml,Producto Genérico 9,beleza_saude,60,330,1,1300,19,28,17
5eaa343860dc445b3fd43d1b682809fd,Raquete de Tênis Júnior,Cimento Portland 50kg,esporte_lazer,53,3218,5,4800,60,30,15
b5cfb1d3c5e435a7a52227e08f220ee7,Suporte de Celular Articulado,Relógio Casual Feminino,cool_stuff,55,410,2,1300,36,16,24
334479e94cba98064050db1c9636e244,Limpa Para-brisas 1L,Caneca Criativa 350ml,automotivo,57,311,1,220,18,14,17
3fcd8dfe610c62edfb51de2630cd9ef4,Fralda Ecológica Tam M (50un),Furadeira de Impacto 500W,bebes,50,509,4,5700,41,17,49
4c8056caed5757810b9a68b83c3759e6,"Mochila Executiva 15.6""",Arranhador para Gatos 60cm,malas_acessorios,53,1291,2,450,20,40,30
30e77af9e7759bbaa0305d2fbc605dc4,Chinelo Slide Unisex 39,Producto Genérico 7,fashion_calcados,60,402,2,2000,32,12,37
92bf5d2084dfbcb57d9db7838bac5cd0,Carregador Rápido USB-C 20W,Colônia Esportiva 150ml,telefonia,51,427,2,100,19,3,11
fdeb34a9f03fea7c3937dd62d1d0287e,Luminária LED Multicolorida,Bateria Eletrônica Compacta,cool_stuff,58,1252,1,1100,30,20,23
1065dbb6b0bf03daaedab1236979e296,Caderno Universitário 200fls,Producto Genérico 8,papelaria,49,488,3,1400,38,40,39
0d826eba8e0a2ae3bca9e3a947dd756d,Jogo de Blocos 200pç,Raquete de Tênis Profissional,brinquedos,50,423,4,250,20,14,12
f8f6fd145cc00519283cf3100477b2b3,Raquete de Tênis Júnior,Película de Vidro Temperado Universal,esporte_lazer,47,956,1,1050,25,20,14
4e04ffb7dd3739ecfc37de8927dd586c,Caderno Universitário 200fls,Prateleira Flutuante para Livros,papelaria,59,144,1,500,24,7,16
36555a2f528d7b2a255c504191445d39,Creme Dental Branqueador 120g,Limpa Para-brisas 500ml,beleza_saude,51,1069,1,1467,23,16,20
22937a73f92a33040ab4e2540355a5d8,Fashion Bolsas E Acessorios - 100g - 16x5x11cm,Relógio Esportivo com GPS,fashion_bolsas_e_acessorios,50,554,3,100,16,5,11
dc21247da0290904ffbbcd5953c76f95,Marcador Permanente Preto (12un),Fralda Ecológica Tam G (50un),papelaria,41,92,1,100,16,5,16
9020ce7adcc384b2899ae87ddc54767b,Marcador Permanente Preto (12un),Producto Genérico 6,papelaria,43,198,2,300,23,7,15
bfc1d1c62b1f7f401d8d9dda962bb870,Raquete de Tênis Júnior,Lixeira Automática 5L,esporte_lazer,50,255,2,950,60,15,15
6fef6d87bb6c2eb11d57a967209219a8,Kit de Poda (Tesoura + Serrote),Massa Corrida PVA 25kg,ferramentas_jardim,33,200,1,250,17,3,11
1e5428c428e0f783acd6e3d94ba4ee2a,Pcs - 12kg - 27x50x53cm,Ração Seca Cães Adultos 15kg,pcs,55,1067,1,12000,27,50,53
94080f9219044d897195e2be145945dc,Aromatizante Automotivo Baunilha,Necessaire Viagem 5 Compartimentos,automotivo,60,1543,6,921,17,9,16
d0389f20b3d11de54e1e4561df147683,Cimento Portland 50kg,Ámbar Noche Eau de Parfum,casa_construcao,55,1441,1,10000,60,25,25
3e9b58f1436820c248d3f98d7229bb14,Relógio Casual Feminino,Ventilador de Coluna 45cm,relogios_presentes,56,489,2,250,16,11,11
575c38b4c88fc7b35ef22fc8312bfe1b,Caneca Criativa 350ml,Carregador Rápido USB-C 30W,cool_stuff,57,992,3,1200,44,20,20
556702ebb73d3786a852ad3d5a8ad268,Furadeira de Impacto 500W,Teclado Gamer Mecânico RGB,construcao_ferramentas_construcao,54,339,1,4800,25,8,25
a3a03c131926ec14d4c9f3ef03016b24,Arranhador para Gatos 60cm,Headset Gamer 7.1 Surround,pet_shop,54,463,1,700,40,20,20
e586ebb6022265ae1eea38f46ffe3ead,Creme Dental Branqueador 120g,Controle com Fio para Xbox Series X,beleza_saude,40,1469,3,1050,18,21,27
278b3c6462e86b4556b99989513ddf73,Eletroportateis - 350g - 20x20x20cm,Relógio Esportivo Resistente à Água,eletroportateis,58,587,3,350,20,20,20
0d009643171aee696f4733340bc2fdd0,Colônia Esportiva 150ml,Jogo de Blocos 100pç,perfumaria,52,150,1,422,21,16,18
be1be330cf34043d1c40d6114cbd11b5,Relógio Casual Feminino,Sanduicheira Elétrica Grill,relogios_presentes,51,484,1,317,19,13,16
07f01b6fcacc1b187a71e5074199db2d,Agro Industria E Comercio - 16kg - 63x66x56cm,Trem Elétrico com Trilhos,agro_industria_e_comercio,39,430,1,16400,63,66,56
75b4372e69a42f8ae1d908c076f547b2,Creme Dental Branqueador 120g,Shampoo Anticaspa 300ml,beleza_saude,22,1313,1,938,29,22,23
3569d4374a919941a50f57371b1dc93d,Shampoo Anticaspa 500ml,Tábua de Picar Bambu (3pç),beleza_saude,37,1168,1,2700,21,16,31
a3c95dc653d9a279b160bc0179385ed1,Cama Mesa Banho - 1kg - 30x18x30cm,Cadeira Giratória para Escritório,cama_mesa_banho,39,1146,1,1750,30,18,30
0992c6cba95a13bfa68ea7d5e22d478b,Kit de Poda (Tesoura + Serrote),Relógio Casual Masculino,ferramentas_jardim,42,671,1,3850,29,12,24
b1eae565a61935e0011ee7682fef9dc9,Colônia Nativa 200ml,Aromatizante Automotivo Lavanda,perfumaria,49,460,2,267,17,13,17
2734390ee304b0f4817b3c233094fc16,Bateria Eletrônica Compacta,Teclado Mecânico RGB,instrumentos_musicais,59,2367,3,16200,55,40,40
32ee3f4e2493045726807808d7abbab6,Cama Mesa Banho - 1kg - 38x9x27cm,Pacote de Canetas Esferográficas (10un),cama_mesa_banho,54,381,2,1400,38,9,27
c2367eda4f9623d0355dc5d7796d857a,Cama Mesa Banho - 6kg - 100x10x11cm,Livro O Poder do Hábito,cama_mesa_banho,50,607,1,6450,100,10,11
7f34b85142d1ef9e077a0da9ada27385,Luminária Pendente Vintage,Mouse Sem Fio 2.4GHz,moveis_decoracao,59,1750,3,2300,105,3,70
c478b1bbf9ec8c5691f37ccb83187386,Teclado Multimídia ABNT2,Trem Elétrico com Luzes e Som,informatica_acessorios,55,163,2,300,25,8,18
f9ecf420c38b90a8af8e7f70fd789264,Raquete de Tênis Profissional,Cortador de Grama Manual,esporte_lazer,43,101,1,600,50,10,12
3a6a0247ced9dcb444b46caafdcdd368,Shampoo Anticaspa 500ml,Caixa de Som Portátil 10W,beleza_saude,60,2497,1,3600,20,20,20
adf591c625cb265c12bc6749d3a2f757,Creme Dental Branqueador 90g,Sandália Rasteira Feminina 36,beleza_saude,60,1146,6,150,20,24,33
3e0f398b664b26e3224c79dbf435191f,Bola de Futebol Oficial,Martelo de Aço 800g,esporte_lazer,57,900,4,400,16,4,11
64c8f1a52b407d92518a1f8b79240a70,Película de Vidro Temperado Universal,Brinquedo Mordedor para Cães,telefonia,49,319,1,100,18,6,11
af16005fca813272caf59c432153949e,Prateleira Flutuante para Livros,Fone de Ouvido Bluetooth 5.0,moveis_decoracao,55,1186,2,800,53,8,20
e6a1ff3552ba3305c1cf0a4dde50347f,Limpa Para-brisas 500ml,Protetor Solar FPS 50,automotivo,58,703,6,5250,47,19,23
d8a405c732027a2af3187b031890933d,Aromatizante Automotivo Baunilha,Organizador de Gavetas 3 Níveis,automotivo,50,361,1,200,35,4,26
ce94e3c41145e28428cdae952a1fd7f2,Relógio Esportivo com GPS,Lienzo de Algodón 50x60cm,relogios_presentes,58,899,2,335,17,11,12
3f0f8de616df6efb39a48f3c64eea974,Cama Mesa Banho - 1kg - 50x12x12cm,Liquidificador 600W,cama_mesa_banho,49,701,1,1300,50,12,12
6ddc95e87149457c4c5177b0a474a9ba,Luminária Pendente Vintage,Gaveteiro 3 Gavetas,moveis_decoracao,47,1405,3,150,35,2,25
a2e2851eae0aebb8ee4df32348b42e2b,Teclado Multimídia ABNT2,Capa para Samsung Galaxy S23,informatica_acessorios,59,504,3,367,16,4,11
723f62c36c298037716bf60c0ad0df3a,Relógio Casual Feminino,Tênis Esportivo Masculino 40,relogios_presentes,57,276,4,250,16,2,11
b2b3503e675abbc07e278151da072ed2,Espelho Decorativo Ovalado,Violão Acústico Cutaway,moveis_decoracao,46,287,1,8500,75,25,55
c18c01e09509a509e2b88d3ed40c580e,Fralda Ecológica Tam G (50un),Chave de Fenda 6x100mm,bebes,46,1039,1,2150,42,25,15
a41e356c76fab66334f36de622ecbd3a,Produto - 650g - 17x14x12cm,Mouse Óptico USB,,,,,650,17,14,12
e7cad5e8ed9b92e788262ad710c33bd0,Raquete de Tênis Júnior,Cortador de Grama Sem Fio,esporte_lazer,56,663,4,150,16,5,11
c33d78b97260227119fb2b71be168fca,Cama Mesa Banho - 650g - 27x10x22cm,Teclado Musical 61 Teclas,cama_mesa_banho,39,170,1,650,27,10,22
e8fd6f481db77b847e7ab93fa1510e7e,Eletroportateis - 2kg - 20x26x32cm,Mesa de Escritório 120x60cm,eletroportateis,53,794,4,2700,20,26,32
67bea89008edcb996cfe4e3d062b62a8,Lixeira Automática 5L,Umidificador de Ar 2L,utilidades_domesticas,56,414,1,1200,23,22,16
e8e86cbab028363545a5bf0ca5e226ee,Moveis Sala - 6kg - 55x10x46cm,Caderno Universitário 100fls,moveis_sala,36,312,2,6050,55,10,46
c12b64bf0861a27e0f06c36ef82f457d,Raquete de Tênis Profissional,Carregador Veicular Bluetooth FM,esporte_lazer,53,425,1,150,16,6,11
6f0169f259bb0ff432bfff7d829b9946,Massa Corrida PVA 25kg,Capa para iPhone 13,casa_construcao,58,918,6,1050,16,20,16
b6f3b8136ba8302906df7e11ff908751,Ração Seca Cães Adultos 15kg,Livro Sapiens: Uma Breve História da Humanidade,pet_shop,36,617,1,1350,23,7,30
2be2be0a6a5916840503fdf50808ebcb,Lixeira Automática 5L,Perfume Aventus 100ml,utilidades_domesticas,41,270,1,600,36,6,19
8efa775719397f78f79c8e5c7b0afbd4,Luminária Pendente Moderna,Smartwatch Série 7,moveis_decoracao,22,275,1,1000,30,18,18
9e87e3ee09baee5f5c0513ff37bc60ab,Cama Mesa Banho - 1kg - 43x8x33cm,Coleira Antipulgas 8 Meses,cama_mesa_banho,58,381,2,1550,43,8,33
a0abcee0132a5aed003d98e459b37698,Cama Mesa Banho - 2kg - 45x13x35cm,Fogão 4 Bocas Inox,cama_mesa_banho,58,223,1,2700,45,13,35
7f6308ba4057a6a740af7b4dcfb79c13,Carregador Rápido USB-C 20W,Parafusadeira Elétrica 12V,telefonia,63,1930,9,200,19,5,11
1eb4a9aee05c9cad041e09add2a26d68,Necessaire Viagem 5 Compartimentos,Martelo de Aço 500g,malas_acessorios,51,244,1,800,38,8,28
8da90b37f0fb171b4877c124f965b1f6,Ámbar Noche Eau de Parfum,Marcador Permanente Preto (5un),perfumaria,56,733,3,377,18,13,15
712a72a78ffb66cb6eee87eebbf54519,Bola de Futebol Oficial (Edição Especial),"Mochila Executiva 17""",esporte_lazer,52,1049,3,400,45,22,43
c5fb7fbe39f4e09e048ffbc5b28db49a,Sinalizacao E Seguranca - 450g - 16x5x16cm,Tapete Higiênico Cachorro 40x50cm,sinalizacao_e_seguranca,51,1212,1,450,16,5,16
f17b05cc8a7651896df8c30884200e9a,Ventilador de Coluna 45cm,Controle Sem Fio para PS5,climatizacao,30,547,1,2000,32,51,16
55ec10b39713ee81ee2c5bcb558cf866,Fashion Bolsas E Acessorios - 300g - 16x2x11cm,Ventilador de Mesa 40cm,fashion_bolsas_e_acessorios,53,1398,1,300,16,2,11
c190c4fe582c5b7ffff586506de83f01,Espelho Decorativo Ovalado,Carregador Portátil 10000mAh,moveis_decoracao,34,160,1,250,26,14,14
f908df99196805b5bc4ada9ef510b11b,Raquete de Tênis Júnior,Telha de Fibrocimento 2.44m,esporte_lazer,57,245,2,1950,60,15,15
ac5bae85a895724330c4acddd581b02b,Carregador Rápido USB-C 30W,Batedeira Planetária 400W,telefonia,50,1254,2,500,16,15,11
d8dee61c2034d6d075997acef1870e9b,Produto - 300g - 16x7x20cm,Bota Social Masculina 41,,,,,300,16,7,20
cbaff83e2c00a2b731d27276bbf52082,Set de Pintura Acrílica 12 Cores,Mouse Gamer 16000 DPI,artes,59,1431,6,7900,70,15,70
ad67f74682943e3857eebf3ca2538d1a,Cama Mesa Banho - 1kg - 41x9x34cm,Livro Mindset: A Nova Psicologia do Sucesso,cama_mesa_banho,53,261,2,1800,41,9,34
1e12f1836c1f08b25ef78fcdf76fbf08,Kit de Poda (Tesoura + Serrote),Tênis Esportivo Feminino 35,ferramentas_jardim,60,884,1,900,37,3,23
acd427ee119d5c71c7a85ae488cb0a6a,Fashion Bolsas E Acessorios - 200g - 16x2x11cm,Estante Organizadora 6 Prateleiras,fashion_bolsas_e_acessorios,52,68,7,200,16,2,11
60cf4effb6947283fa638d570bd07318,Fralda Ecológica Tam M (50un),Set de Pincéis Profissionais 10pç,bebes,30,410,4,4500,80,70,28
51fed4afb1b41d00ad9d25a73b7fbbc7,Teclado Gamer Mecânico RGB,Aquecedor Elétrico 400W,consoles_games,48,303,3,250,21,7,15
bb09cce52b336261572a5a7e25a33795,Kit de Limpeza Multiuso (5pç),Livro O Investidor Inteligente,utilidades_domesticas,59,943,1,550,16,25,12
65a6462e42e05ab3b8dc613566736825,Necessaire Viagem 3 Compartimentos,Tinta Acrílica Fosca Branco 3.6L,malas_acessorios,49,540,4,1100,39,12,28
f2396540fbfac27b5117f0dbd6744b50,Cama Mesa Banho - 3kg - 40x20x40cm,"Sifão de Pia 1.1/2""",cama_mesa_banho,53,222,1,3600,40,20,40
70d1bd3a042448105a71d0b41ecbc96b,Headset Gamer 7.1 Surround,Set de Pintura Acrílica 24 Cores,consoles_games,56,235,1,100,16,3,11
0075c14603d80515e20908c156ceb47b,Raquete de Tênis Júnior,Livro O Homem Mais Rico da Babilônia,esporte_lazer,50,329,2,150,16,18,16
5a42f73d92034010a4e00360fb0df099,Balão de Voleibol Praia,Ar Condicionado Portátil 12000 BTUs,esporte_lazer,55,144,1,3775,18,13,16
bcd58b852a3b0152b6b384c4e4474ba2,Camiseta Geek Estampada,Lienzo de Algodón 30x40cm,cool_stuff,59,797,2,1400,25,20,20
2bfb0bdbcea77da2879f0ef3be9a219e,Controle com Fio para Xbox Series X,,consoles_games,53,439,5,900,22,7,18
87fb220044e9aca16fbec51c6c997aa0,Relógio Esportivo Resistente à Água,,relogios_presentes,60,438,2,250,20,12,20
484bf1dff778a416389aafd0dee1cb11,Jogo de Blocos 100pç,,brinquedos,55,852,1,350,21,9,16
56139431d72cd51f19eb9f7dae4d1617,Produto - 200g - 20x20x20cm,,,,,,200,20,20,20
3cef8174403f4fdedbf24fa67fa9f132,Berço Portátil Dobrável,,bebes,39,805,3,1800,18,32,27
003938452c98ff9ab28e9e7b4bfe97ab,Moveis Sala - 5kg - 50x8x50cm,,moveis_sala,52,420,2,5050,50,8,50
8d6cb00151d423c52855385c89f0bae8,Aromatizante Automotivo Baunilha,,automotivo,58,386,1,27100,50,50,50
5877301b00f95e3c6118738b293dfab3,Sanduicheira Elétrica Grill,,eletrodomesticos,50,273,1,1500,65,8,38
e0bbe6292471ff5ab3752414baf78111,Relógio Casual Feminino,,relogios_presentes,43,572,2,500,16,11,11
dd768d259ee6054e0dadd66c8e2be0b6,Cama Mesa Banho - 350g - 16x10x16cm,,cama_mesa_banho,52,700,2,350,16,10,16
fc2edee55f4118969f4dc49f7a717605,Limpa Para-brisas 500ml,,automotivo,47,1548,3,500,16,12,17
b521fddf2c8a7e7d1791bfb3c1b2f278,Raquete de Tênis Profissional,,esporte_lazer,55,448,1,1000,20,20,20
46b48281eb6d663ced748f324108c733,Produto - 18kg - 41x30x41cm,,,,,,18500,41,30,41
db7e6804f1a8206a7e51c9a741a09d9e,Trem Elétrico com Trilhos,,brinquedos,51,410,2,300,24,11,24
50556c630443502c11acde1c320fe278,Creme Dental Branqueador 120g,,beleza_saude,59,257,1,250,16,2,20
88d2c501ec765f5d7e8038fa6aab0e62,Shampoo Anticaspa 300ml,,beleza_saude,51,863,1,10700,40,40,40
722fb67c17907e21734449c091420bf5,Tábua de Picar Bambu (3pç),,utilidades_domesticas,29,290,1,1700,32,21,22
43b6d9e46e1e6b8ac743a1c31e462937,Kit de Poda (Tesoura + Serrote),,ferramentas_jardim,31,680,1,7700,39,28,25
1ffe365aa7583189e63f2fa4f060b269,Bola de Futebol Oficial (Edição Especial),,esporte_lazer,57,785,4,5200,20,60,35
3014e35fd70fce29095ced5cdc89f4ce,Carregador Rápido USB-C 20W,,telefonia,51,244,1,125,17,10,14
e869d449cc32881790ef9af9b4c670f8,Cadeira Giratória para Escritório,,moveis_escritorio,50,2220,1,15700,58,28,58
a1b3a75aaaee5c9a683f2266c088f720,Relógio Casual Masculino,,relogios_presentes,53,599,2,350,16,11,11
7fdbc1ecf5fdf5c98d9b14e110133eb3,Bola de Futebol Oficial,,esporte_lazer,57,649,1,213,16,10,13
15b3d40f375c0645c1eed4ed1cd8e17a,Fashion Bolsas E Acessorios - 150g - 16x11x11cm,,fashion_bolsas_e_acessorios,30,401,3,150,16,11,11
1cf39a397efa955b102a52ee7ec5531c,Aromatizante Automotivo Lavanda,,automotivo,35,907,3,18200,56,15,15
f9471562478eba8761bc985b968a0092,Tábua de Picar Bambu (3pç),,utilidades_domesticas,38,390,1,850,18,21,15
e96bac5656eaec25f3d76757fa16d9d3,Cimento Portland 50kg,,casa_construcao,55,918,6,1050,16,20,16
16b06ede456b922e56fbb4b3818aa875,Fashion Bolsas E Acessorios - 200g - 16x9x11cm,,fashion_bolsas_e_acessorios,48,382,5,200,16,9,11
c7147724cd430269c6296fc758c0a086,Lixeira Automática 12L,,utilidades_domesticas,32,42,1,300,16,15,11
dbb399a8be7395d5b136d49fcdce13df,Teclado Mecânico RGB,,informatica_acessorios,47,764,1,200,23,9,13
ed46d1fbd7bf78ce79910c09fb892abb,Raquete de Tênis Profissional,,esporte_lazer,52,406,1,800,20,25,25
d458378a178cd7cae60052319cebf235,Pacote de Canetas Esferográficas (10un),,papelaria,50,198,2,200,24,7,14
596363933adf57df745ecbc8afeec226,Raquete de Tênis Profissional,,esporte_lazer,50,853,1,698,46,10,14
4473f3e5c65952b074ef987fa5c24662,Carregador Rápido USB-C 30W,,telefonia,59,776,6,350,17,4,12
8c9faf6aabee9b2a30b83f92d786f6de,Livro O Poder do Hábito,,livros_interesse_geral,50,2913,3,1000,24,5,17
8e71b24c3e25a92fef6176120a67fac7,Mouse Sem Fio 2.4GHz,,informatica_acessorios,53,585,1,783,21,13,28
828fe032935d7c1901682e5b6cc076c2,Colônia Esportiva 150ml,,perfumaria,48,1063,2,600,20,20,20
19502a282608c5627fb32e22724727fc,Trem Elétrico com Luzes e Som,,brinquedos,47,181,1,11650,55,30,30
df473738565b52f77b4e22b328b41576,Construcao Ferramentas Ferramentas - 400g - 16x2x11cm,,construcao_ferramentas_ferramentas,42,369,1,400,16,2,11
657491063e8a63247a108a4d9cedf020,Boneca Articulada 30cm,,brinquedos,25,274,1,3050,40,10,40
a388f2043ca885de714453e4fac616e2,Carregador Rápido USB-C 30W,,telefonia,50,744,1,100,16,3,11
4c6018f41a6c2e5543cc034e94f5ce5b,Cortador de Grama Manual,,ferramentas_jardim,44,2395,1,16500,40,25,26
a85543a371d5cfafedb80a8177a692b5,Lixeira Automática 5L,,utilidades_domesticas,59,470,2,750,34,14,24
6b017e0d95d8765a6f2bed3bc272c61e,Fashion Underwear E Moda Praia - 250g - 36x4x20cm,,fashion_underwear_e_moda_praia,39,422,1,250,36,4,20
6d14f72afff32795290f2df6507f063c,"Mochila Executiva 15.6""",,malas_acessorios,59,413,3,2300,84,14,20
75b433ca888fe027b18dfac89a284667,Caixa de Som Portátil 10W,,eletronicos,37,374,1,1350,33,12,26
9aa70106d14b83c7ad033592870b2b30,Kit de Limpeza Multiuso (5pç),,utilidades_domesticas,22,388,3,530,17,20,20
42fe4aefc7e8a45dd96a59af81dd3fef,Aromatizante Automotivo Lavanda,,automotivo,59,162,1,1300,20,20,20
a04cf12934a318be6550b1aeab938bf2,Sandália Rasteira Feminina 36,,fashion_calcados,59,605,5,4000,57,14,36
224703229a7c966a5b191651e1561be2,Balão de Voleibol Praia,,esporte_lazer,52,234,4,8150,20,20,20
43724b27731595d954e911f443fb1cc4,Martelo de Aço 800g,,construcao_ferramentas_construcao,57,272,1,2200,16,2,11
b29ca3d3127057c43ef4b364bbe360ea,Creme Dental Branqueador 90g,,beleza_saude,55,1029,1,1150,20,25,20
5e21d5cab5d33e770d8150a4ee6117db,Relógio Esportivo com GPS,,relogios_presentes,60,312,4,200,16,2,11
55610b8b7d48294e69fc23f513dfbe98,Prateleira Flutuante para Livros,,moveis_decoracao,60,1068,3,400,16,20,16
68bfdbfe84f03af17733b10362f10020,Prateleira Flutuante para Livros,,moveis_decoracao,63,244,4,600,29,12,23
5fb61f482620cb672f5e586bb132eae9,Produto - 300g - 35x7x12cm,,,,,,300,35,7,12
a5bc1334f1762ce0a844f3f694dc08e1,Cama Mesa Banho - 1kg - 16x10x16cm,,cama_mesa_banho,48,645,1,1200,16,10,16
701ff123e9085dcc9c2f833efded6374,Caneta 3D Iniciante,,cool_stuff,50,268,5,10664,61,63,35
73b499a2f5002c0a2158a478cc5a096c,Lixeira Automática 5L,,utilidades_domesticas,43,2148,2,1800,50,12,36
42f14eda412436b96cde4f4025ed5f25,Balão de Voleibol Praia,,esporte_lazer,47,154,3,500,16,2,11
47969dd948e918289f809be899ddfb4c,Pacote de Canetas Esferográficas (10un),,papelaria,48,501,1,258,19,12,19
446295cf6f689d4db477145815362608,Pacote de Canetas Esferográficas (10un),,papelaria,59,209,1,1400,16,44,37
280c05c66173c2b377f3e449e33abc6d,Boneca Articulada 30cm,,brinquedos,59,640,1,400,35,7,35
4a96de21ccfb22ebe1c56992acbbd7fc,Ventilador de Coluna 45cm,,climatizacao,58,655,5,1300,30,10,30
c45a1de8cdb00af9ba1f3c097561b77a,Cama Mesa Banho - 1kg - 30x10x25cm,,cama_mesa_banho,55,315,2,1000,30,10,25
1b37262ebd1307a6c9aab9aca8584e76,Brinquedo Mordedor para Cães,,pet_shop,52,1290,3,1300,30,10,18
04869307f7e7dc5b07f1d83406ade1e5,Trem Elétrico com Luzes e Som,,brinquedos,58,443,2,3305,38,36,19
8bb6ace4cf2411747ea1cfecad5a458d,Andador Infantil Clássico,,bebes,55,224,2,6000,75,15,50
21db47f6493b06e8e7fc562ec9890e77,Teclado Mecânico RGB,,informatica_acessorios,50,281,4,300,35,5,25
f4d705aa95ccca448e5b0deb6e5290ba,Cama Mesa Banho - 250g - 20x2x15cm,,cama_mesa_banho,57,74,1,250,20,2,15
bbaef2eadf31fe3ea6702077398be06c,Perfume Aventus 50ml,,perfumaria,45,1003,2,400,18,11,11
3fc3d637781e5d185455013606a6e2cd,Fone de Ouvido Bluetooth 5.0,,eletronicos,32,1274,1,250,16,10,30
21d325f98c6505a72b1bcf363f3d3f88,Jogo de Blocos 100pç,,brinquedos,57,1532,2,1250,29,19,22
f6691c7e7a0c12d28003c97608dfe605,Fashion Roupa Masculina - 950g - 40x6x40cm,,fashion_roupa_masculina,47,1026,2,950,40,6,40
c615805546392ec3b8a20c6590c4d400,Ração Seca Cães Adultos 15kg,,pet_shop,54,261,6,2000,30,34,17
6e9c52b407fea24064f7ab2b144fbf8c,Andador Infantil Musical,,bebes,56,1395,7,13575,71,81,44
e07f6e9343cad06f34d0a7a09eeac4d7,Creme Dental Branqueador 120g,,beleza_saude,60,537,1,667,17,16,16
80fc21f90a43fdcfc623f11f5457db10,Relógio Casual Masculino,,relogios_presentes,55,457,2,267,17,11,12
9cafef108028ea326352e901a8b729a7,Cama Mesa Banho - 1kg - 45x20x40cm,,cama_mesa_banho,60,609,2,1750,45,20,40
dd783a33bc94bef9c728611320d559e7,Protetor Solar FPS 50,,beleza_saude,52,1113,1,150,16,12,11
ec019a7e1feb42072e2a07b6317c7edb,Jogo de Blocos 200pç,,brinquedos,48,135,1,10550,65,7,45
20424e1f503b9ceeeee60b717b11ec36,Organizador de Gavetas 3 Níveis,,utilidades_domesticas,57,1298,1,1725,100,35,16
795ed173180b101b114960e572d2181f,Necessaire Viagem 5 Compartimentos,,malas_acessorios,43,215,1,700,45,10,31
40a75445dcf4958b8c9b3dac6898094b,Raquete de Tênis Júnior,,esporte_lazer,29,1318,1,400,34,16,16
fff0a542c3c62682f23305214eaeaa24,Caderno Universitário 200fls,,papelaria,23,146,3,300,30,10,20
21419fbb5e6e21591c1dc83cb75aec07,Massa Corrida PVA 25kg,,casa_construcao,59,1582,1,5850,60,25,25
d801448d8cf48fd15a66dc8779d47241,Relógio Casual Masculino,,relogios_presentes,47,687,1,267,17,11,13
d1fbb5683c8e93f314d0f2bf40d07761,Cama Mesa Banho - 1kg - 39x12x25cm,,cama_mesa_banho,53,155,2,1500,39,12,25
4e7f36f28c51e114a343625b628dd429,Camiseta Geek Estampada,,cool_stuff,42,727,1,400,24,16,14
58bef3ad35aed45b92cf03510e6cf5ce,Bola de Futebol Oficial (Edição Especial),,esporte_lazer,54,3830,1,1300,31,32,31
532d7f19b8005e415f5b98a1cf4a8690,Tábua de Picar Bambu (3pç),,utilidades_domesticas,58,172,1,400,16,10,14
aedb7e30007f6051c5b3f97156b0848a,Lienzo de Algodón 50x60cm,,artes,32,195,1,150,25,2,19
c752f2bc46ad4b389290cf5828a1db62,Creme Dental Branqueador 120g,,beleza_saude,40,654,1,650,25,13,14
7207700449f2433076d70a5b1c004eb4,Teclado Gamer Mecânico RGB,,consoles_games,44,421,1,706,32,8,38
582dfc3697c5f834a5ddf28460ba9222,Fashion Bolsas E Acessorios - 300g - 25x10x25cm,,fashion_bolsas_e_acessorios,59,251,1,300,25,10,25
54910b8287ecea5f93a008ebfa94a15c,Cama Mesa Banho - 4kg - 75x5x50cm,,cama_mesa_banho,41,242,1,4850,75,5,50
ecaae002060173ec59f5b168cbd55d70,Aromatizante Automotivo Lavanda,,automotivo,51,1741,1,825,20,24,15
9e48435521202c8795e21ac42efcc761,Pendrive 32GB USB 3.0,,informatica_acessorios,31,432,1,600,46,3,15
f46c384460008df0071849d01b39834f,Raquete de Tênis Profissional,,esporte_lazer,53,527,2,700,23,9,11
4fe53f6c123977ffa0dda91a2962c9e8,Luminária Pendente Moderna,,moveis_decoracao,51,1442,1,300,40,10,27
7aeb83cae61b0e94e6426cba2598ad9e,Lixeira Automática 12L,,utilidades_domesticas,55,471,2,1270,17,14,17
3fc23ad64a8ee1f1451c8c44932c5d22,Construcao Ferramentas Ferramentas - 450g - 20x2x11cm,,construcao_ferramentas_ferramentas,40,338,1,450,20,2,11
e10758160da97891c2fdcbc35f0f031d,Produto - 2kg - 16x2x11cm,,,,,,2200,16,2,11
dccef777bc505f2eca720502c209988d,Liquidificador 600W,,eletrodomesticos,56,173,1,150,18,8,13
b6be875acca0b4862cae6479c5d9e6fa,Kit de Poda (Tesoura + Serrote),,ferramentas_jardim,49,192,1,200,16,3,11
84e1b9c6ba2ed178bd217097b41f1251,Moveis Cozinha Area De Servico Jantar E Jardim - 10kg - 33x88x44cm,,moveis_cozinha_area_de_servico_jantar_e_jardim,50,859,1,10893,33,88,44
93c285dad77a797cf2193ead6afbe107,Lixeira Automática 12L,,utilidades_domesticas,53,524,1,1800,25,7,20
1ba7948f3aa31cdaf78a4885f3c5385a,Jogo de Blocos 100pç,,brinquedos,29,566,2,1220,20,33,22
6a61a5d77a8571a0646e8c0f75f572f4,Creme Dental Branqueador 90g,,beleza_saude,53,1368,6,360,30,19,22
0e40b1ed4cfd3da1962ec91913e54ba8,Fone de Ouvido Bluetooth 5.0,,eletronicos,52,424,1,175,22,11,15
2de8789bf8abcd2f6c7866f9429b1986,Ração Seca Cães Adultos 15kg,,pet_shop,50,852,1,1900,50,13,70
d394d30215872be4cda2c67c1ce5b981,Bola de Futebol Oficial (Edição Especial),,esporte_lazer,37,621,5,250,20,20,20
9181a16945ef449aa81212d5139945ec,Berço Portátil Dobrável,,bebes,58,1261,3,6950,85,11,50
b166907a5770631b7deedd0891b1b7ab,Lixeira Automática 5L,,utilidades_domesticas,57,1094,1,1100,55,5,40
302a19dacdbb5ed2f74f9dee8126ef79,Fralda Ecológica Tam M (50un),,bebes,64,882,5,300,17,7,24
1fb2c1a0d7f863e0644077cb5d8f80df,Gaveteiro 3 Gavetas,,moveis_escritorio,41,2261,1,16500,58,28,58
0a17941f41b99d2f070fab54b458a4a4,Necessaire Viagem 5 Compartimentos,,malas_acessorios,28,453,1,300,16,23,19
98190f6a2c3253d07ca86525bb238162,Caixa de Som Portátil 10W,,eletronicos,25,813,1,1836,61,6,24
a18a23a783fb7576a8f0f6fbc2ae2b58,Creme Dental Branqueador 90g,,beleza_saude,59,822,1,175,18,22,16
e2c3ed9aaddfd2312a6a5fe9b3ddadd3,Trem Elétrico com Luzes e Som,,brinquedos,53,579,1,675,22,24,21
71c808620fa8dafbe6cd6c638cc67567,Bola de Futebol Oficial,,esporte_lazer,58,568,4,200,26,5,20
25cdef5b1428725aa16b8b9a6fbd72ca,Industria Comercio E Negocios - 1kg - 30x20x30cm,,industria_comercio_e_negocios,58,1058,1,1200,30,20,30
a1bf559ac1eab015ba992bd76d9d76c7,Teclado Mecânico RGB,,informatica_acessorios,32,1074,2,200,39,2,30
3b82733180834cc02658403163260204,Cadeira Presidente Ergonômica,,moveis_escritorio,46,1193,2,16100,63,61,24
eca3036ef7ba11b3331c334b7053fe13,Capa para Samsung Galaxy S23,,telefonia,51,443,1,117,19,4,12
6b75ce117b8fcc75289cb6cbe589de6c,Telefonia Fixa - 455g - 36x18x27cm,,telefonia_fixa,27,1217,1,455,36,18,27
23ab7bb9eac81e85ec43ed71064cf7ce,Cama Mesa Banho - 550g - 16x10x16cm,,cama_mesa_banho,55,613,1,550,16,10,16
5cfe07a11fd4f35d3c5ca21cd60cee6e,Tênis Esportivo Masculino 40,,fashion_calcados,54,404,4,750,22,12,33
78119fbfa709d07b86f5ccf15043c6d6,Luminária LED Multicolorida,,cool_stuff,43,447,2,586,18,11,13
9138555a5066b7f16bf15e75c7db067c,Construcao Ferramentas Iluminacao - 540g - 16x27x16cm,,construcao_ferramentas_iluminacao,57,919,6,540,16,27,16
1ec5373950b7877c5de483a123223810,Raquete de Tênis Júnior,,esporte_lazer,42,2819,1,3700,30,20,20
34607082301052079a3bffcd12c5ecfb,Lixeira Automática 5L,,utilidades_domesticas,57,623,4,3150,30,17,30
4ceab0364ce2bef8363b89f4719bbff7,Cama Mesa Banho - 2kg - 53x27x40cm,,cama_mesa_banho,57,296,1,2100,53,27,40
c9fe02894880831f6f28d5ac212d036f,Construcao Ferramentas Seguranca - 314g - 20x19x18cm,,construcao_ferramentas_seguranca,51,1006,3,314,20,19,18
3c883b9d3fd2d0ce448d4136349dc0a4,Cama Mesa Banho - 550g - 23x15x23cm,,cama_mesa_banho,49,153,1,550,23,15,23
98d0e0ca6213edc063889593a2475e36,Aromatizante Automotivo Baunilha,,automotivo,55,978,1,13825,70,35,49
f2c1df0fc307ec60e3321c708c1dcac3,Cama Mesa Banho - 850g - 40x6x50cm,,cama_mesa_banho,42,431,1,850,40,6,50
622d3b263cd40b06e1eeea144fb83f19,Fralda Ecológica Tam G (50un),,bebes,19,200,1,250,21,4,13
15cd31f93b25e5a517f05b1af31d353f,Jogo de Blocos 100pç,,brinquedos,55,1475,1,400,20,20,20
cd7701670288642f7be9437dec9034c1,Ámbar Noche Eau de Parfum,,perfumaria,48,606,2,400,16,20,15
3519403062e217f433e0bbdc52e0b19f,Teclado Gamer Mecânico RGB,,consoles_games,25,211,1,200,16,2,16
37dffde0476450e75dae423136954b0f,Limpa Para-brisas 500ml,,automotivo,60,1023,5,250,20,20,20
d68bd4dedccc5545b1ff6629de8fb021,Mouse Sem Fio 2.4GHz,,informatica_acessorios,53,813,4,1950,17,11,12
e4c0d69bafff0157f574aae9a147a8c1,Prateleira Flutuante para Livros,,moveis_decoracao,49,607,1,300,35,10,25
b6b4ab44d1f3c2a645abbda76af2a993,Relógio Casual Masculino,,relogios_presentes,54,364,1,1050,30,45,11
d19d6968c8fa843da04bf9c9d23c312f,Aromatizante Automotivo Baunilha,,automotivo,53,1373,4,400,16,7,11
de984954e2e130136bcf8988bc973d90,Violão Acústico Cutaway,,instrumentos_musicais,40,234,1,1000,56,9,22
c6336fa91fbd87c359e44f5dca5a90ed,Bola de Futebol Oficial,,esporte_lazer,39,772,1,150,16,16,11
d10abea506594de1dd5ea21851f94062,Protetor Solar FPS 50,,beleza_saude,60,876,1,700,16,16,16
4bae12e58c9b828e1302a2cad437b80a,Controle com Fio para Xbox Series X,,consoles_games,47,358,3,450,17,7,17
aba0932cedf32b2a7b6b832f11769613,Creme Dental Branqueador 120g,,beleza_saude,29,556,1,2000,30,12,16
f777c903946dd86fd00cd5b32ec3e907,Chave de Fenda 6x100mm,,construcao_ferramentas_construcao,57,954,4,21400,20,20,20
39e3b9b12cd0bf8ee681bbc1c130feb5,Produto - 300g - 16x7x11cm,,,,,,300,16,7,11
2e511b5741ab14e7f5294df6f1310b03,Teclado Multimídia ABNT2,,informatica_acessorios,52,2515,1,188,20,16,15
74f250adf8f41738ca96718232a41499,Prateleira Flutuante para Sala,,moveis_decoracao,56,646,1,300,16,30,20
f16ced867a24a244afefb5b867f337df,Fashion Bolsas E Acessorios - 13kg - 26x60x40cm,,fashion_bolsas_e_acessorios,38,487,2,13600,26,60,40
1ce0e963805e3c170485768e8b09fe65,Prateleira Flutuante para Sala,,moveis_decoracao,50,1342,3,800,25,25,25
794de06c32a626a5692ff50e4985d36f,Produto - 300g - 18x8x14cm,,,,,,300,18,8,14
a530b23a71594d0d986a30359e207762,Prateleira Flutuante para Sala,,moveis_decoracao,49,600,2,1400,65,12,12
d294bd539d8c70342149beb38b767afc,Relógio Esportivo com GPS,,relogios_presentes,50,295,1,650,13,11,12
fe9184887637170f6da65623475d6a66,Chave de Fenda 6x100mm,,construcao_ferramentas_construcao,37,2457,1,600,26,17,17
3da6f3c6c1ac8c36ff45b1a493a44e82,Luminária Pendente Moderna,,moveis_decoracao,58,1969,2,3000,69,11,11
8a4667ce8c036b0d54dd65a38298bfc0,Necessaire Viagem 3 Compartimentos,,malas_acessorios,45,224,1,950,46,10,33
26d114f0b4f14f5e3b3db0e211019777,Luminária Pendente Moderna,,moveis_decoracao,51,582,2,17400,42,35,42
ef22b718807d8b96162d9b021912f178,Fashion Roupa Masculina - 300g - 16x2x11cm,,fashion_roupa_masculina,36,940,2,300,16,2,11
599e5320aef0c7dd9e3fed9b2f673d41,Mouse Óptico USB,,informatica_acessorios,52,1224,2,700,20,20,20
acfc0fd945c522a0d2266d45bcdd91c6,Arranhador para Gatos 60cm,,pet_shop,56,1545,2,625,21,16,17
2029248294c186017ecfc48cecd47bbd,Kit de Poda (Tesoura + Serrote),,ferramentas_jardim,44,586,3,3250,32,14,22
e8f22df5fa5b454907286aa61d6216a8,Tênis Esportivo Masculino 40,,fashion_calcados,57,404,2,1500,22,12,33
4da06dee0a480b5d666886ea00b4d9b3,Cama Mesa Banho - 250g - 32x3x23cm,,cama_mesa_banho,54,228,1,250,32,3,23
39d5f0edfbb6ee4d1c524dd620c0bc7a,Cortador de Grama Manual,,ferramentas_jardim,41,198,1,425,31,6,12
185013b2b9237c14bd26a394d9fda023,Ventilador de Coluna 45cm,,climatizacao,56,1161,1,150,20,8,13
3d1e658dd7dc71b44b125bdd18236fb3,Luminária Pendente Moderna,,moveis_decoracao,56,2028,3,350,68,8,13
5e459bd31247ee46fa95b09556600a6a,Chinelo Slide Unisex 39,,fashion_calcados,44,284,12,300,29,7,16
bb31a27a0b24236c8ce7e0c6264c51ec,Carregador Rápido USB-C 30W,,telefonia,49,276,12,100,19,3,11
99a5e7a2c16478ff3f0ea9c20eb2820f,Aromatizante Automotivo Lavanda,,automotivo,55,1658,3,550,16,21,18
8a2d3285de64b2117fbf83784acd09fc,Limpa Para-brisas 500ml,,automotivo,59,1250,1,250,16,27,15
fdac82e439dafa5f87a9547581532380,Aromatizante Automotivo Lavanda,,automotivo,60,1541,1,1000,26,40,20
b3f29e4bbae3c829f7c4231074c307ee,Lixeira Automática 12L,,utilidades_domesticas,55,998,3,14850,35,102,35
115bc0865dc675638645e1ab5311e30c,Fralda Ecológica Tam M (50un),,bebes,46,726,3,850,42,25,15
e71ba6dc5ef4b3bada7ee8d17304d31e,Teclado Gamer Mecânico RGB,,consoles_games,56,3354,4,1850,28,14,19
062597771ee91356ea34084f28c03a4b,Fashion Bolsas E Acessorios - 300g - 16x2x11cm,,fashion_bolsas_e_acessorios,54,1399,1,300,16,2,11
8d51190d4e52d32e6abf3d0551501114,Carregador Rápido USB-C 20W,,telefonia,61,212,1,200,19,4,11
10d43b23591dde746f32fe6a7beb5bfb,Creme Dental Branqueador 120g,,beleza_saude,46,803,1,150,22,3,15
b0cd550945da1de6eb9cb69595d540df,Bola de Futebol Oficial (Edição Especial),,esporte_lazer,55,1392,1,900,16,16,16
e83ded7d97b96d338c4e72bb1ff7676c,Cortador de Grama Sem Fio,,ferramentas_jardim,52,497,1,1900,44,19,19
ce130b350f529a1d6288f927da7404ea,Cama Mesa Banho - 1kg - 45x10x15cm,,cama_mesa_banho,50,171,1,1450,45,10,15
c04b8195870068ff5c495f269a0bc993,Livros Tecnicos - 1kg - 29x3x21cm,,livros_tecnicos,54,1162,1,1100,29,3,21
454157d7294823cc44ad21d4fe31474a,Raquete de Tênis Júnior,,esporte_lazer,54,1241,5,200,16,11,11
f0737b524fe6b57f2ad4f174ce23a62c,Bola de Futebol Oficial,,esporte_lazer,43,1440,1,12600,20,10,20
bc4a074ab7a7ff14e98fa64671a79dc0,Creme Dental Branqueador 120g,,beleza_saude,21,1000,1,1450,25,25,16
6c3fc3c928cf7d57418923ffea326d9a,Camiseta Geek Estampada,,cool_stuff,49,733,3,800,42,25,15
dc582e9ac5036846acfeeb3093b17aa7,Perfume Aventus 50ml,,perfumaria,50,749,1,1300,22,14,14
e84fb20fe338824c220166d3cd562cbd,Creme Dental Branqueador 120g,,beleza_saude,45,802,1,150,22,3,15
3c2f792f1041177a81913a977431a99e,Webcam Full HD 1080p,,eletronicos,40,549,1,200,20,20,20
bcad5b050c241af2fdc24c51556b297c,Pulverizador de Jardim 2L,,ferramentas_jardim,60,1177,3,11450,23,43,35
0d8c64a12c0e49b2515674c031b965a1,Luminária Pendente Moderna,,moveis_decoracao,54,220,2,2200,20,20,20
e5d860a0fff2e94bd1a406456cc6c4b3,Eletrodomesticos 2 - 13kg - 66x19x67cm,,eletrodomesticos_2,38,2030,2,13200,66,19,67
eca26be90d3b3454dd69a13a05bdb46e,Fashion Bolsas E Acessorios - 200g - 16x2x11cm,,fashion_bolsas_e_acessorios,59,119,3,200,16,2,11
c4344f6de69a96da8febce3f885171f0,Headset Gamer 7.1 Surround,,consoles_games,53,310,1,150,19,11,11
f092eaa771e3dca0bfeca32b5c9d5669,Teclado Musical 61 Teclas,,instrumentos_musicais,51,439,3,3350,30,30,30
debefa981200019b8c4a45d0176125a6,Cama Mesa Banho - 2kg - 42x11x36cm,,cama_mesa_banho,64,702,1,2200,42,11,36
d0877f0094337c414d23f5a3c7bad20c,Mesa de Escritório 120x60cm,,moveis_escritorio,48,489,2,30000,50,50,30
4ed86bcb86407328452ac1c5b3b89d67,Fralda Ecológica Tam G (50un),,bebes,59,255,2,500,30,8,35
e117ca2a90cfd40b93450b0b60f834e4,Cama Mesa Banho - 1kg - 45x10x34cm,,cama_mesa_banho,51,487,1,1800,45,10,34
7af3e2da474486a3519b0cba9dea8ad9,Produto - 200g - 22x14x14cm,,,,,,200,22,14,14
4c303e0fd131aa3fe487c108b5aa8c06,Artigos De Festas - 1kg - 70x11x11cm,,artigos_de_festas,58,134,1,1300,70,11,11
63f7cd79973145c9e6bb11c5fd03e82e,Fashion Bolsas E Acessorios - 150g - 16x9x11cm,,fashion_bolsas_e_acessorios,51,372,2,150,16,9,11
a2bd2eae20998a24c22b110334928b02,Necessaire Viagem 3 Compartimentos,,malas_acessorios,39,278,1,700,19,48,35
55103cbbe0851d3a303a022cc4140628,Necessaire Viagem 3 Compartimentos,,malas_acessorios,32,1064,5,2900,40,55,30
f97d74310019b255120e4316f4515d74,Fashion Bolsas E Acessorios - 200g - 16x9x11cm,,fashion_bolsas_e_acessorios,34,426,4,200,16,9,11
3d649f0e12c7b5f9ec7e00f538cc13f3,Shampoo Anticaspa 500ml,,beleza_saude,45,1886,1,300,16,18,16
9a5a361f3cd6c280f6bf4ffb6207c51e,Pacote de Canetas Esferográficas (10un),,papelaria,41,552,2,200,23,7,15
c354569eefd558bf201d0aedf35608ed,Cama Mesa Banho - 700g - 49x4x50cm,,cama_mesa_banho,55,166,1,700,49,4,50
7f383ce1a13d3d90e3d6074557ee8deb,Película de Vidro Temperado Universal,,telefonia,52,819,4,200,17,13,16
f2a1b32f85cad59ff2a8444154ac25f0,Umidificador de Ar 2L,,climatizacao,51,2959,4,7800,105,10,40
5027a29c73fb3aa5e93eae6867c9a2e7,Caderno Universitário 100fls,,papelaria,53,500,2,550,16,4,11
457c5f8a59156ce6315753d8d788a16a,Relógio Esportivo Resistente à Água,,relogios_presentes,60,460,4,200,16,2,11
3eb0cd17f2bfe15716e113962806a5de,Cama Mesa Banho - 1kg - 30x7x24cm,,cama_mesa_banho,41,208,2,1000,30,7,24
76df076d70248fa44de6ed8c31a1a9b5,Pacote de Canetas Esferográficas (10un),,papelaria,52,219,1,1000,26,8,33
7683fe3e73bd7af6d0f6a6ed497cb04a,Construcao Ferramentas Iluminacao - 1kg - 60x5x30cm,,construcao_ferramentas_iluminacao,49,527,4,1450,60,5,30
e63e00cfcd91a5b34c13e2134671e842,Gaveteiro 3 Gavetas,,moveis_escritorio,41,1071,1,5850,45,55,16
a77e6c93242ae050800cb3e5b98c2fcd,Andador Infantil Musical,,bebes,59,348,2,8300,45,25,45
a1e9b0d76a76ff474f4a4374fcfb8c42,Balão de Voleibol Praia,,esporte_lazer,28,663,1,1800,28,12,18
1dfb36d969d347f56f43590ec42c7b8c,Raquete de Tênis Profissional,,esporte_lazer,50,1212,5,900,26,6,13
ae728f68e1fe806253238e93f2bfc324,Balão de Voleibol Praia,,esporte_lazer,57,1156,1,415,19,19,19
a1d17216996bf0cbba886f91bfd31c77,Carregador Rápido USB-C 30W,,telefonia,51,1015,1,103,21,6,14
22776ebd2bfdf5f55499fd324862a673,Limpa Para-brisas 500ml,,automotivo,42,878,2,500,20,8,14
6b5af19067eeadc0f331687a79ca656b,Caderno Universitário 200fls,,papelaria,62,621,1,600,16,6,11
c72a1a8c3bbe15206d1880cedc7bd791,Teclado Multimídia ABNT2,,informatica_acessorios,59,1238,5,4750,18,22,30
f14aa2ba817ef24ccf7f99c0ccfab59a,Relógio Casual Masculino,,relogios_presentes,37,610,1,263,18,15,16
f2d80346f1dd6986e9e6611db7b708aa,Berço Portátil Dobrável,,bebes,52,446,1,50,16,2,11
1f64ec386a6be322e71596931f5d2377,Colônia Esportiva 150ml,,perfumaria,46,499,1,200,16,22,11
b97114b2893e68400ae867459b491bcd,Cama Mesa Banho - 360g - 36x6x26cm,,cama_mesa_banho,44,331,1,360,36,6,26
ef6aa884e3493fd38cc8ee47d8d79d10,Camiseta Geek Estampada,,cool_stuff,47,1392,1,150,16,7,12
769cc5a32d4e6c7710013f35a73d45e9,Balão de Voleibol Praia,,esporte_lazer,61,211,4,1100,32,5,30
e24f73b7631ee3fbb2ab700a9acaa258,Fashion Bolsas E Acessorios - 2kg - 22x15x20cm,,fashion_bolsas_e_acessorios,60,1118,6,2250,22,15,20
0417855683de23ba1e20e8a358a5ac7c,Carregador Veicular Bluetooth FM,,automotivo,59,633,5,1475,68,9,35
11dc4053871ff53ff79fb1fc7e6b160f,Bola de Futebol Oficial,,esporte_lazer,29,347,1,1600,100,7,11
8729e9bc4b7f0422448d80ed35ae329d,Shampoo Anticaspa 300ml,,beleza_saude,51,1918,1,1650,25,30,20
eced39e6c33db4b865ea46d12dde67d8,Jogo de Blocos 100pç,,brinquedos,59,3492,3,650,35,10,15
bad5bc36e62c12c840045474c6dbe021,Lixeira Automática 5L,,utilidades_domesticas,22,663,1,900,21,34,34
afce90df29b9a0c1bfe5e1033f1197b1,Capa para iPhone 13,,telefonia,42,356,4,75,19,3,11
06efa56b8557e1efcb2c107f55d1a8dd,Kit de Poda (Tesoura + Serrote),,ferramentas_jardim,60,481,4,600,19,7,14
fa9cf28beaafe4f4bec59550f6c76481,Luminária Pendente Vintage,,moveis_decoracao,47,470,3,400,35,6,15
0bb7cb61f1957f79dac582ab66ccdc1f,Tábua de Picar Bambu (3pç),,utilidades_domesticas,45,561,2,553,18,9,15
ad19bca6e0f1919433d7e21d534ddb50,Livro Sapiens: Uma Breve História da Humanidade,,livros_interesse_geral,42,1109,1,900,18,25,16
334995514673fb6bae67885458b52984,Kit de Limpeza Multiuso (5pç),,utilidades_domesticas,37,261,2,250,25,25,25
95578be74a242e7a0eae084908bbb5f8,Cadeira Giratória para Escritório,,moveis_escritorio,38,2088,1,14900,58,28,58
288d91794eb2b14fed9ed5e469cb87c3,Cama Mesa Banho - 1kg - 16x10x16cm,,cama_mesa_banho,52,701,1,1100,16,10,16
f72379337062680ca5a2b7b0275913d8,Espelho Decorativo Ovalado,,moveis_decoracao,56,945,2,2050,30,22,18
24f9f99148480cd31288ed4e7d962e15,Luminária Pendente Vintage,,moveis_decoracao,58,1953,1,850,69,11,11
4c505e52bedf9651c08793647c925e65,Cama Mesa Banho - 350g - 16x10x16cm,,cama_mesa_banho,58,744,1,350,16,10,16
77c0d362526797bf132aaf564b1e436d,Kit de Poda (Tesoura + Serrote),,ferramentas_jardim,45,616,3,1400,20,20,30
c23381297fa734ea441a15d723199fb5,Teclado Mecânico RGB,,informatica_acessorios,60,789,4,200,20,20,20
8b6a57fbcf171e0a44f97af7af858939,Pendrive 32GB USB 3.0,,informatica_acessorios,18,389,2,617,17,14,17
78bd107dbc2f94f453c1bac8d2b4ede1,Tábua de Picar Bambu (3pç),,utilidades_domesticas,21,718,1,2600,16,41,41
ef76ea9ee88ad60b9680c7635f2baaa8,Bebidas - 200g - 20x9x14cm,,bebidas,57,497,1,200,20,9,14
c8a0fe4fb537a7864e6aca0477a6da9c,Cama Mesa Banho - 2kg - 49x16x39cm,,cama_mesa_banho,44,305,1,2000,49,16,39
6bb81626d06fafb4d7eab61ac9ed70c6,Protetor Solar FPS 50,,beleza_saude,42,167,2,266,20,8,18
9339df4b551cc289617ed742b9af7925,Película de Vidro Temperado Universal,,telefonia,54,409,1,200,19,4,11
09c3d39641970009c198caed304ccfc4,Fralda Ecológica Tam M (50un),,bebes,52,1659,1,300,68,7,13
7130a7cfbe3bb2f11f6524e0cec6eafe,Ração Seca Cães Adultos 15kg,,pet_shop,59,140,1,300,16,16,16
76fffd0056ad48fbddac939c05e05cff,Relógio Esportivo Resistente à Água,,relogios_presentes,54,182,1,200,16,2,20
e05646078b508ff048d63d3af7775ca1,Eletroportateis - 1kg - 20x16x20cm,,eletroportateis,58,613,1,1300,20,16,20
15571dce56ff7d152dab99a0bc8354d5,Raquete de Tênis Júnior,,esporte_lazer,50,1530,4,482,18,11,16
c571bd52d56c393e52b38a593da5950f,Cama Mesa Banho - 550g - 16x10x16cm,,cama_mesa_banho,54,223,1,550,16,10,16
2efbce46d36d9af306d4300db163b276,Shampoo Anticaspa 300ml,,beleza_saude,48,762,1,270,16,16,15
a453b4ccccf554efba31d5ada5a59a60,Carregador Rápido USB-C 30W,,telefonia,60,818,6,300,17,4,12
0d79e2972015716ede4fabeb5b60f8c6,Market Place - 2kg - 40x25x30cm,,market_place,50,257,3,2150,40,25,30
2068e3435a38f6a3cc95ba89a96378ab,Aromatizante Automotivo Lavanda,,automotivo,58,894,1,3300,35,20,20
28e410092e56a080e14595c053d0bbe8,Colônia Nativa 200ml,,perfumaria,45,416,1,200,16,16,16
c5c66926b3f964b8cf9e7dfb1150d13e,Balão de Voleibol Praia,,esporte_lazer,41,128,1,200,21,9,13
3488d2ce36e718097c1509444289ef7f,Ámbar Noche Eau de Parfum,,perfumaria,40,1176,1,514,18,12,15
a0ff95d002b9e836b60b47e97a200f93,Cimento Portland 50kg,,casa_construcao,37,426,2,3100,38,28,28
068ceaa8a3d9d385cbf53d5335f89f80,Kit de Limpeza Multiuso (5pç),,utilidades_domesticas,42,395,1,1200,27,18,23
a7b42937ab954b0e03bcf6cc35209940,Raquete de Tênis Júnior,,esporte_lazer,56,813,2,250,16,10,16
fea2f92877b647dc07ea8e3f4aa2cf3f,Boneca Articulada 30cm,,brinquedos,35,537,2,7400,45,29,53
b52e7c92200ed9874e77bc09b5ed4d40,La Cuisine - 7kg - 55x15x55cm,,la_cuisine,57,232,1,7600,55,15,55
a8bb7885faf316d9a5062d42d2b2fba4,Bola de Futebol Oficial,,esporte_lazer,50,844,1,875,40,26,20
63f52009dc3ddb733394e80183aed0f0,Prateleira Flutuante para Livros,,moveis_decoracao,58,1047,3,700,35,7,27
2de11f4242720888f88ebe396a8332f7,Cadeira Presidente Ergonômica,,moveis_escritorio,58,869,2,900,17,10,15
62224b433a431310bf27129938ad9f64,Bola de Futebol Oficial,,esporte_lazer,28,733,6,700,49,12,27
b2083bcfc8768380dd0e31d612e96d08,Cama Mesa Banho - 1kg - 16x10x16cm,,cama_mesa_banho,53,628,2,1100,16,10,16
93719014f156d3fa9e0511cd0ab96315,Caneta 3D Iniciante,,cool_stuff,34,443,7,1150,28,10,25
f86faff2fff9d021e363dc81bfd16930,Suporte de Celular Articulado,,cool_stuff,53,304,1,900,25,10,25
629beb8e7317703dcc5f35b5463fd20e,Produto - 1kg - 25x25x25cm,,,,,,1400,25,25,25
5563f6b699b362e1bd6a2e1e650f52bd,Livros Tecnicos - 2kg - 29x5x21cm,,livros_tecnicos,60,1265,1,2050,29,5,21
7e437c1d65a7baab7e7ca6c9f4e98b84,Creme Dental Branqueador 90g,,beleza_saude,57,1571,1,2150,28,32,11
012dd0e1c1f14325ee35f06748329355,Creme Dental Branqueador 120g,,beleza_saude,58,1690,4,490,30,5,25
b72e63f4630dcaded1689b28efa4c583,Trem Elétrico com Luzes e Som,,brinquedos,59,1272,5,1000,30,13,30
e791e580a2421e4471aebb0629c705c1,Teclado Mecânico RGB,,informatica_acessorios,57,991,4,200,16,4,14
aeeb6146e21d11416d01b0e03c2de06e,Tábua de Picar Bambu (3pç),,utilidades_domesticas,31,580,2,500,19,13,20
e91f30f35875789d4b7d14610aa88c15,Cama Mesa Banho - 500g - 16x10x16cm,,cama_mesa_banho,50,208,1,500,16,10,16
3a78f64aac654298e4b9aff32fc21818,Produto - 4kg - 30x10x48cm,,,,,,4300,30,10,48
ff7ac89ca5b77d0fb5f8a65262d73956,Perfume Aventus 100ml,,perfumaria,46,483,1,1000,20,14,13
1684f99c7e0e67403e52a7783366870f,Carregador Veicular Bluetooth FM,,automotivo,60,651,5,4200,78,4,47
7715f7da32957a84ad267799121a90e2,Colônia Nativa 200ml,,perfumaria,60,773,1,350,16,11,11
ac1290e4432c1f2662b71ac47da47691,Carregador Rápido USB-C 30W,,telefonia,43,533,2,125,19,3,11
b23cfa104a0f297458ecebea590a33d5,Película de Vidro Temperado Universal,,telefonia,46,660,2,100,19,3,11
5b488b474a4f2519b7826390b1873a58,Tábua de Picar Bambu (3pç),,utilidades_domesticas,60,1206,4,4100,51,31,31
ce8a29973a1fed3f8d22ea5514d9ea07,Smartwatch Série 7,,eletronicos,56,505,2,200,20,20,20
4c7d111494b1116a2bec5e2d940e3439,Headset Gamer 7.1 Surround,,consoles_games,39,319,4,300,23,3,11
4803f125e17a7b5fc363202349fbf14f,Organizador de Gavetas 3 Níveis,,utilidades_domesticas,55,871,7,8400,50,28,31
7db409a594f815ca2267b5383d139ee7,Lixeira Automática 5L,,utilidades_domesticas,60,314,1,1550,46,10,35
8fec581a22f1e87d7e0f0a0da4626a82,Tábua de Picar Bambu (3pç),,utilidades_domesticas,17,395,1,600,17,17,18
2ac6c3f94b62b0d60ac5b907bdb42cd4,Fashion Bolsas E Acessorios - 200g - 16x2x20cm,,fashion_bolsas_e_acessorios,56,1410,1,200,16,2,20
ad0e74d7a7848008daa87492dff8db9f,Aromatizante Automotivo Lavanda,,automotivo,57,1631,3,500,16,21,18
65ded196f8f1dbea9916be9b6fcfa0b7,Construcao Ferramentas Ferramentas - 1kg - 22x17x20cm,,construcao_ferramentas_ferramentas,50,289,1,1250,22,17,20
a4944a8b60acfe399f15f45892bc5639,Teclado Mecânico RGB,,informatica_acessorios,52,260,1,667,27,19,20
a314a62cff3e5725f545fa263aed7a7b,Cama Mesa Banho - 300g - 40x4x30cm,,cama_mesa_banho,48,120,1,300,40,4,30
f159439c5c382fae366d444e05c590c1,Colônia Nativa 200ml,,perfumaria,52,365,1,400,18,18,12
083178fd17a5d863811733e46fc529ef,Raquete de Tênis Júnior,,esporte_lazer,38,256,3,450,25,25,25
8eed5d27f5b8c6248731efb4782f6141,Limpa Para-brisas 500ml,,automotivo,41,1510,1,2800,16,2,11
39fab2af0c4e38ee29c6b8e05c81f93a,Prateleira Flutuante para Sala,,moveis_decoracao,60,438,1,250,20,6,11
70c325280f670aee445babb3400cf804,Luminária Pendente Vintage,,moveis_decoracao,51,535,1,250,35,5,25
f3dadecca4b876a315481c79b8adcf16,Coleira Antipulgas 8 Meses,,pet_shop,50,365,3,300,24,12,12
bcb815bba008d89458e428078c0b9211,Produto - 150g - 16x2x11cm,,,,,,150,16,2,11
e3ace35fe59021565fa9989acfdf8f3a,Prateleira Flutuante para Livros,,moveis_decoracao,28,196,2,1000,35,25,25
f9f899bf492ac59cf645a6c93eb91e05,Prateleira Flutuante para Livros,,moveis_decoracao,29,764,1,6267,36,40,36
590d6cb76092faa04d717fe406c66f88,Bola de Futebol Oficial (Edição Especial),,esporte_lazer,46,254,1,2653,53,15,36
f0e14d7b2230a53543506024021cc3ef,Luminária Pendente Vintage,,moveis_decoracao,58,2130,2,3000,69,11,11
c01cc7b6054e22d68972a35df1e0c249,Aromatizante Automotivo Baunilha,,automotivo,54,1636,1,8500,18,29,13
2ca9132c1c90ff5060c3ff9047904e5a,Raquete de Tênis Profissional,,esporte_lazer,43,877,1,2120,26,25,25
2043cae78c8b731c405c7329a05154b2,Eletroportateis - 750g - 30x30x30cm,,eletroportateis,52,640,3,750,30,30,30
89904bec271974d069685a6568091c8a,Protetor Solar FPS 50,,beleza_saude,40,684,2,200,16,16,12
3bcf64d8d26d6e06bd568d27fe31d8e8,Cama Mesa Banho - 1kg - 35x20x30cm,,cama_mesa_banho,56,198,1,1650,35,20,30
47de5f36ace720b578ca1b30d0b45b8d,Teclado Mecânico RGB,,informatica_acessorios,53,192,1,900,26,13,21
97250c682244b5b6618aec504ceb9656,Lixeira Automática 5L,,utilidades_domesticas,55,783,1,150,32,5,16
df1ff6c9a263464ba1ea7cd3de5e8633,Tábua de Picar Bambu (3pç),,utilidades_domesticas,52,202,1,800,31,5,21
603751cec205d947f27ef1ab32b7fb26,Caneca Criativa 350ml,,cool_stuff,22,683,3,700,20,20,20
17da5d80ea0eeabd565083183027d588,Bebidas - 700g - 20x20x20cm,,bebidas,59,879,1,700,20,20,20
b5d214651360e2d58e13b48ae69c6199,Andador Infantil Musical,,bebes,46,1654,6,10400,100,23,27
a2f4e28e50f60566eeb99f842ffc0fd9,Violão Acústico Clássico,,instrumentos_musicais,57,374,1,5850,40,9,105
9d0a2db5144d569d5ce5375bb0f4de36,Cama Mesa Banho - 75g - 17x12x17cm,,cama_mesa_banho,39,347,1,75,17,12,17
41ae9f1ae64408cbe2b980a3227f04b3,Caderno Universitário 100fls,,papelaria,55,1349,2,1000,27,10,20
8f9dc141063eb39ea09a9df984895c50,Carregador Veicular Bluetooth FM,,automotivo,45,764,4,1475,32,28,28
05d7deab2f99410d5fa21a75deaa1fad,Fashion Bolsas E Acessorios - 750g - 36x18x36cm,,fashion_bolsas_e_acessorios,52,1383,4,750,36,18,36
84a77e7e0bd4806ffd493e8a8c37737d,Marcador Permanente Preto (12un),,papelaria,52,145,10,3600,36,8,15
1fd78e3ef5fc49eddd84e82c035b682c,Luminária Pendente Vintage,,moveis_decoracao,42,461,3,2200,28,28,38
955821b9200f75f399d091f381821044,Fogão 4 Bocas Inox,,eletrodomesticos,47,82,1,150,20,13,15
32e12dbd1df2c2b6831ba26dc8325d1f,Cimento Portland 50kg,,casa_construcao,58,247,1,1750,30,20,30
48aaba1523759485364bcd94f4d4c4f5,Raquete de Tênis Profissional,,esporte_lazer,54,1162,4,1300,44,8,30
dd2ca29c9d0f93d3b1d28d7d7ee3025c,Moveis Sala - 7kg - 33x25x33cm,,moveis_sala,24,356,2,7750,33,25,33
cc95f2435cc780a6992154d6a29ff226,Organizador de Gavetas 3 Níveis,,utilidades_domesticas,46,616,1,3100,32,26,21
1c36a5285f7f3b1ed2637d7c528ce5ff,Necessaire Viagem 5 Compartimentos,,malas_acessorios,21,769,4,1600,55,37,30
d899300bb0834fde956e80ce7ca0c958,Relógio Casual Masculino,,relogios_presentes,58,635,2,350,19,13,13
9f22d89800e8f59f79d50aa9d732f5e2,Shampoo Anticaspa 500ml,,beleza_saude,50,355,1,888,18,17,18
7486c1fa8968fae4af4c32882f72dbe6,Mouse Óptico USB,,informatica_acessorios,39,160,3,150,16,4,14
80a96c144008b8446632f872d3b1a3ed,Tábua de Picar Bambu (3pç),,utilidades_domesticas,46,193,1,1025,25,23,25
46a44fef61c4835cb2cc8f39f0ce0752,Lixeira Automática 12L,,utilidades_domesticas,63,261,2,250,20,9,12
d2fac83bdc41acb845baf953df64155a,Cama Mesa Banho - 450g - 45x15x35cm,,cama_mesa_banho,56,509,4,450,45,15,35
dbb00dd9b017066946537423958bd4ea,Protetor Solar FPS 50,,beleza_saude,50,546,1,1000,16,12,13
b2cadfc2d6da74fba3a372470641ba61,Kit de Limpeza Multiuso (5pç),,utilidades_domesticas,26,201,1,400,16,9,12
bb8248b78690e295b4978f78009e4b94,Capa para iPhone 13,,telefonia,56,367,3,150,21,7,14
3931aaf38ba4cc928100541ff51b82ff,Mouse Óptico USB,,informatica_acessorios,45,554,3,400,16,4,16
8cf7e354e6d9f04a09f4d59bc77dcc8e,Construcao Ferramentas Jardim - 9kg - 56x30x28cm,,construcao_ferramentas_jardim,55,749,1,9500,56,30,28
1a986b4015f20a3c26d8573a46dcf65e,Luminária LED Multicolorida,,cool_stuff,46,269,1,300,34,5,27
2ae501b303a5a8e6f75c8c36f366b2d5,Perfume Aventus 100ml,,perfumaria,30,138,1,150,22,7,16
f28fd17099749b33b6e5081515b2e797,Cama Mesa Banho - 550g - 30x5x25cm,,cama_mesa_banho,44,421,1,550,30,5,25
4732ecf5e4abee8f7ff4d1b8df0f7af5,Aromatizante Automotivo Baunilha,,automotivo,39,1571,3,1100,37,12,30
fe849745fcdc6e1d6864539a2b13197f,Protetor Solar FPS 50,,beleza_saude,46,841,1,300,19,12,13
6b82874c6b51b92913dcdb364eaaae0f,Produto - 21kg - 70x34x50cm,,,,,,21450,70,34,50
7193329f650facb78de86a2e0b771e2f,Shampoo Anticaspa 500ml,,beleza_saude,57,1668,1,850,18,10,14
28f71b48a5f99f0bcf4642ae10352557,Relógio Casual Feminino,,relogios_presentes,42,431,2,500,17,22,17
afa6d9a2f3ba0d5b06ccd5eb4bd2e29a,Balão de Voleibol Praia,,esporte_lazer,54,675,1,750,26,23,23
12827caf723c4ff8030d64dcffe3cdab,Shampoo Anticaspa 300ml,,beleza_saude,59,3939,6,150,28,13,12
53f92b0474f91fcb5bd188c6a8075c38,Organizador de Gavetas 3 Níveis,,utilidades_domesticas,54,2952,3,30000,76,51,51
52a646aa308987e28c375b41081de428,Sinalizacao E Seguranca - 325g - 17x17x17cm,,sinalizacao_e_seguranca,53,512,1,325,17,17,17
5d2754abdc85429bc7a4c37d52fbea43,Fashion Bolsas E Acessorios - 200g - 16x2x11cm,,fashion_bolsas_e_acessorios,53,770,1,200,16,2,11
4723ab93377036eb7e0c15dfca8c8ce6,Capa para iPhone 13,,telefonia,50,561,3,200,19,3,12
29608c81e9f1be14503667ecd1d35c63,Bola de Futebol Oficial,,esporte_lazer,52,473,1,200,20,15,15
c68b419d9c6038271b85bac98adb0fc9,Produto - 1kg - 16x14x30cm,,,,,,1000,16,14,30
e19c8e70d39de9646d64163a66051797,Fashion Roupa Masculina - 800g - 20x7x20cm,,fashion_roupa_masculina,32,713,2,800,20,7,20
0c03a930e654a5f1ea08f95a5c67d076,Shampoo Anticaspa 300ml,,beleza_saude,48,589,1,700,20,16,17
ba17dd83b93da33a4483ba301644f40a,Relógio Esportivo Resistente à Água,,relogios_presentes,60,394,6,250,16,2,11
1dce3fd38c13a3e74fe5000f33858442,Limpa Para-brisas 1L,,automotivo,58,674,3,1800,22,10,18
4e80e5fbd1f7a5e67501d0e1573abf98,Relógio Casual Feminino,,relogios_presentes,51,393,1,300,19,13,13
75747bce1abad71ec9edfb9ca6dd509c,Livros Tecnicos - 450g - 29x2x17cm,,livros_tecnicos,42,492,1,450,29,2,17
2b1e141d70cf9e03eae19784eb427c24,Teclado Multimídia ABNT2,,informatica_acessorios,57,761,1,400,16,21,15
d806210810eb8942d0ea5b17967bb1c4,Caneta 3D Iniciante,,cool_stuff,59,988,1,1635,23,30,17
6a23ae3187f1dac41b7210a8c7739d6b,Espelho Decorativo Ovalado,,moveis_decoracao,52,832,1,750,20,35,20
bcb8826a092a057aedd93bb71d67c24d,Protetor Solar FPS 50,,beleza_saude,54,340,1,500,24,20,24
f102842fbe436027eeeb7fc76d3063aa,Controle com Fio para Xbox Series X,,consoles_games,59,434,3,350,20,20,20
05d26098907b7bd26c0f92feefd10eae,Jogo de Blocos 100pç,,brinquedos,43,389,1,200,18,13,16
4d777d8c652076edf63299034cc4c599,Cama Mesa Banho - 950g - 26x15x19cm,,cama_mesa_banho,60,166,3,950,26,15,19
265928225c1358e74bf8668ff65096f3,Jogo de Blocos 100pç,,brinquedos,25,119,1,300,16,17,11
860dd3635c61aba2d7ddea90b7d471b2,Creme Dental Branqueador 90g,,beleza_saude,50,1083,2,452,20,11,18
ee2405458ecf90c4d6e1c55a9680de91,Boneca Articulada 30cm,,brinquedos,60,919,2,17650,45,50,45
45852eb1811c96c22787d9a3cb3875dc,Cama Mesa Banho - 1kg - 35x9x35cm,,cama_mesa_banho,56,393,2,1100,35,9,35
b4a595a550a377a81bf10d27821fab6d,Lixeira Automática 5L,,utilidades_domesticas,58,235,5,5250,35,15,35
44d958961868395bfe852e70d48081f4,Boneca Articulada 30cm,,brinquedos,31,254,1,200,16,10,11
5b706747080dcd34b3ebd803c25ccd65,Relógio Casual Masculino,,relogios_presentes,52,654,4,340,47,13,13
4a37bc772078a013df64fd661ae5ee6c,Protetor Solar FPS 50,,beleza_saude,57,677,1,750,16,16,16
120ed962437fbd2a403ab98f630d8e85,Cama Mesa Banho - 2kg - 33x10x33cm,,cama_mesa_banho,58,430,1,2650,33,10,33
eae50b5c9a18c296b7fa904cf04406a5,Prateleira Flutuante para Sala,,moveis_decoracao,58,477,1,300,35,10,25
6ba4f83d1c821bb17fe0a917881258d4,Organizador de Gavetas 3 Níveis,,utilidades_domesticas,50,1123,1,13600,16,65,60
477e9dd0ec1da08376e3e29bf434add9,Martelo de Aço 800g,,construcao_ferramentas_construcao,59,711,6,1250,30,10,20
6668e2c5a29f47a016858f28a3673e4a,Cama Mesa Banho - 3kg - 33x14x33cm,,cama_mesa_banho,50,627,2,3950,33,14,33
dfc767a34d7f9f8ee72a3e9b5ed55f89,Pendrive 32GB USB 3.0,,informatica_acessorios,32,1095,2,400,38,2,29
2b27cb23faa03f71607fcdd1539387f3,Necessaire Viagem 5 Compartimentos,,malas_acessorios,59,857,7,1100,35,14,29
ecac3b74dce5ab6c6a7b9eda9216cfcc,Shampoo Anticaspa 500ml,,beleza_saude,45,379,3,200,16,16,16
1b726b3b028ce5af355fc94c066520d7,Sanduicheira Elétrica Grill,,eletrodomesticos,60,230,1,425,39,17,39
8aebbc3445bef4a356ae41d226a7b5da,Lixeira Automática 5L,,utilidades_domesticas,43,1129,1,22050,55,40,60
a963ea4d494221de09b70f1b4a70edbd,Teclado Multimídia ABNT2,,informatica_acessorios,58,240,1,150,35,8,11
ae48f03d1836c1021bf0babdf8b63dbb,Organizador de Gavetas 3 Níveis,,utilidades_domesticas,46,290,1,800,20,8,20
67085b88a68c08cfe73132310f0574f3,Prateleira Flutuante para Livros,,moveis_decoracao,57,209,11,800,40,8,35
c51dc74a8b5018e82e9e44ef4b647227,Colônia Nativa 200ml,,perfumaria,60,418,1,650,16,10,11
89f46d1e213867388c2fac6078f5c06d,Fashion Roupa Feminina - 500g - 16x2x11cm,,fashion_roupa_feminina,43,754,2,500,16,2,11
37c8b2425c9c0455491b06ad8671c224,Caneca Criativa 350ml,,cool_stuff,57,1255,4,198,17,9,15
1dcd65bb5dd967d7b4c6b0223cefb838,Produto - 9kg - 33x30x44cm,,,,,,9150,33,30,44
8de2d2a80d4900fc699d4f52fbe8c43a,Kit de Limpeza Multiuso (5pç),,utilidades_domesticas,27,868,2,500,22,16,16
743faa1bbabdf4abcbd2443fcc33fca9,Lixeira Automática 5L,,utilidades_domesticas,41,687,2,950,27,30,27
5ec9cc4e1217d387b9fedfa362b7bc24,Carregador Veicular Bluetooth FM,,automotivo,56,1310,1,3750,42,19,25
d24659126d5bbd0b1bacba3e8d17a978,Bola de Futebol Oficial (Edição Especial),,esporte_lazer,32,513,3,250,16,6,20
88316766399e9545cb650c3ab70208a0,Fashion Bolsas E Acessorios - 100g - 17x3x12cm,,fashion_bolsas_e_acessorios,42,361,1,100,17,3,12
7c1043bb5837db0c6bc1953419a18628,Caderno Universitário 100fls,,papelaria,59,495,7,800,22,7,15
dfa872802d781798321a10f1ddadea82,Construcao Ferramentas Seguranca - 200g - 17x7x17cm,,construcao_ferramentas_seguranca,58,1720,3,200,17,7,17
593236d0ff46b4299b4787fb8d43f7f0,Industria Comercio E Negocios - 7kg - 16x103x25cm,,industria_comercio_e_negocios,44,1396,2,7225,16,103,25
984a3b9f9bb4c8feb319da951212696e,Camiseta Geek Estampada,,cool_stuff,20,740,1,50,40,30,50
2a27bdf5d36c733df107a86e44370254,Shampoo Anticaspa 300ml,,beleza_saude,52,1976,3,425,20,9,18
060ea530ba6184d49f7b1cc031c4c97e,Cama Mesa Banho - 950g - 50x5x50cm,,cama_mesa_banho,54,383,1,950,50,5,50
60e68dc2013929af2b3b5408e2da87fd,Trem Elétrico com Trilhos,,brinquedos,52,397,5,550,32,11,20
28a4dc65b49348e9de7f1aa7bfbabfd8,Eletrodomesticos 2 - 14kg - 41x55x31cm,,eletrodomesticos_2,59,319,7,14350,41,55,31
b1060f179d7f706565e347fbe00bf1b8,Protetor Solar FPS 50,,beleza_saude,32,1046,1,328,20,14,18
f66bfba86b78fa48e0834bb209e1555a,Cama Mesa Banho - 1kg - 58x15x46cm,,cama_mesa_banho,32,306,1,1950,58,15,46
74c94099baac38d7d352195da981626a,Protetor Solar FPS 50,,beleza_saude,36,642,1,700,16,40,11
270c3d76b5efb36480487920cec3e167,Sanduicheira Elétrica Grill,,eletrodomesticos,57,335,1,1250,22,11,20
f911903162e5c7cfa48e5b803068b091,Furadeira de Impacto 500W,,construcao_ferramentas_construcao,56,290,2,400,20,5,20
3a9705b35192e14929ed984f99ae4f65,Bola de Futebol Oficial,,esporte_lazer,55,936,3,2320,63,33,17
96bcd2d5266412b1a43593fe5b904536,Kit de Poda (Tesoura + Serrote),,ferramentas_jardim,41,394,1,2700,16,30,25
c20fbbd4ccf2f7da70e150689a6a905f,Perfume Aventus 100ml,,perfumaria,47,723,1,455,21,15,17
e8221ea20065e9f3bd2efda98b807cd3,Fashion Bolsas E Acessorios - 150g - 16x6x20cm,,fashion_bolsas_e_acessorios,38,366,3,150,16,6,20
9b76503b35ee45adf532e291d5c7de0d,Cama Mesa Banho - 2kg - 45x25x35cm,,cama_mesa_banho,51,115,1,2200,45,25,35
049b55359c60ea6403938b9e408f40b8,Cama Mesa Banho - 1kg - 37x23x35cm,,cama_mesa_banho,49,297,2,1400,37,23,35
e6d528652daa9f45b90b855c0596bfbf,Casa Conforto - 450g - 45x15x35cm,,casa_conforto,55,200,2,450,45,15,35
386486367c1f9d4f587a8864ccb6902b,Cama Mesa Banho - 835g - 40x9x33cm,,cama_mesa_banho,54,120,1,835,40,9,33
84db874a1a2d895b0eece26cc9bb3dd3,Caneta 3D Iniciante,,cool_stuff,55,418,2,1250,36,16,24
483df9288035696f34225a7047591d13,Teclado Mecânico RGB,,informatica_acessorios,34,2457,1,550,26,17,17
fac0337908b983ba98c810f03d25f278,Cama Mesa Banho - 3kg - 20x30x30cm,,cama_mesa_banho,49,729,1,3850,20,30,30
0de11423be68ad641c9be1135450074c,Camiseta Geek Estampada,,cool_stuff,63,877,6,7000,22,52,27
d4de08feff9533e02efa79613935336e,Cama Mesa Banho - 1kg - 19x17x22cm,,cama_mesa_banho,53,681,1,1250,19,17,22
91e6a181c1ebe734ab459822cee89763,Relógio Esportivo Resistente à Água,,relogios_presentes,47,528,3,850,48,16,25
b687f7d54b34a215172bf55f9584584a,Kit de Poda (Tesoura + Serrote),,ferramentas_jardim,49,374,1,900,30,10,20
7e34dea6bf1b26c294d48bfc3fa41d9e,Fashion Underwear E Moda Praia - 400g - 16x5x11cm,,fashion_underwear_e_moda_praia,63,3140,11,400,16,5,11
af8215adef2df1e9e66642f159e81e55,Relógio Casual Masculino,,relogios_presentes,52,585,1,400,20,11,19
644ede1cd3a7b877de774c66fd4abc78,Bola de Futebol Oficial (Edição Especial),,esporte_lazer,52,682,2,1100,24,16,15
8bfd18c7b7358231b2a3f9ae98eed105,Pulverizador de Jardim 2L,,ferramentas_jardim,57,365,6,850,24,13,18
35255921c732e0e9319097469d856cd5,Relógio Casual Masculino,,relogios_presentes,54,630,6,400,18,11,15
ed9b924bdbd0fd22c60aba6dddfbb6e5,Audio - 675g - 22x9x16cm,,audio,60,1046,1,675,22,9,16
7a33d7a1a85cb7db38bacbcc212a6013,Creme Dental Branqueador 120g,,beleza_saude,56,483,2,175,19,12,13
32f186a3f6239888c37adf90db857098,Alimentos Bebidas - 1kg - 18x17x16cm,,alimentos_bebidas,57,1322,1,1350,18,17,16
505bdfe93e66810bd2dfd42bcc61976b,Teclado Mecânico RGB,,informatica_acessorios,60,1503,5,588,20,17,15
216b222c2a8c6918d4203f3cbefb8568,Organizador de Gavetas 3 Níveis,,utilidades_domesticas,41,897,1,450,20,10,20
bc86251d831265a9937ccfccecd6c224,Limpa Para-brisas 1L,,automotivo,59,867,5,1500,68,9,33
d6d759f5b4285a0cc72404efa8c19632,Bola de Futebol Oficial,,esporte_lazer,25,267,2,1550,35,30,40
b3bcd6f54c943fecf8f51e0b988e5cc9,Shampoo Anticaspa 300ml,,beleza_saude,46,1969,1,683,31,16,16
2a763f02c6a7a8ab7c1be0460ff891d0,Luminária Pendente Moderna,,moveis_decoracao,53,575,1,2500,35,9,25
fc37e09bb4dadd1eef5e92e954b1c72e,Fralda Ecológica Tam M (50un),,bebes,51,1243,2,500,30,6,23
ffc9d90bae2127e6a6ce6d6654267ebd,Bola de Futebol Oficial (Edição Especial),,esporte_lazer,52,1113,2,300,20,34,44
9746ab6f7694c5e2fc9fe14befbb5c18,Creme Dental Branqueador 120g,,beleza_saude,44,820,1,350,16,16,15
c8149a123a4dccdd873b3de1e7867bba,Suporte de Celular Articulado,,cool_stuff,51,425,1,250,16,12,11
0eb8e03d4ef83152c4642b606b5bbdec,Espelho Decorativo Ovalado,,moveis_decoracao,47,348,1,2900,40,10,35
3f9d819e1669be4865fdcd717968bb4e,Teclado Multimídia ABNT2,,informatica_acessorios,23,1036,2,200,16,2,11
bdb0b11a36aed4d0d862a7037c838560,Carregador Rápido USB-C 20W,,telefonia,45,742,3,383,16,12,13
464383c22e65860826cf78650fe0f4e4,Headset Gamer 7.1 Surround,,consoles_games,49,781,5,200,16,16,16
9ead3847aad283a0842bde7ad9a9e7b3,Teclado Mecânico RGB,,informatica_acessorios,56,1173,1,1300,30,16,16
c4df35b0ef8a1996cd7118d81c1632ad,Bebidas - 4kg - 16x15x11cm,,bebidas,44,744,1,4300,16,15,11
13387d462f74993d258b62f8f85fd9b8,Protetor Solar FPS 50,,beleza_saude,53,2610,2,150,16,7,12
c244b71b9f393724eaf2792a96427931,Prateleira Flutuante para Sala,,moveis_decoracao,59,589,1,400,17,8,17
f303e2cdf0967ef1a153d12f2685d280,Cama Mesa Banho - 1kg - 25x10x25cm,,cama_mesa_banho,58,262,1,1400,25,10,25
e1bb819e98ca4d6153c28872921f171e,Carregador Veicular Bluetooth FM,,automotivo,56,1108,6,450,20,15,15
cc68bcd2a2720e95aef8b6cb71f62ed9,Balão de Voleibol Praia,,esporte_lazer,54,660,1,154,17,10,13
88d1ed18fd38fa0ffeeb4b517ca42a9d,Tábua de Picar Bambu (3pç),,utilidades_domesticas,55,132,1,470,21,23,21
671446e8e3aa3df1eca47b6c354a2921,Produto - 5kg - 33x22x33cm,,,,,,5500,33,22,33
d400b62525c30cb8ec0786613bb0d93f,Eletroportateis - 650g - 16x10x16cm,,eletroportateis,58,613,1,650,16,10,16
9fa0c72476690fbc66bcacc498fe7fd6,Teclado Multimídia ABNT2,,informatica_acessorios,34,1122,2,100,18,11,14
1fa4ef78e1b8f0afea31e4ae9578affd,Cama Mesa Banho - 1kg - 40x20x20cm,,cama_mesa_banho,55,739,1,1600,40,20,20
e619ceb6b2a4196772ddaa5c6e0368a7,Luminária Pendente Moderna,,moveis_decoracao,52,646,1,400,16,30,20
4079a95ae53890e5c268117864020aa8,Cama Mesa Banho - 2kg - 33x7x37cm,,cama_mesa_banho,60,298,1,2350,33,7,37
3e12358032a6a599d25d9fd630cec2e1,Tábua de Picar Bambu (3pç),,utilidades_domesticas,52,1301,1,975,31,12,21
9ff668529410eefd5bca723acb4834c1,Prateleira Flutuante para Livros,,moveis_decoracao,59,439,1,1800,30,6,20
ebf6a0215aa3523486a430e93f6d56ec,Cama Mesa Banho - 1kg - 32x5x30cm,,cama_mesa_banho,54,687,2,1150,32,5,30
a878ce3514b37e8bfeac8f881438b775,Cama Mesa Banho - 1kg - 19x17x22cm,,cama_mesa_banho,58,678,1,1250,19,17,22
ae6476ef6cf588ccb0bd009b62359b97,Creme Dental Branqueador 120g,,beleza_saude,60,950,2,1300,42,12,20
f0ea71b6e2ab4cb3bd8f5ba522a25a56,Produto - 1kg - 30x20x30cm,,,,,,1300,30,20,30
fedccbd5e370e8ddb7aae6fb4cb70347,Produto - 1kg - 20x20x20cm,,,,,,1200,20,20,20
38650206798cd31f659906705a0eff70,Prateleira Flutuante para Sala,,moveis_decoracao,58,275,1,1800,45,14,35
43267ceb81c34b7d49decd624671ccfa,Cortador de Grama Sem Fio,,ferramentas_jardim,54,2155,1,509,17,13,13
0011c512eb256aa0dbbb544d8dffcf6e,Aromatizante Automotivo Baunilha,,automotivo,58,177,1,100,16,15,16
61a53738adc5c0e8d243553320f9ba1c,Raquete de Tênis Profissional,,esporte_lazer,59,1104,1,8809,52,52,17
ef1c1ac9af94321c7af51e984279cb6b,Furadeira de Impacto 500W,,construcao_ferramentas_construcao,58,138,6,14900,48,30,48
457953cd3ce26e8f7c9037bfb9e19b14,Luminária Pendente Moderna,,moveis_decoracao,56,296,2,1050,100,7,15
54af11c815f92135fb554bd9c97dd418,Cama Mesa Banho - 950g - 29x10x25cm,,cama_mesa_banho,57,520,1,950,29,10,25
5657897eec3381c5a9aaf19be83f16e2,Camiseta Geek Estampada,,cool_stuff,35,377,2,500,19,17,25
afb0d399cb1dec68de437eec41c94fad,Carregador Rápido USB-C 20W,,telefonia,58,733,6,100,18,6,14
73c15f15e628e4ec389e0ed1cec48b15,Suporte de Celular Articulado,,cool_stuff,45,3033,5,12400,35,35,50
37d2e3656244fd840ebd0460360455cd,Pacote de Canetas Esferográficas (10un),,papelaria,36,215,1,700,45,10,31
25a675783383c8e0aa707b7e9063c925,Relógio Esportivo Resistente à Água,,relogios_presentes,39,700,2,253,18,11,13
0f2ee8171adfc13c81f69ff4dcb2b635,Protetor Solar FPS 50,,beleza_saude,45,1194,1,1413,40,16,31
e73a764ace9b74b912bea28a731f60e0,Moveis Cozinha Area De Servico Jantar E Jardim - 1kg - 27x15x16cm,,moveis_cozinha_area_de_servico_jantar_e_jardim,57,354,4,1150,27,15,16
f3979f97b4913d696bbe9c7c425c5e4e,Berço Portátil Dobrável,,bebes,36,654,3,18667,88,28,67
67ff96903c597ba4b1d7f668734bc3a4,Construcao Ferramentas Jardim - 65g - 17x12x17cm,,construcao_ferramentas_jardim,34,376,1,65,17,12,17
49c8221f68acec04f84cc22c58be6c5a,Coleira Antipulgas 8 Meses,,pet_shop,54,947,4,700,36,12,30
5e6248437b2668bba62c0fdd71eaf72d,Cortador de Grama Manual,,ferramentas_jardim,42,567,3,1075,34,31,34
d8160f4d642dacdcdb00f26b434a6033,Ração Seca Cães Adultos 15kg,,pet_shop,42,244,4,4050,30,53,30
96341c5bd303e04bee20bcd01431dfaf,Artigos De Festas - 200g - 16x6x11cm,,artigos_de_festas,60,430,1,200,16,6,11
8375cac77900898b899b33ef7b966bb0,Cama Mesa Banho - 1kg - 16x22x11cm,,cama_mesa_banho,35,2618,1,1200,16,22,11
e13cf83849f5e6cf2b946de4ca48bf2c,Brinquedo Mordedor para Cães,,pet_shop,57,651,1,500,25,15,20
d48782d1a53a65a84d63efd6aabd4f03,Parafusadeira Elétrica 12V,,construcao_ferramentas_construcao,38,409,2,8817,43,24,47
25a048d00b596eeac27424b4e897f07e,Musica - 100g - 24x11x16cm,,musica,50,364,2,100,24,11,16
914a1be6110e7ce3289dbf55ec0d9704,Suporte de Celular Articulado,,cool_stuff,58,989,1,2050,42,25,15
4cbccd77b25ad10677a460380987eaf3,Cadeira Giratória para Escritório,,moveis_escritorio,42,2115,1,13600,58,28,58
00a985c524adbb97a4211e4ce17aabec,Película de Vidro Temperado Universal,,telefonia,58,734,3,250,17,4,12
ae4a8a8e8a8f8850c720e68c182b1625,Webcam Full HD 1080p,,eletronicos,60,300,4,24050,80,30,60
dbbda25f6b7c74669cf2203b2e3139a0,Creme Dental Branqueador 120g,,beleza_saude,59,1935,3,300,27,11,15
ba3fea9ec13fb882dda6c9e4295d9130,Relógio Casual Masculino,,relogios_presentes,55,266,3,667,20,17,18
29ea1bc54f78267f6e85b9c99c93e12a,Parafusadeira Elétrica 12V,,construcao_ferramentas_construcao,58,339,1,7100,29,8,29
f50df9b142a624bf4c4d8495489a207e,Boneca Articulada 30cm,,brinquedos,60,804,1,600,23,25,20
f0a8b25a0a4f80f60eed4e1fdc3d477c,Shampoo Anticaspa 300ml,,beleza_saude,59,374,2,1450,38,31,24
121b9686b9929855d823981fc655a6fe,Tábua de Picar Bambu (3pç),,utilidades_domesticas,55,747,1,6250,53,23,28
c2aedc6c0521b9c1fd928f2b2375d5d6,Telefonia Fixa - 400g - 20x30x11cm,,telefonia_fixa,28,1252,3,400,20,30,11
0a2fff0d95ef3bbb7dffc618f9542ba9,Relógio Esportivo com GPS,,relogios_presentes,26,567,1,283,18,12,13
e792f2bb275bdea9b6076c2acbb5abcd,Colônia Nativa 200ml,,perfumaria,47,1090,1,850,16,14,11
60bb4500843105345ef9541e59a7a87a,Cama Mesa Banho - 1kg - 40x10x37cm,,cama_mesa_banho,58,871,1,1200,40,10,37
7ffd59e4a33610e863f39cd3040ae7b1,Carregador Veicular Bluetooth FM,,automotivo,48,557,4,350,44,17,30
20d672f52195d2c20168f758a77303d6,Carregador Veicular Bluetooth FM,,automotivo,51,93,1,200,16,15,15
3b2d98c62a89221177c0f6213256816b,Capa para iPhone 13,,telefonia,55,316,2,150,16,4,11
9dbf7eb5228b2070008a2e331b114512,Teclado Multimídia ABNT2,,informatica_acessorios,35,1101,1,250,42,2,30
5ad04927f75f1ec98ff4458470452b01,Necessaire Viagem 5 Compartimentos,,malas_acessorios,41,1047,1,2240,76,10,14
bdf5efab9b8b85e6a49603007646f763,Livros Tecnicos - 213g - 21x2x14cm,,livros_tecnicos,25,2021,1,213,21,2,14
e000ecbb2e86143e74b3b2c3cf15f21e,Jogo de Blocos 100pç,,brinquedos,60,196,4,1150,30,30,30
19d97e807df39d7af6311ba423eaecc3,Cama Mesa Banho - 8kg - 16x10x16cm,,cama_mesa_banho,59,273,1,8850,16,10,16
dd7c7650c31d56afe11234bfd0a1e1ea,Luminária Pendente Vintage,,moveis_decoracao,58,1969,2,3000,69,11,11
46fd22a153db867285b826a2c62b446b,Kit de Limpeza Multiuso (5pç),,utilidades_domesticas,58,803,3,10900,71,25,45
b6665355b9d865e088250a5c8d7b36c1,Boneca Articulada 30cm,,brinquedos,58,246,1,300,37,20,20
29c131c43e662b738339aafcc0ba00fc,Luminária Pendente Moderna,,moveis_decoracao,32,926,1,600,17,17,17
b415213dee0b8051901b7ebe5a6b99f4,Fashion Bolsas E Acessorios - 415g - 23x19x18cm,,fashion_bolsas_e_acessorios,51,1081,1,415,23,19,18
6af5a2183cea4408f4292dd86be5f667,Trem Elétrico com Trilhos,,brinquedos,54,457,1,400,30,10,20
296ae6fd1ff55a39b63dbbb3ea7a36a0,Cama Mesa Banho - 8kg - 50x20x40cm,,cama_mesa_banho,59,796,3,8150,50,20,40
5ade9eaa68986ae388b9d6ba2aa185e8,Prateleira Flutuante para Sala,,moveis_decoracao,60,956,4,5250,66,15,33
aff4c4ee166f76b66595e0bcfb983d5b,Teclado Gamer Mecânico RGB,,consoles_games,49,472,1,700,20,15,20
21e72a490cbe93ed7aa675d2b1ae105a,Teclado Mecânico RGB,,informatica_acessorios,53,240,1,650,34,15,15
913dfadde395f6049127173cfbb96121,Mouse Óptico USB,,informatica_acessorios,24,718,2,200,41,2,29
17d4764518c5a017b128060439d1559f,Caneca Criativa 350ml,,cool_stuff,44,854,3,1000,35,28,16
31eb78f384a585823382f8963cdf5849,Pacote de Canetas Esferográficas (10un),,papelaria,57,223,4,1500,60,20,29
91ad72a5e0313d764d9603f18f2c3658,Capa para iPhone 13,,telefonia,59,486,1,253,20,10,18
85f17a3ccc10ef41645833b7074f3d63,Marcador Permanente Preto (12un),,papelaria,42,148,4,800,29,10,25
cedc0a95516e84ab083db0319e55003f,Limpa Para-brisas 500ml,,automotivo,58,1590,4,7350,24,69,53
ca078ba5884f07fd8e2ec7f7b13556f1,Moveis Cozinha Area De Servico Jantar E Jardim - 4kg - 27x27x37cm,,moveis_cozinha_area_de_servico_jantar_e_jardim,60,356,1,4400,27,27,37
01cf8c7364048b4b6ed0fe400667054d,Jogo de Blocos 200pç,,brinquedos,42,241,1,1200,30,16,20
c20e9c8a7361bfa0d6530ab73075921b,Shampoo Anticaspa 300ml,,beleza_saude,49,1216,1,1600,20,20,20
d88cd106d68ac93feccee719004d247d,Pendrive 32GB USB 3.0,,informatica_acessorios,25,153,3,250,16,15,15
1ecaa47c3ade7f098ca5dd97e8dcb018,Película de Vidro Temperado Universal,,telefonia,54,653,1,150,19,3,11
212cc0fa7359ab242a697a03a574f719,Produto - 200g - 16x2x11cm,,,,,,200,16,2,11
233ad2cdae25fbf46f0d090b678d23f4,Market Place - 775g - 35x9x15cm,,market_place,53,213,3,775,35,9,15
6a944207f516a3e570fb1205489438bf,Jogo de Blocos 100pç,,brinquedos,63,784,1,300,20,7,20
2fffbf105cbbc6e86144f00ecf571635,Creme Dental Branqueador 90g,,beleza_saude,41,763,1,150,20,10,20
6b7879a37ac2dbe5289a16706e859870,Produto - 950g - 45x12x30cm,,,,,,950,45,12,30
606bfa78f6209099f25529bb1211522f,Luminária Pendente Vintage,,moveis_decoracao,40,241,2,4000,52,6,52
2039ecc2a76b653fb536a86a570e66d8,Balão de Voleibol Praia,,esporte_lazer,57,407,1,500,20,6,15
59911136c59b2dd04ddce80d592b55f3,Balão de Voleibol Praia,,esporte_lazer,31,447,1,100,16,6,11
af76a54b712e9cab85d2824e96c56ff8,Aromatizante Automotivo Lavanda,,automotivo,60,505,3,200,24,2,17
201ec8e4fb8456dd06265be68eb419a7,Espelho Decorativo Ovalado,,moveis_decoracao,52,1743,2,800,68,8,13
dcfe76be1e1036cb99e5d8bdc2a1b1c9,Bola de Futebol Oficial,,esporte_lazer,26,3694,1,300,20,10,15
b9fc59d07b4a88505e53e11d17097cef,Balão de Voleibol Praia,,esporte_lazer,58,1042,1,2000,28,8,15
6acf371d62b424190897033ef93947bb,Carregador Rápido USB-C 20W,,telefonia,25,1052,5,300,16,7,11
ca17b18b38db6e0d2c33d362322f2a06,Livros Tecnicos - 1kg - 30x6x30cm,,livros_tecnicos,32,2228,1,1900,30,6,30
2b250e4c796f4ce9da7ee0465bd1b574,Musica - 783g - 16x8x15cm,,musica,43,656,2,783,16,8,15
6c90c0f6c2d89eb816b9e205b9d6a36a,Mouse Óptico USB,,informatica_acessorios,41,260,1,775,21,18,26
a98ce95e720b49857fedbcfbdf21e8de,Lixeira Automática 5L,,utilidades_domesticas,55,716,1,1400,25,35,35
1cac2c9aee1db62c108da2205880e09c,Kit de Limpeza Multiuso (5pç),,utilidades_domesticas,55,536,1,600,28,18,17
588e30c9b715a9158d6431ae94c25fea,Fashion Underwear E Moda Praia - 200g - 30x30x30cm,,fashion_underwear_e_moda_praia,40,549,3,200,30,30,30
2a9b9ab4785e67b8ff4f1e6fcba1de7e,Kit de Limpeza Multiuso (5pç),,utilidades_domesticas,44,919,2,1000,29,19,21
a5170485f5eec8e991a69da0231fd5c5,Organizador de Gavetas 3 Níveis,,utilidades_domesticas,50,379,1,1100,25,22,21
20ee98f10c16f05a43db060ab1cbfd7e,Sandália Rasteira Feminina 36,,fashion_calcados,48,375,6,100,29,7,16
0fa0bd7ef862a1a28d6cd9701fc97f6c,Teclado Musical 61 Teclas,,instrumentos_musicais,50,1053,1,400,19,11,19
72bb19eb8886399d5a46785146792ba7,Kit de Limpeza Multiuso (5pç),,utilidades_domesticas,59,889,2,250,20,5,16
613d093272cb8f74f25a01e430155a6a,Agro Industria E Comercio - 1kg - 38x41x39cm,,agro_industria_e_comercio,39,326,1,1050,38,41,39
44e8945e17aef03daaecbc4bbab7f730,Produto - 200g - 16x2x11cm,,,,,,200,16,2,11
680ca98a72aa9722523fa2006f858f77,Fashion Bolsas E Acessorios - 300g - 30x26x22cm,,fashion_bolsas_e_acessorios,48,248,3,300,30,26,22
c293414ca6dacfb6085739783def4ef6,Jogo de Blocos 100pç,,brinquedos,52,706,4,2450,23,7,23
01b154ceb5457897eb28b9e549f28219,Pacote de Canetas Esferográficas (10un),,papelaria,54,447,1,400,25,10,17
d0f5d2822e06a19526cb384022af2a9a,Luminária Pendente Vintage,,moveis_decoracao,55,743,1,2200,34,8,22
2d6676e04aac85ce66dcf8d0529f4012,Colônia Esportiva 150ml,,perfumaria,46,458,1,500,20,12,15
f1202530b474dade246e7fe77cdda463,Cama Mesa Banho - 1kg - 34x10x34cm,,cama_mesa_banho,58,373,2,1700,34,10,34
95e18e6f72e096de84ad972456780aa0,Shampoo Anticaspa 500ml,,beleza_saude,49,166,1,325,25,10,13
5b4341a1e617e4d33c3305158ff03c69,Balão de Voleibol Praia,,esporte_lazer,36,1581,1,150,18,7,14
da86f2cc2faf840b7b86390726b88905,Perfume Aventus 50ml,,perfumaria,37,107,2,200,22,3,11
13191128a8f50089d2ed9b7a25dc21df,Martelo de Aço 500g,,construcao_ferramentas_construcao,56,1087,4,6250,55,14,44
95f2828625576b34ab861ef4b029a7fd,Fashion Roupa Masculina - 950g - 40x6x35cm,,fashion_roupa_masculina,33,939,2,950,40,6,35
e9f4a2b16f44a27e454037659cceb20f,Aromatizante Automotivo Baunilha,,automotivo,47,84,2,200,32,8,26
1eb44be9d824d20602d68a0f3346d8d7,Cama Mesa Banho - 6kg - 35x15x25cm,,cama_mesa_banho,55,148,1,6200,35,15,25
af5dce27d2097e3cbfeb25ad9eac092c,Camiseta Geek Estampada,,cool_stuff,52,330,1,1650,33,44,19
3abf2d4698bf245577543ea01d9c7f16,Produto - 200g - 22x14x14cm,,,,,,200,22,14,14
33202a8e7a645388c41ed714203d7131,Alimentos - 3kg - 20x21x20cm,,alimentos,45,911,1,3350,20,21,20
99d1f27bf9ea0392ab69d0203c6efdc4,Perfume Aventus 100ml,,perfumaria,60,1772,1,150,16,16,15
b7f70c625521ad94f77e9aa1218fd9fa,Brinquedo Mordedor para Cães,,pet_shop,60,1614,1,2900,83,82,12
99b4596b82b6f75d453160c9c75e01f4,Artigos De Festas - 1kg - 23x17x18cm,,artigos_de_festas,36,378,1,1550,23,17,18
096b3aa9d2c93af82434f196a713ad74,Limpa Para-brisas 500ml,,automotivo,53,366,1,5750,30,19,31
9e3fb85220e7c0d45fab9a93288ec717,Limpa Para-brisas 500ml,,automotivo,52,1304,1,200,18,9,13
29589c613b8c17e6fe91da9af08ed148,Limpa Para-brisas 500ml,,automotivo,45,736,3,350,25,10,20
e834949329e7a91948b7c8a01f508b6d,Marcador Permanente Preto (5un),,papelaria,51,59,1,100,16,5,16
1fceb6597ec80646345b1d8517b48cb2,Necessaire Viagem 5 Compartimentos,,malas_acessorios,42,413,1,700,16,30,20
9a3d13559997d2639ebd02e75913b799,Shampoo Anticaspa 300ml,,beleza_saude,51,495,1,233,18,16,14
35c5e00f6a23366ce44aaedc05da015d,Raquete de Tênis Júnior,,esporte_lazer,41,194,1,100,25,20,20
ca26080d8f0fa848c329fe732f5e34e8,Produto - 1kg - 25x25x25cm,,,,,,1800,25,25,25
bae8ac5e125a98fe445bc17714104709,"Mochila Executiva 17""",,malas_acessorios,57,455,3,10700,40,100,16
bfd9a39f1774d4ca8773f1f42f09d187,Fralda Ecológica Tam M (50un),,bebes,60,849,5,750,50,5,40
1a2ece70966710dec441aa587993b5b4,Produto - 300g - 27x5x18cm,,,,,,300,27,5,18
59f8cb217c16b9d838ab8f6d92fd2eea,Aromatizante Automotivo Lavanda,,automotivo,32,1313,2,250,18,19,15
b73e7ccdd22c0bb891a93ec7d80b717f,Raquete de Tênis Profissional,,esporte_lazer,44,233,5,461,18,10,14
3647983375e701c3f089068b5fc0cf98,Aromatizante Automotivo Lavanda,,automotivo,60,1146,1,4000,65,25,25
1cb4e06ac5f21ccde771561d17ec0afb,Cama Mesa Banho - 1kg - 16x10x16cm,,cama_mesa_banho,50,353,1,1250,16,10,16
f7740e5b4337a3cc4a8a204553101a85,Protetor Solar FPS 50,,beleza_saude,43,876,2,543,30,12,16
0776155007ad20447a0b0f91d4aad644,Alimentos Bebidas - 1kg - 28x13x13cm,,alimentos_bebidas,42,2263,6,1000,28,13,13
0ca31cd8916e06a977f3596faddc6852,Aromatizante Automotivo Baunilha,,automotivo,60,703,6,9050,56,11,32
a928a2cfd4d897610150b956e89a4e56,Cama Mesa Banho - 1kg - 32x8x29cm,,cama_mesa_banho,58,774,1,1550,32,8,29
bfae0d55eef43da69474aadac456cbe4,Raquete de Tênis Profissional,,esporte_lazer,56,1494,1,300,20,20,20
5f4bceafafc1903556735cb7f2842e78,Produto - 200g - 16x2x11cm,,,,,,200,16,2,11
8ce6ed44410ccff5e5437f5d1ec012e4,Shampoo Anticaspa 500ml,,beleza_saude,47,886,4,500,30,14,16
1c12e2e95f36322f3a5ab8153a76bd73,Lixeira Automática 12L,,utilidades_domesticas,52,303,2,9900,61,31,31
64cb768ce668c3df58334a28d528b754,Trem Elétrico com Luzes e Som,,brinquedos,41,517,1,875,65,23,20
3932e37f1f658768ac53fbe680f145bc,Cama Mesa Banho - 1kg - 40x10x30cm,,cama_mesa_banho,60,850,1,1100,40,10,30
4b232d5c1ec0ae0d9cc9529b97d75984,Bateria Eletrônica Compacta,,instrumentos_musicais,56,349,3,200,16,12,20
f99af3a3d10f7a52df7eb10abd1b72be,Carregador Rápido USB-C 20W,,telefonia,55,880,3,50,18,6,11
bb9aa579b534cb9d96b38fcac94759b6,Fone de Ouvido Bluetooth 5.0,,eletronicos,55,1702,5,750,21,10,14
75f3ef6a5cb0f2d5aeef15925f0ccf69,Headset Gamer 7.1 Surround,,consoles_games,50,429,4,530,18,24,18
a24b0a4730a6f5b13a3502fb5065a814,Prateleira Flutuante para Sala,,moveis_decoracao,50,314,1,400,40,15,40
d6637aee74ba05e42bc17a047c335209,Creme Dental Branqueador 90g,,beleza_saude,55,1181,1,250,16,11,14
aea9f47e0e6dea45f3ad01ce4528f1bf,Bola de Futebol Oficial,,esporte_lazer,49,375,2,2000,20,40,30
1fd68fefef8ff576fc3fac7db97f67f1,Cama Mesa Banho - 2kg - 41x11x36cm,,cama_mesa_banho,53,558,1,2400,41,11,36
ce87eb0f80420c505b53adef21bf93d6,Livros Tecnicos - 500g - 23x2x16cm,,livros_tecnicos,18,612,1,500,23,2,16
f997c8ca952938be7b2d487f761c7e76,Telefonia Fixa - 99g - 22x3x16cm,,telefonia_fixa,50,78,1,99,22,3,16
aea89e156fe6705b458e900a8790af90,Raquete de Tênis Júnior,,esporte_lazer,45,179,1,1150,16,12,12
dd1b2eb34840957a13204dd3dbc588bd,Luminária LED Multicolorida,,cool_stuff,52,673,1,175,30,20,25
cffa43acc63e8225bb6889f3c3bd74e3,Shampoo Anticaspa 500ml,,beleza_saude,57,991,1,217,17,13,15
a2b35668d3b4c6f34b35c9f702ecc5b9,Fashion Bolsas E Acessorios - 100g - 16x5x16cm,,fashion_bolsas_e_acessorios,42,831,1,100,16,5,16
5773723f7819ffb88c5c758f8f8c183c,Ámbar Noche Eau de Parfum,,perfumaria,54,909,2,700,20,20,20
bad25f9c179bd093af5ce28af7fd40f5,Mouse Óptico USB,,informatica_acessorios,36,218,1,900,30,14,11
9291234bfd76d396f56b5175d435dd84,Espelho Decorativo Ovalado,,moveis_decoracao,40,274,1,200,27,10,12
f5287cac0d71b68c9cbf57fe0e19181e,Aromatizante Automotivo Lavanda,,automotivo,49,199,1,2800,95,7,33
83ef44e104d09603c783f1cc00cff82a,Relógio Casual Masculino,,relogios_presentes,58,591,1,500,16,11,11
8792f8b694229e5627aa6a15cf912052,Lixeira Automática 5L,,utilidades_domesticas,48,204,1,1150,19,22,19
de7d3a484ee73d0be8b0b3518f910201,Bola de Futebol Oficial,,esporte_lazer,56,1100,2,300,30,20,40
b4c8d3313b98fd124a787b571ac94148,Lixeira Automática 5L,,utilidades_domesticas,58,102,1,200,30,40,30
11970aff9a8cf29a520127d0d8100901,Prateleira Flutuante para Sala,,moveis_decoracao,53,1750,3,2550,105,3,70
c24f692e0f20f854c24c31517610ba7c,Carregador Rápido USB-C 20W,,telefonia,54,1057,6,200,18,3,16
c8aa3a6754ab1ad362858eca26f58c8b,Cama Mesa Banho - 10kg - 45x15x35cm,,cama_mesa_banho,64,409,2,10900,45,15,35
9b393d3360316521a943267765a47fbf,Shampoo Anticaspa 300ml,,beleza_saude,52,572,1,300,17,14,14
d3f4f3de0f4576184674937d1e9cecca,Trem Elétrico com Luzes e Som,,brinquedos,51,122,4,450,20,31,30
53b36df67ebb7c41585e8d54d6772e08,Relógio Esportivo Resistente à Água,,relogios_presentes,33,523,3,584,16,11,13
9b191ab94826390cd135c837fb7bc881,Cama Mesa Banho - 2kg - 20x30x30cm,,cama_mesa_banho,56,729,1,2700,20,30,30
b5075db67f027daed66cc97a6626a7b8,Cama Mesa Banho - 4kg - 34x10x38cm,,cama_mesa_banho,58,663,1,4200,34,10,38
9ce90721c582bede1c152150a883b801,Jogo de Blocos 200pç,,brinquedos,54,240,1,300,20,20,20
4a0c2a56e65c941a0bb9874c47dd66d8,Cama Mesa Banho - 1kg - 30x20x26cm,,cama_mesa_banho,58,2375,6,1400,30,20,26
a56af7192032f295ac582a2d70e4caba,Capa para iPhone 13,,telefonia,57,1887,2,600,23,18,20
6b1b29dd58c0342e04f9063e070bd6ac,Camiseta Geek Estampada,,cool_stuff,52,894,1,2250,34,52,30
361b81e3cae3b21bd0119793c5399717,Artigos De Festas - 4kg - 102x12x12cm,,artigos_de_festas,45,499,6,4500,102,12,12
66b5f91356d928ae807ab4ee547f5e3e,Tapete Higiênico Cachorro 40x50cm,,pet_shop,47,115,6,500,20,20,20
61aa436324fa31453598a454e10b2cb7,Raquete de Tênis Júnior,,esporte_lazer,55,800,1,900,23,18,18
97593959fc8ee0c67ac6c5a33fe61f4b,Relógio Casual Masculino,,relogios_presentes,55,943,4,450,16,11,12
96f6baf4d6a2f7c90932573600903489,Casa Conforto - 700g - 18x12x18cm,,casa_conforto,30,503,1,700,18,12,18
1e56c680b07833e85fec6904b2c7e4b8,Tapete Higiênico Cachorro 40x50cm,,pet_shop,58,502,4,200,27,9,26
1ac09f60f3c3bc2021c637ef23fa3248,Boneca Articulada 30cm,,brinquedos,31,735,3,600,20,20,20
e4003447524c275bcd706d07068b3f3d,Capa para iPhone 13,,telefonia,25,287,1,75,19,3,11
d389bacae4eb98af95b782dae3b7f03a,Relógio Esportivo com GPS,,relogios_presentes,50,589,2,600,19,10,15
73deb4d29b1361deb8e78b75478f210e,Raquete de Tênis Júnior,,esporte_lazer,60,1596,3,750,30,11,20
baf76b06184501269d8e44228cc940ac,Aromatizante Automotivo Baunilha,,automotivo,60,332,2,100,16,5,16
c2df3d01bc5d236c85400b0d432bf97b,Controle com Fio para Xbox Series X,,consoles_games,15,728,1,110,17,2,14
98600823ba81f3ba76386dac7c31ee06,Creme Dental Branqueador 120g,,beleza_saude,47,1115,3,125,24,12,20
036734b5a58d5d4f46b0616ddc047ced,Capa para Samsung Galaxy S23,,telefonia,58,751,5,300,17,4,12
e29f2f8197f332ab172ad9ea6566853d,Teclado Multimídia ABNT2,,informatica_acessorios,59,445,1,133,16,12,15
dd7a209a646c04c176d7e9e9c855eeac,Raquete de Tênis Júnior,,esporte_lazer,51,546,3,750,23,28,38
e7ef7e0bc312196681f8304cf7ddd92e,Aromatizante Automotivo Lavanda,,automotivo,37,269,3,6700,70,25,22
893c4e4b07dcb5a590645ddeb8894cb5,Moveis Cozinha Area De Servico Jantar E Jardim - 16kg - 40x30x40cm,,moveis_cozinha_area_de_servico_jantar_e_jardim,60,137,1,16900,40,30,40
2954628cc646e129a849918ab2b366ee,Limpa Para-brisas 1L,,automotivo,59,651,5,4200,78,4,47
71685103d269d757074595a20bb82211,Carregador Rápido USB-C 30W,,telefonia,60,776,6,100,17,4,12
bc7496ccc90a64c022a56021c65c9cda,Lixeira Automática 12L,,utilidades_domesticas,28,238,1,150,26,16,16
c1b555c58d48d228480072f1492cc14f,Cama Mesa Banho - 550g - 23x37x35cm,,cama_mesa_banho,42,331,1,550,23,37,35
a22f707cfd269773138c3bf3a43f6180,Luminária Pendente Moderna,,moveis_decoracao,25,253,3,7000,25,25,25
b98546b83abd474d9517e36a1eddbc22,Raquete de Tênis Júnior,,esporte_lazer,56,617,3,1100,32,9,21
13ccab6df565f4b742fcd81031be9aaa,Boneca Articulada 30cm,,brinquedos,44,1250,4,3850,35,26,41
1860b96949f9ff0adcd5e2c340d32e12,Carregador Veicular Bluetooth FM,,automotivo,51,966,3,800,21,8,14
87aa68bb4f8c5d53b7a6a496ce10d86c,Coleira Antipulgas 8 Meses,,pet_shop,55,703,1,1500,50,30,33
a1766f2d27b4e90a0d78d8e115295399,Perfume Aventus 50ml,,perfumaria,58,942,2,450,16,16,22
1fcaf044ff67ca59df3f6cc560d9fbfc,Bola de Futebol Oficial (Edição Especial),,esporte_lazer,31,958,3,2350,92,4,24
654feb81aa65850b1962980f21be1525,Shampoo Anticaspa 300ml,,beleza_saude,51,309,1,700,28,10,11
fddede0d4854d07dbb9bcf3b090697f3,Limpa Para-brisas 500ml,,automotivo,53,357,2,500,16,16,12
a1fcd4b731530eed7fa5531f3f0c2fe0,Cama Mesa Banho - 2kg - 40x6x29cm,,cama_mesa_banho,51,231,1,2100,40,6,29
4b54c1f607b7a55ec9a34555b5607539,Aromatizante Automotivo Lavanda,,automotivo,57,703,6,4700,47,19,23
5445335704bf8a32827f3bf6b9701ed9,Bola de Futebol Oficial,,esporte_lazer,39,468,1,200,20,20,20
88cd1536cced07ce8b7eb699521f841e,Cama Mesa Banho - 900g - 16x10x16cm,,cama_mesa_banho,55,514,1,900,16,10,16
1175dc374bce5c9d93c4d4281d8d85d7,Ámbar Noche Eau de Parfum,,perfumaria,52,693,1,400,18,18,18
5c3f833c3941c6353fd0cc51686a1101,Teclado Multimídia ABNT2,,informatica_acessorios,54,1785,1,7000,57,11,52
cb57afec681197430ddab41d90304aba,Balão de Voleibol Praia,,esporte_lazer,55,416,1,400,22,5,20
ffa5d8273d8e03363bb4014de3f89dce,Brinquedo Mordedor para Cães,,pet_shop,50,619,5,1150,40,20,30
2c71e9b9845634cb1ea6285a8f3cbf50,Webcam Full HD 1080p,,eletronicos,54,381,2,100,16,8,16
31a3ac2bdbd4af5074e25c5e92ca71ab,Cimento Portland 50kg,,casa_construcao,57,707,1,10100,30,61,30
2500fb88ba75d71bd264e88b4da5b44b,Capa para iPhone 13,,telefonia,55,370,1,250,16,8,11
95b6e8160fbea38f306a26e66a6465a3,Aromatizante Automotivo Lavanda,,automotivo,59,555,1,4500,59,10,59
003128f981470c3e5a2e7445e4a771cd,Balão de Voleibol Praia,,esporte_lazer,59,1100,6,1550,16,10,16
8058b0067728a211c68874081e7352d4,Bola de Futebol Oficial,,esporte_lazer,56,1720,1,1000,20,20,14
57b46ac6f5503699255bab6cdde8222f,Cama Mesa Banho - 3kg - 55x25x35cm,,cama_mesa_banho,58,184,1,3000,55,25,35
3ac52f93c2299daa201fbb7ff36546f7,Pendrive 32GB USB 3.0,,informatica_acessorios,60,401,2,150,16,5,15
ac4005f3f9d2fba6bb8feb0ee1dc1395,Kit de Limpeza Multiuso (5pç),,utilidades_domesticas,30,167,1,2150,21,4,71
45af837344fa95e1fb3a840e9ffd8bf4,Raquete de Tênis Júnior,,esporte_lazer,49,515,1,550,27,25,25
375478581c97832540b9209722a32058,Fralda Ecológica Tam M (50un),,bebes,60,566,1,17600,65,36,45
d31bf2a9527a3b785e229da07cbb86af,Lixeira Automática 12L,,utilidades_domesticas,30,299,2,250,16,23,14
fe705ffbaa3804c5562b8b1046157a6c,Shampoo Anticaspa 500ml,,beleza_saude,46,803,1,350,22,3,15
155eae0f604655ce68005b34cb88b7c9,Furadeira de Impacto 500W,,construcao_ferramentas_construcao,52,3500,3,2700,16,11,11
e9896cd67d67e394cc2d3b0ecfd11eb2,Necessaire Viagem 5 Compartimentos,,malas_acessorios,56,488,3,17150,36,48,56
2eb9b2ef7c1da3c7b99702452ea4729f,Tablets Impressao Imagem - 300g - 26x3x26cm,,tablets_impressao_imagem,64,547,3,300,26,3,26
709839bfd3ba2c923015e0a5de970a7d,Protetor Solar FPS 50,,beleza_saude,32,1883,1,250,17,12,12
fc5c33cddd49638580cfe9fec90aa943,Berço Portátil Dobrável,,bebes,16,978,1,300,16,8,11
2fad6925ba23d76e45c9496828e62a79,Kit de Limpeza Multiuso (5pç),,utilidades_domesticas,59,760,2,650,20,11,15
1ffe0f57d9bad302d252f7df6d6d29fc,Limpa Para-brisas 1L,,automotivo,59,1391,3,1700,34,18,16
49feeab25d6531f4bbd4e9e7c926cf36,Fashion Bolsas E Acessorios - 200g - 16x2x11cm,,fashion_bolsas_e_acessorios,48,731,1,200,16,2,11
aeb4a18fc6dad1f6cb6474d69f634ad2,Cama Mesa Banho - 6kg - 30x30x30cm,,cama_mesa_banho,55,617,1,6400,30,30,30
58493ca240e8c701678576a04c2d6336,Smartwatch Série 7,,eletronicos,52,537,1,200,21,7,14
b7ffd29379437fd3b580dd2deb8e50c4,Cama Mesa Banho - 1kg - 50x11x11cm,,cama_mesa_banho,59,497,2,1350,50,11,11
0dc7e2749b6f2da894167fc88c86a2cc,Boneca Articulada 30cm,,brinquedos,30,1155,1,263,19,14,16
146a4eb8f7cef9788fecff10b104dec3,Livro O Poder do Hábito,,livros_interesse_geral,10,2068,1,1000,33,6,22
1ed390fc2e1df06251341c288d315eea,Balão de Voleibol Praia,,esporte_lazer,56,1236,1,4350,20,20,20
693567e68c0e3d72dc3ae88159aeed6c,Prateleira Flutuante para Sala,,moveis_decoracao,54,315,1,303,14,14,28
c9cfa62f6407e7bad1a59a8ad7255d4e,Carregador Rápido USB-C 30W,,telefonia,56,214,2,200,22,16,16
94e25ee525bdcdce608d423d902a0372,Alimentos Bebidas - 2kg - 17x22x17cm,,alimentos_bebidas,58,457,3,2950,17,22,17
a53e969a04fa632529307e0e04d4c68a,Pendrive 32GB USB 3.0,,informatica_acessorios,54,90,2,100,16,8,11
b8fd372c103037c02e9898f76ba0ab4c,Luminária LED Multicolorida,,cool_stuff,35,240,3,130,100,25,35
3512f777c335f8297b5ad43416b69cf8,Cama Mesa Banho - 350g - 16x10x16cm,,cama_mesa_banho,49,476,1,350,16,10,16
ccf965dc2dedc243ce245610ffcc1e6b,Luminária Pendente Vintage,,moveis_decoracao,33,106,2,250,20,20,20
66f01f544ba693e1a1a7428caec79279,Espelho Decorativo Ovalado,,moveis_decoracao,54,757,6,3300,19,7,16
7aeaa8f3e592e380c420e8910a717255,Sanduicheira Elétrica Grill,,eletrodomesticos,37,1642,10,5500,29,37,25
7f6f8bdeee8ab42b5b4873b754f22a15,Caderno Universitário 100fls,,papelaria,41,312,2,200,24,7,14
c7b17e51e4a7c527e89a7d5cf6f2415a,Chave de Fenda 6x100mm,,construcao_ferramentas_construcao,56,1133,1,4200,30,20,20
3099fd60323d4c647f2515690394bfb2,Shampoo Anticaspa 500ml,,beleza_saude,41,1109,1,217,17,10,14
446e83f3f31931e9eda31363bde07293,Moveis Sala - 5kg - 20x5x60cm,,moveis_sala,55,595,1,5600,20,5,60
44dc6124432da8482da2977dbfa88f59,Shampoo Anticaspa 300ml,,beleza_saude,59,1343,2,150,16,13,11
dd28e3f8ffd0e519d30839eb27ccfae3,Pendrive 32GB USB 3.0,,informatica_acessorios,55,956,3,239,27,8,16
a853bf1a5f8d9f04f5df123168164720,Livros Importados - 1kg - 29x9x18cm,,livros_importados,63,1071,7,1300,29,9,18
8f4735c09292c695473969af57466365,Fashion Bolsas E Acessorios - 200g - 16x2x11cm,,fashion_bolsas_e_acessorios,60,83,1,200,16,2,11
bcac2cdcd851929a5caa3e1508d5abc9,Kit de Limpeza Multiuso (5pç),,utilidades_domesticas,45,928,1,800,39,6,28
dfb6e01f3415c48d80b21a9c1dd97697,Furadeira de Impacto 500W,,construcao_ferramentas_construcao,59,274,1,150,24,13,13
1cee940750667f29c969974d268656f8,Shampoo Anticaspa 500ml,,beleza_saude,41,1918,1,580,39,11,15
b15b38f8a24ce6254dfa5bc5a06f18c5,Limpa Para-brisas 500ml,,automotivo,50,214,4,1600,25,9,17
ca4a58d8a97a4e1c5822292d4cfcb4b6,Fashion Bolsas E Acessorios - 100g - 17x3x12cm,,fashion_bolsas_e_acessorios,35,385,1,100,17,3,12
e4f7023069a24c2297617d935f783a5c,Pendrive 32GB USB 3.0,,informatica_acessorios,52,294,2,1000,20,20,20
224e8e64188b2731d83c3f5bfebd29d3,Construcao Ferramentas Jardim - 1kg - 16x16x12cm,,construcao_ferramentas_jardim,54,118,1,1450,16,16,12
ace5d86cf1ac63cdb76f49e5cd23d2f8,Luminária Pendente Moderna,,moveis_decoracao,60,473,1,600,30,4,20
4462167dca28740ae5078b9dce00f199,Aromatizante Automotivo Baunilha,,automotivo,50,520,2,1200,19,6,14
1965752f8e30a01b19fea24c2577ad0d,Alimentos - 1kg - 23x15x21cm,,alimentos,28,528,1,1376,23,15,21
b61d1388a17e3f547d2bc218df02335b,Produto - 350g - 16x6x11cm,,,,,,350,16,6,11
385a33a408e9c35c9fbc2025c12f3784,Mouse Sem Fio 2.4GHz,,informatica_acessorios,52,967,1,220,22,13,12
6dbcbca84288705e65660c9b4f369134,Jogo de Blocos 100pç,,brinquedos,42,1604,1,6084,68,14,68
337be49673e511e2bd38d390cf57d7c4,Relógio Casual Masculino,,relogios_presentes,53,542,2,400,16,11,20
124a15d998dfe011681819d7c792f7bb,Shampoo Anticaspa 500ml,,beleza_saude,60,180,1,300,17,12,11
5cab8d5ca731b3de4c23b8b13b04e594,Boneca Articulada 30cm,,brinquedos,32,122,2,250,16,15,15
1dd3a0b856546758b41e8ef9935f1831,Kit de Limpeza Multiuso (5pç),,utilidades_domesticas,53,532,1,600,20,7,20
c828d9e817355cc55ab8a449b2299f25,Controle Sem Fio para PS5,,consoles_games,48,691,2,317,20,7,16
85d187257cdbf2692d10649a11c7e78b,Necessaire Viagem 5 Compartimentos,,malas_acessorios,47,414,1,2000,35,27,12
23b3e6e0aafa806f323de78534212b67,Construcao Ferramentas Jardim - 5kg - 40x16x50cm,,construcao_ferramentas_jardim,34,1007,5,5650,40,16,50
8bf5b1e066d9fb2a639f8f69d55a370d,Aromatizante Automotivo Lavanda,,automotivo,55,1440,1,575,20,10,15
cc3181a81384b6fc34602d49cb6068a6,Eletrodomesticos 2 - 18kg - 68x21x42cm,,eletrodomesticos_2,33,94,1,18450,68,21,42
ddddff18d8f990347156c317421df46d,Necessaire Viagem 5 Compartimentos,,malas_acessorios,47,114,1,1000,35,10,34
5c17022eddee34a164a87606a586dd8b,Espelho Decorativo Ovalado,,moveis_decoracao,39,400,1,450,35,35,11
26a5c56121a055cfa75ae4f9e324c024,Carregador Veicular Bluetooth FM,,automotivo,56,199,2,75,16,15,15
f7e0b1caf4e8709c62147484d5b1aa6a,Ámbar Noche Eau de Parfum,,perfumaria,55,310,3,200,20,5,13
9af87df86e72ade39565a7b20d8cecd3,Protetor Solar FPS 50,,beleza_saude,40,774,1,625,16,14,15
b9adb2d8377c195da59e75743dbb7133,Produto - 200g - 16x2x11cm,,,,,,200,16,2,11
4e9e7d1bed5934971a6ac480a0f5069f,Arranhador para Gatos 60cm,,pet_shop,35,503,2,1500,40,45,30
2e04efb6656990084af256e304d9a573,Necessaire Viagem 5 Compartimentos,,malas_acessorios,54,1632,6,650,20,40,50
74291f20821eae2aacb949b41622ef52,Colônia Esportiva 150ml,,perfumaria,42,155,1,600,20,20,30
5a719c85a2cad2da6076ea511aa4023f,Pendrive 32GB USB 3.0,,informatica_acessorios,60,1873,1,225,17,17,17
1ee079ac734051dc6b17c085dc203b0c,Eletroportateis - 550g - 20x13x21cm,,eletroportateis,57,2259,1,550,20,13,21
17597731049645b4a7cd01de0b4188d5,Jogo de Blocos 200pç,,brinquedos,50,690,1,7175,50,22,40
4a9947ec1fcec2b3321193ed5590e8cb,Relógio Esportivo Resistente à Água,,relogios_presentes,42,576,3,300,16,2,20
d0c59b22539b0b391e5834a1dae7caa8,Jogo de Blocos 100pç,,brinquedos,35,272,2,350,19,22,17
4df4e2fa82369cf0ba8bb28833d44848,Espelho Decorativo Ovalado,,moveis_decoracao,49,199,4,650,19,20,15
4c35791f944cf1550e8ae288b3f9e258,Mouse Sem Fio 2.4GHz,,informatica_acessorios,53,514,3,424,25,10,19
eb6913790ee61d3d4d8dffcbbedea827,Tapete Higiênico Cachorro 40x50cm,,pet_shop,57,1268,2,102,20,6,13
5b76cbb9c422e9f3920a1a75a88f0cf0,Casa Conforto - 200g - 30x15x15cm,,casa_conforto,28,102,1,200,30,15,15
ea697d5bbca113fdf96cf66f7aa135c8,Creme Dental Branqueador 120g,,beleza_saude,36,668,1,650,16,40,11
64df6c5d4c7440a043e13fa796eb4ac4,Caderno Universitário 200fls,,papelaria,60,466,7,400,21,7,15
148d27957e1653a2e9c8c3771f5a5a0f,Relógio Esportivo Resistente à Água,,relogios_presentes,60,628,2,200,16,11,11
614d9b959168fce3e0cbd0645acbb666,Prateleira Flutuante para Livros,,moveis_decoracao,36,80,2,400,16,28,16
675dbd52c3dadeafa9a8c96ea5a9bfc6,Fralda Ecológica Tam G (50un),,bebes,58,801,1,2300,36,30,19
5218cced384ab9377c69874bd7c703f3,Balão de Voleibol Praia,,esporte_lazer,51,1368,2,400,20,17,17
28b5eddd0f9eb2e6a7dd8a36e0a79828,Kit de Limpeza Multiuso (5pç),,utilidades_domesticas,60,279,1,300,35,4,15
52198ab6a720304fd80cac19c691a049,Creme Dental Branqueador 90g,,beleza_saude,54,3569,2,150,32,20,20
54a03278272d6b4da99f843fb8120754,Bola de Futebol Oficial,,esporte_lazer,52,920,4,600,35,15,30
919f371545037a68a1585ef9f0b9494a,Ventilador de Mesa 40cm,,climatizacao,52,1427,1,10050,51,49,24
665839d5bdf604c2909beca037c57144,Jogo de Blocos 200pç,,brinquedos,22,265,1,420,28,12,22
a7f2b139c27a47d32a6ab4529c65c134,Relógio Casual Masculino,,relogios_presentes,59,168,3,200,16,2,11
c2c951d6f458fe552a49dcd590bdb4a6,Cama Mesa Banho - 1kg - 35x3x30cm,,cama_mesa_banho,55,661,1,1200,35,3,30
df3975eccff1508fbdf8874d3b4edadc,Livros Tecnicos - 500g - 25x4x18cm,,livros_tecnicos,53,1909,1,500,25,4,18
3cb11cc74ce2cf42fd23d867c18a7745,Trem Elétrico com Trilhos,,brinquedos,58,701,6,2250,55,12,35
c2c4115f38ec8f43e1052cf0735e289b,Prateleira Flutuante para Sala,,moveis_decoracao,39,202,1,2300,40,10,30
3ea344b27741300cc4724d2a5af94460,Cama Mesa Banho - 1kg - 20x30x30cm,,cama_mesa_banho,57,729,1,1500,20,30,30
e8f625d123fb9e3cdf3e99bda7db0db1,Balão de Voleibol Praia,,esporte_lazer,54,664,1,250,22,10,15
89005f5c60b53829a9a617fe5e292221,Carregador Veicular Bluetooth FM,,automotivo,40,622,6,700,40,15,40
298f838b1798d952580d034bf84bd33a,Luminária Pendente Vintage,,moveis_decoracao,59,646,1,300,20,30,20
1d3d7e2bc2cb75e4e2c798ec9aae0279,Capa para iPhone 13,,telefonia,57,1260,2,175,17,3,12
0f8977d115c52d93a05dd4eb7052baff,Cama Mesa Banho - 3kg - 46x12x43cm,,cama_mesa_banho,59,266,1,3975,46,12,43
353f9040451759cc7153da959db1e531,Camiseta Geek Estampada,,cool_stuff,48,662,2,18600,38,74,38
8bc6752b88d4909a129ee0abfd76875b,Coleira Antipulgas 8 Meses,,pet_shop,17,746,1,300,16,4,11
c83bfa25f218562a2db2cb8abce10e1e,Telefonia Fixa - 100g - 16x16x16cm,,telefonia_fixa,63,150,2,100,16,16,16
9892435c317b92530812ef9fe68cffc6,Fashion Bolsas E Acessorios - 200g - 16x2x11cm,,fashion_bolsas_e_acessorios,51,731,1,200,16,2,11
332f784cac57e18f1194e8156ad5bd9d,Shampoo Anticaspa 300ml,,beleza_saude,55,1735,1,2550,20,40,25
09ae715b435241d687067cb868b056a7,Organizador de Gavetas 3 Níveis,,utilidades_domesticas,42,1182,1,15050,60,25,60
c76ce8f19e21cfc8226f0551ed5da750,Suporte de Celular Articulado,,cool_stuff,54,940,1,1800,42,25,15
0f4d27b820e317c951649da022895e0e,Trem Elétrico com Luzes e Som,,brinquedos,37,337,1,325,17,18,12
926ecae86335e45fea05e1e39e9a5be9,Tábua de Picar Bambu (3pç),,utilidades_domesticas,51,339,2,9500,42,54,25
557484a8965bdc4e548658239f7663fd,Kit de Poda (Tesoura + Serrote),,ferramentas_jardim,52,1493,6,4000,30,21,24
ceeba7d5636e59173cc5f484e913db3d,Produto - 30kg - 65x65x65cm,,,,,,30000,65,65,65
70cc46ccdfff951dd7829395bce256ca,Cortador de Grama Sem Fio,,ferramentas_jardim,54,1318,1,700,30,10,20
3d4c249691c5ff13ec7946d4d7a1aaa0,Película de Vidro Temperado Universal,,telefonia,56,160,2,150,20,5,12
167752e318335bf6bdd6906c4c470266,Bola de Futebol Oficial (Edição Especial),,esporte_lazer,48,1422,1,200,18,8,14
2b5000342506556984dc8d0dcdbd4921,Geladeira Frost Free 400L,,eletrodomesticos,58,108,1,150,27,13,17
06ce9c3e61c7a07f872f8317a7dc534d,Shampoo Anticaspa 300ml,,beleza_saude,42,3887,1,100,16,8,11
2f763ba79d9cd987b2034aac7ceffe06,Fone de Ouvido Bluetooth 5.0,,eletronicos,45,1198,2,595,8,6,6
e5d51a994a31fdaf8d7ec087d31a9576,Shampoo Anticaspa 300ml,,beleza_saude,44,610,1,600,26,6,18
31d6f0a621ee145ae8c70304cf564483,Relógio Casual Feminino,,relogios_presentes,54,691,2,200,16,2,11
b9055c6417cea84a8198fec56ff6148f,Construcao Ferramentas Iluminacao - 2kg - 30x30x30cm,,construcao_ferramentas_iluminacao,58,291,1,2350,30,30,30
3f9714af5d7efa95476ebf732c9078c8,Cortador de Grama Sem Fio,,ferramentas_jardim,39,120,2,200,25,5,12
995e25d9b46dee183004994645768d95,Bola de Futebol Oficial (Edição Especial),,esporte_lazer,57,722,4,500,16,15,20
f9aa001a859b11fd798bb386f3d07eb0,Coleira Antipulgas 8 Meses,,pet_shop,54,802,17,9000,33,30,44
05e75e2ebb007f6cadbc9925311b014b,Prateleira Flutuante para Livros,,moveis_decoracao,63,522,2,500,80,10,60
77e54bccbb383f52f76910f34d4cda43,Protetor Solar FPS 50,,beleza_saude,32,1032,1,100,16,2,11
8650c4bacaf0a2cd9ce38bd72004c276,Shampoo Anticaspa 300ml,,beleza_saude,42,951,2,400,18,18,18
68db47d312d0b87e469762f0481d3b9c,Kit de Poda (Tesoura + Serrote),,ferramentas_jardim,60,681,4,16900,38,70,38
2756f88aa420dd0c5aa25b2db78d4664,Carregador Rápido USB-C 20W,,telefonia,58,381,3,200,19,4,11
be19e1611a6015a66266d199ff3ccce0,Headset Gamer 7.1 Surround,,consoles_games,38,456,1,150,29,2,16
56e04ad5959e2c30a6754d9cc1f098f2,Portateis Casa Forno E Cafe - 225g - 18x18x16cm,,portateis_casa_forno_e_cafe,46,490,1,225,18,18,16
1f8281d23bd0d53a9d2cea4bad53ca58,Luminária Pendente Vintage,,moveis_decoracao,52,745,4,18200,40,60,40
d2806dfb8e3474bcba8b5bcd771ff12c,Trem Elétrico com Trilhos,,brinquedos,58,789,2,790,28,24,31
0eb41884a8773e019708fb8409fd8347,Fralda Ecológica Tam G (50un),,bebes,41,1064,1,21467,76,57,51
1c0b635cee597371e54d222a1d8e0386,Relógio Casual Feminino,,relogios_presentes,52,706,2,300,16,11,11
3651da23518f818b7da19d3ec6c69f5e,Luminária Pendente Moderna,,moveis_decoracao,33,1405,3,150,35,2,25
37c4c3f162a9549087175b1391df2f02,Protetor Solar FPS 50,,beleza_saude,30,530,1,975,19,12,15
407eeaa1c0dcd776f6c2ad41db4c62e5,Capa para iPhone 13,,telefonia,56,1613,2,304,19,11,16
da37b504ecf6099b4f8af452ebdab0cc,Berço Portátil Dobrável,,bebes,39,1285,2,8200,40,35,35
04b2173a311a1fe1a8c90a59c0a0f474,Coleira Antipulgas 8 Meses,,pet_shop,41,186,2,700,16,35,25
661d83b6b4988942aa9b449b57e12f81,Trem Elétrico com Luzes e Som,,brinquedos,60,48,1,1400,60,30,16
e337509290028e0c81c0ac93d7b1234e,Aromatizante Automotivo Lavanda,,automotivo,46,2145,8,18000,50,20,20
50571d0f0f8ffbeec1c64cefeec01135,Fashion Bolsas E Acessorios - 350g - 43x16x27cm,,fashion_bolsas_e_acessorios,58,526,5,350,43,16,27
b1fa0cf0885504d458c2a48e376ea087,Espelho Decorativo Ovalado,,moveis_decoracao,52,603,2,1200,65,12,12
9d358fd2a77935cffa32834b50cfb21e,Caneca Criativa 350ml,,cool_stuff,53,953,1,1200,42,25,15
3ae4b63ae37e03994e257921c73d50b8,Cama Mesa Banho - 7kg - 38x45x52cm,,cama_mesa_banho,59,282,2,7683,38,45,52
de907886b218bfa2e0097c1fdff81785,Fone de Ouvido Bluetooth 5.0,,eletronicos,60,443,2,100,22,4,11
d82bca823d7ea924fb38e011970205dd,Luminária Pendente Moderna,,moveis_decoracao,49,1720,2,600,65,11,11
7ce49c8945602088c4c4ca3e0ceb8244,Produto - 1kg - 35x3x35cm,,,,,,1400,35,3,35
27c63413ca2806bcab40a31d0f862a59,Ventilador de Mesa 40cm,,climatizacao,60,1271,1,4550,40,21,32
a93ad122024312ca432da7f7b32474b4,Cama Mesa Banho - 1kg - 48x12x44cm,,cama_mesa_banho,48,267,1,1588,48,12,44
98bf9f3941be6afbca9ea37f8eb0c466,Coleira Antipulgas 8 Meses,,pet_shop,40,287,6,1400,20,16,22
1fd95182c672cf5b10c82207ca5dab97,Limpa Para-brisas 1L,,automotivo,58,797,5,1100,23,7,38
ac01b71ddb644fe8806e71a6030accf9,Espelho Decorativo Ovalado,,moveis_decoracao,29,250,2,800,32,6,28
35e26f65c3f380cfe6257d771fb067d2,Balão de Voleibol Praia,,esporte_lazer,45,1134,1,867,26,15,18
089cc17c8bf2226d13648392e33dabd7,Mouse Óptico USB,,informatica_acessorios,32,999,3,225,17,5,20
3fddda7e92c16fa45033a4373a116e00,Colônia Esportiva 150ml,,perfumaria,45,650,1,75,11,11,8
f110a8fd4a8052d5717ce2adc2bb71d0,Balão de Voleibol Praia,,esporte_lazer,57,1176,4,3350,66,6,43
b76d57984db550fe9e6f3ad3467e3025,Market Place - 1kg - 20x40x21cm,,market_place,63,1498,4,1800,20,40,21
5bf681c3d83a332fbb49765e3e572145,Lixeira Automática 12L,,utilidades_domesticas,44,205,6,100,16,7,20
a7bbff32c7321478b29f924301a1867d,Tábua de Picar Bambu (3pç),,utilidades_domesticas,31,322,2,300,25,6,15
b88d27345de2feed45475bb48cca74b1,Caderno Universitário 200fls,,papelaria,55,787,2,300,16,5,17
52261c8a90724edab7b960c69dbf7a9c,Tábua de Picar Bambu (3pç),,utilidades_domesticas,24,761,4,950,21,27,21
c72f08f769081bfde2959e39c5bde5d4,Perfume Aventus 50ml,,perfumaria,43,478,1,100,20,20,20
7446478ea3cd9ec46d67ad284c09df66,Cama Mesa Banho - 1kg - 30x23x11cm,,cama_mesa_banho,48,2154,1,1800,30,23,11
c857b96593773e940454e76efa8eabb3,Espelho Decorativo Ovalado,,moveis_decoracao,55,133,1,700,35,4,30
ceae7ba6df69ce2b3d1ec03bcfafc31a,Carregador Veicular Bluetooth FM,,automotivo,59,586,3,1125,60,8,33
683f5eb77d76cc28e35f087731199974,Organizador de Gavetas 3 Níveis,,utilidades_domesticas,44,343,1,1200,36,12,23
4834f24983a4f056e5ae64265f723aaf,Smartwatch Série 7,,eletronicos,52,468,3,230,16,14,15
575e0e0242a7a1900558645915d3d9f8,Alimentos Bebidas - 300g - 20x20x20cm,,alimentos_bebidas,57,1551,1,300,20,20,20
d53b2798a5e86b8db90ea3c4855cb409,Boneca Articulada 30cm,,brinquedos,44,952,3,200,20,25,25
a861fc3f9efc96a2aa2f90a1e8a41875,Organizador de Gavetas 3 Níveis,,utilidades_domesticas,56,217,1,400,17,11,11
980ecbcc15fe174ec1e5757c4d75b1bf,Agro Industria E Comercio - 250g - 17x3x10cm,,agro_industria_e_comercio,48,157,1,250,17,3,10
9914c493622d54a4297b480620db7cd7,Kit de Poda (Tesoura + Serrote),,ferramentas_jardim,45,434,2,5903,38,31,33
165c9d7f2d58ca8e4af9381c0b0226a4,Smartwatch Série 7,,eletronicos,34,279,4,417,17,9,15
d19284bf0893e07e80c26fe4ad33458e,Prateleira Flutuante para Sala,,moveis_decoracao,47,1750,4,2550,105,3,70
cb5df9426d14898cd286c3c5ac0b8cea,Limpa Para-brisas 500ml,,automotivo,51,840,1,6800,45,20,45
057229db0353dff9e12e298e8f6429b9,Cama Mesa Banho - 1kg - 16x2x11cm,,cama_mesa_banho,35,564,1,1900,16,2,11
9739d07ec835e1c66eedb9a6df402bd5,Caneta 3D Iniciante,,cool_stuff,44,354,5,900,43,21,26
cb2a50959c992d8d56a80c45b59e0441,Raquete de Tênis Júnior,,esporte_lazer,51,236,2,400,38,26,26
c3f538a01c95c92ddb8055bcfc6f4bd0,Bateria Eletrônica Compacta,,instrumentos_musicais,48,2756,3,350,17,7,11
8b41e0e27cc6de15e59de3853fcf51ce,Prateleira Flutuante para Sala,,moveis_decoracao,51,1362,3,800,24,11,17
39fbb313b6c8c6cc28e358f37e3068c1,Relógio Esportivo Resistente à Água,,relogios_presentes,57,500,1,300,16,11,11
6d07236d4abe99b5b1cbf368971bf6e7,Jogo de Blocos 200pç,,brinquedos,49,170,6,200,17,7,12
7bcc81e7096d625f592094c60385ebc5,Andador Infantil Musical,,bebes,55,1633,1,550,20,13,13
88ef4dcecbad145f927ebce34fbdde97,Trem Elétrico com Trilhos,,brinquedos,36,1588,4,2050,47,13,24
f3ff1b0df51e4b86a6dc168c8bfe7dc9,Prateleira Flutuante para Sala,,moveis_decoracao,63,394,1,1650,45,15,35
27f53b8bf57426361b3e0174c16232e3,Raquete de Tênis Profissional,,esporte_lazer,50,1352,2,4400,20,20,20
716229078d03301a1341876469a09752,Mouse Óptico USB,,informatica_acessorios,53,192,1,100,16,8,11
0aa186c65b07e61f5ac114182ab92a2b,Teclado Multimídia ABNT2,,informatica_acessorios,40,202,1,850,16,20,15
64b7b1d7151216b171067bafdb70d0bb,Berço Portátil Dobrável,,bebes,54,369,1,450,35,2,25
fda6a1e500285956c972ec2fe10f4923,Alimentos Bebidas - 1kg - 20x20x20cm,,alimentos_bebidas,52,1412,1,1850,20,20,20
18047039004204f52054f74b9503b9fe,Cama Mesa Banho - 2kg - 55x17x48cm,,cama_mesa_banho,41,384,1,2555,55,17,48
a669398f595527fc03acc1ebda6b3cce,Shampoo Anticaspa 500ml,,beleza_saude,58,905,2,300,20,10,15
1a596515dcbe1a261f8dc0640ccb5149,Prateleira Flutuante para Sala,,moveis_decoracao,57,384,1,600,30,10,20
70b1659e9e180610c8a5fd5753c85b80,Ámbar Noche Eau de Parfum,,perfumaria,52,1400,1,100,16,3,15
0751d46ff778c72973f67da627093303,Relógio Casual Masculino,,relogios_presentes,57,623,2,317,18,13,14
d332776387e352fbd83df0136cf05db1,Raquete de Tênis Profissional,,esporte_lazer,60,1483,1,100,20,8,16
0a39e413aabaa89275742e9707f60f86,Prateleira Flutuante para Livros,,moveis_decoracao,55,529,4,2000,28,18,38
6722735e7b6ea43bbd86b1c9074c3057,Aromatizante Automotivo Lavanda,,automotivo,52,231,1,1050,20,16,16
cabf8b8ae04dbb649a84f493660febbe,Luminária Pendente Moderna,,moveis_decoracao,54,553,1,1200,35,9,25
b0069f9a7b1811276378d64200846ea3,Carregador Portátil 10000mAh,,eletronicos,47,653,1,150,16,16,16
9474f3c0da0c4fd0bdf88cf6ac1b5d04,Espelho Decorativo Ovalado,,moveis_decoracao,51,208,3,200,55,6,55
6bebe9cd650ba6c55af91897a572e3d7,Relógio Casual Masculino,,relogios_presentes,55,139,5,150,16,2,11
44feb28a74abb0f2f303412d60160750,Livros Tecnicos - 500g - 25x3x18cm,,livros_tecnicos,40,1120,1,500,25,3,18
c47d256557f7fa30144ecea5722eebc2,Caderno Universitário 200fls,,papelaria,59,307,2,8350,38,30,28
42212fc3d57c0e2242bd661e94e1e067,Carregador Rápido USB-C 20W,,telefonia,45,702,4,100,19,3,11
edffab3eae08991a067c2c7664821661,Luminária Pendente Moderna,,moveis_decoracao,55,1646,1,300,16,6,11
42830ac3bef5dc8b398055683e52ad9a,"Mochila Executiva 17""",,malas_acessorios,52,1030,4,325,24,19,20
a8115d34a4b7b74388da609692162c37,Mouse Óptico USB,,informatica_acessorios,34,1080,2,250,41,2,29
f0bc8fe90b1c3901a14ba52f6aa17273,Capa para Samsung Galaxy S23,,telefonia,60,549,4,100,18,12,16
418b40c9e83b7e5ac79e4a7ef975ebbe,Eletrodomesticos 2 - 7kg - 82x10x54cm,,eletrodomesticos_2,47,796,3,7300,82,10,54
89c5f56df4c7712aa9b0aefb21743989,Raquete de Tênis Júnior,,esporte_lazer,48,541,4,3000,67,13,17
29d7696e65020b6cf7846bc4d7668f65,Carregador Rápido USB-C 30W,,telefonia,59,400,2,233,16,13,13
8aa74335629d7d8e4ab23653b04ec65b,Lixeira Automática 5L,,utilidades_domesticas,42,237,1,900,39,4,27
0533c5ec3a042521493cfb6e12d6befd,Produto - 1kg - 38x4x23cm,,,,,,1550,38,4,23
6965419e0d5116b685c3f825e4752231,Mouse Óptico USB,,informatica_acessorios,34,774,1,900,36,9,11
d248fe1e952b5b5d62572369cc23ac3c,Relógio Casual Masculino,,relogios_presentes,34,608,3,600,23,19,15
9d29a021677d35a6b84c543bbdbcf120,Kit de Limpeza Multiuso (5pç),,utilidades_domesticas,50,205,1,800,16,11,18
169837a0e2864f37482261c3d7a2dd80,Shampoo Anticaspa 500ml,,beleza_saude,53,3826,2,350,20,20,20
1c4b558889819d00efc1ec52e76bc450,Fralda Ecológica Tam G (50un),,bebes,58,374,6,200,16,9,11
701657bde0d39ea77205d996a89d9009,Fashion Underwear E Moda Praia - 300g - 30x16x11cm,,fashion_underwear_e_moda_praia,60,1511,5,300,30,16,11
9f69acd4da62618a3f6365b732d00ccd,Produto - 850g - 27x13x21cm,,,,,,850,27,13,21
d9d1f8a93d1a991de6f45594b717b858,Teclado Multimídia ABNT2,,informatica_acessorios,57,2637,3,1000,20,25,20
4b7abf05291c02396d0c60ed5e03e2a9,Shampoo Anticaspa 500ml,,beleza_saude,32,820,1,2100,24,26,24
bd481cb85531aa8ef9c09eb9e6a9e0a9,Fashion Bolsas E Acessorios - 100g - 16x5x16cm,,fashion_bolsas_e_acessorios,27,819,1,100,16,5,16
d0688f07b0aa9bfd7535de718425d8f5,Caderno Universitário 200fls,,papelaria,47,167,4,800,35,10,55
7552749c1a1124b5590d5b7206324daa,Espelho Decorativo Ovalado,,moveis_decoracao,38,478,2,14300,49,42,42
ae8a92195eb75e94998a210eeb51693e,Balão de Voleibol Praia,,esporte_lazer,43,513,1,400,30,5,20
8d77b937d01f4d6ca31ea084ec26fced,Relógio Esportivo com GPS,,relogios_presentes,60,415,7,300,16,2,20
29e4631be78811ab993ae12613053b53,Carregador Veicular Bluetooth FM,,automotivo,58,623,1,3100,70,8,70
331f7c3a5502a8007a966f70e151e89d,Aromatizante Automotivo Lavanda,,automotivo,41,547,4,100,18,13,13
0044d70d4e53450c0fbb8255446a797b,Bola de Futebol Oficial,,esporte_lazer,51,695,1,200,20,18,18
03894c9a40bf32b84a349ef0ddfccc1d,Lixeira Automática 12L,,utilidades_domesticas,59,675,1,20300,44,93,30
ea44caac707f7f1325182a538007f838,Berço Portátil Dobrável,,bebes,59,809,5,6600,45,25,35
1708d4cfc42166dc7f44e1ad501f4933,Cama Mesa Banho - 11kg - 50x20x50cm,,cama_mesa_banho,48,306,1,11550,50,20,50
344cf40b4cf885e32de129b0917e4a33,Parafusadeira Elétrica 12V,,construcao_ferramentas_construcao,54,713,1,750,16,11,11
237629a2fbb505d4db6ef67408dcf5bf,Tábua de Picar Bambu (3pç),,utilidades_domesticas,54,460,1,475,24,19,24
188ca16451af4da0cdad2750f9973fd6,Jogo de Blocos 100pç,,brinquedos,36,210,1,900,45,15,35
8ccac7e503c0ba1f7e7b3aafeae52cca,Espelho Decorativo Ovalado,,moveis_decoracao,35,596,4,5500,32,32,32
528006c231a0ed1649af2db0ab6c69ed,Bola de Futebol Oficial,,esporte_lazer,47,80,1,850,36,23,18
bb706a70fa03c46aa8d5f4a15505ce1a,Cadeira Presidente Ergonômica,,moveis_escritorio,55,594,1,650,20,12,15
e2acf075e3634e6f0c26e4e88c1bf9d7,Moveis Sala - 6kg - 54x18x53cm,,moveis_sala,33,332,1,6750,54,18,53
f71c0f4ee48321ba6b82205b2fc9e08f,Prateleira Flutuante para Sala,,moveis_decoracao,30,669,4,975,35,25,21
933bdcaec5fb56654d35ffaae48c7068,Cama Mesa Banho - 250g - 28x4x18cm,,cama_mesa_banho,48,557,3,250,28,4,18
75aabf28c2ab4533f72b84fb5b061354,Protetor Solar FPS 50,,beleza_saude,44,635,1,4050,25,22,21
0bd478959805d86aabe80febd51789e4,Raquete de Tênis Profissional,,esporte_lazer,55,985,1,717,18,15,18
9239c49d7d0e542d0e12a9023771ef51,Construcao Ferramentas Jardim - 155g - 18x7x14cm,,construcao_ferramentas_jardim,55,2038,6,155,18,7,14
90f97298579cd20412fdcc9b7a2d4b6b,Alimentos Bebidas - 475g - 20x16x13cm,,alimentos_bebidas,31,502,1,475,20,16,13
812f428f6757ab16c46cffc68f2e90c5,Luminária Pendente Vintage,,moveis_decoracao,53,1991,2,600,60,7,14
d951b7ee80638f0b34111a091327be42,Perfume Aventus 50ml,,perfumaria,54,522,1,150,16,12,11
f2a949f938c95d18433bebfb12afe395,Limpa Para-brisas 500ml,,automotivo,60,1657,3,650,16,21,18
f18e94c9042a09a45c22444e432c0fe5,Raquete de Tênis Profissional,,esporte_lazer,54,493,1,400,21,26,21
759329d7653fd0c9a2b00d60aa8dd047,Balão de Voleibol Praia,,esporte_lazer,48,541,1,200,26,5,13
f6bd73f359ad6b91076b19cc0b70b44a,Teclado Mecânico RGB,,informatica_acessorios,60,878,5,1050,29,16,18
d8347a6f6301cb4343a6e05e095e5871,Pacote de Canetas Esferográficas (10un),,papelaria,60,815,5,1150,21,15,15
ede2db86fe8aefa5df3788e970819229,Coleira Antipulgas 8 Meses,,pet_shop,43,261,4,950,50,20,20
6ebdbcab1f0dc7e1d3ecb01c1b140ade,Cama Mesa Banho - 2kg - 40x10x40cm,,cama_mesa_banho,59,333,1,2300,40,10,40
28447390cfd2a411fcb8c008b6163da2,Jogo de Blocos 100pç,,brinquedos,57,696,4,405,21,7,16
9e572ff4654f7064419d97a891a8b0fc,Cama Mesa Banho - 1kg - 47x7x35cm,,cama_mesa_banho,52,167,1,1900,47,7,35
2ac7c9339ff85fff3e1aee3eaf7bb315,Lixeira Automática 5L,,utilidades_domesticas,43,357,1,217,18,5,14
e693be8d8b92c327a28dbadd6abedd0d,Pacote de Canetas Esferográficas (10un),,papelaria,39,1361,1,300,27,5,23
3db5eb72ddad50a83599e1f0741caf7f,Telha de Fibrocimento 2.44m,,casa_construcao,47,186,2,225,23,18,18
d7205c0ebebe2744d7c2e44b6d69cc95,Cama Mesa Banho - 150g - 26x6x19cm,,cama_mesa_banho,50,145,3,150,26,6,19
49e1eb2294c024ad435adb2b1de09336,Kit de Limpeza Multiuso (5pç),,utilidades_domesticas,56,179,1,400,20,7,11
7b0f65d848af0681e064d72f0d44e862,Pendrive 32GB USB 3.0,,informatica_acessorios,27,645,2,125,18,3,11
f4d1833c85057a25ac14374dda132701,Shampoo Anticaspa 300ml,,beleza_saude,63,1421,5,200,16,5,11
ee8eb0990ff05d13d55e89350ce16a3d,Cama Mesa Banho - 600g - 31x4x17cm,,cama_mesa_banho,44,826,4,600,31,4,17
19f3b74026e6ec6c83fc25e21baf454e,Produto - 1kg - 52x10x38cm,,,,,,1300,52,10,38
30b426aecc4e322e14030c1f384b1763,Balão de Voleibol Praia,,esporte_lazer,25,1002,1,2433,30,24,24
d0b9d3d449a97f582b325f11b512bfd2,Livro Sapiens: Uma Breve História da Humanidade,,livros_interesse_geral,35,1254,4,1833,17,17,18
f03e2584cfc057f8bf76bf5683955585,Jogo de Blocos 200pç,,brinquedos,38,1338,2,150,16,21,11
ecd4bfa8cb104e8a1655dd59d1332d29,Lixeira Automática 5L,,utilidades_domesticas,43,165,2,100,30,8,12
4a625789888350aabb6b1acd0e8f9e39,Prateleira Flutuante para Sala,,moveis_decoracao,49,833,1,1000,40,8,40
da77fdd937aba84787dbbba9231f79f8,Aromatizante Automotivo Baunilha,,automotivo,59,1655,3,550,16,21,18
753de82a096285dc21658d87c4933771,Fashion Bolsas E Acessorios - 100g - 16x16x16cm,,fashion_bolsas_e_acessorios,41,187,1,100,16,16,16
7642ddbf174d9a97119510f56be6c201,Boneca Articulada 30cm,,brinquedos,55,1131,3,1950,30,35,35
b5c114b11d53b6fd85a6a90790f0b479,Lixeira Automática 12L,,utilidades_domesticas,30,678,3,267,24,15,12
54668f8d7fb456c8977d5ca817dab50c,Cama Mesa Banho - 800g - 43x23x23cm,,cama_mesa_banho,49,486,1,800,43,23,23
0f18321a5c6483ce8d2b2785f0c8f25d,Fashion Bolsas E Acessorios - 200g - 16x8x11cm,,fashion_bolsas_e_acessorios,33,406,1,200,16,8,11
2d80845a6f78e68221e4965655a9a9b8,Fogão 4 Bocas Inox,,eletrodomesticos,54,192,1,150,27,13,17
d5448c89ef7dc8228e12ae75e180ba74,Película de Vidro Temperado Universal,,telefonia,44,101,1,100,20,20,20
d0fac709247e97e9b44a5351891ef9f3,Carregador Veicular Bluetooth FM,,automotivo,60,968,3,800,16,16,11
9256d5ffeddcdb1ee516de53414ff1a2,Capa para iPhone 13,,telefonia,59,540,3,300,17,4,12
e40c9663823a220588b8f0c552ff5c03,Fashion Roupa Masculina - 750g - 40x6x35cm,,fashion_roupa_masculina,54,275,2,750,40,6,35
31a2f42a87890f87d77daebdfabc182e,Jogo de Blocos 200pç,,brinquedos,58,419,5,1700,30,35,25
8fae593cc19dca7764e3eea78ec0fd77,Carregador Rápido USB-C 20W,,telefonia,40,1886,2,300,21,11,14
8cab8abac59158715e0d70a36c807415,Raquete de Tênis Júnior,,esporte_lazer,56,1392,4,1050,40,20,30
39af1cd37608a2db10b81fd2350ce047,Arranhador para Gatos 60cm,,pet_shop,41,998,1,533,24,15,16
ce776bb92d4579d4ea61c2a009a2ab67,Relógio Casual Feminino,,relogios_presentes,40,262,1,600,16,27,17
19998f21eb0c32c91d5530613a490f41,Relógio Esportivo com GPS,,relogios_presentes,49,705,2,500,23,15,19
cfe3de98710935b80905117b165e6799,Espelho Decorativo Ovalado,,moveis_decoracao,39,354,1,1350,30,30,30
15a9e834e89eab39d973492882c658d6,Cama Mesa Banho - 949g - 30x20x26cm,,cama_mesa_banho,52,530,6,949,30,20,26
1fd5b8526b883f92d22dc09cda3031e3,Cama Mesa Banho - 350g - 70x8x45cm,,cama_mesa_banho,54,123,2,350,70,8,45
52875639c307f1a60e501898dcf12a4a,Carregador Veicular Bluetooth FM,,automotivo,58,1020,3,1800,34,40,19
3133d254cf85a65d8e94f39e38ded239,Shampoo Anticaspa 500ml,,beleza_saude,45,918,1,283,17,11,16
53d2c16e7356d124bb2a3f64ca920754,Raquete de Tênis Júnior,,esporte_lazer,60,1412,2,433,16,16,16
e145fe0be63a7cfdb3b2d57c6769cec1,Liquidificador 600W,,eletrodomesticos,54,246,1,100,18,8,13
f24fac234abea1ab9560893ecc15a573,Aromatizante Automotivo Baunilha,,automotivo,51,1001,1,3375,47,22,11
d4cd62aeff97bcd3154deb9488f0cc5c,Shampoo Anticaspa 500ml,,beleza_saude,15,726,1,450,16,2,11
b41f1b93d5b478ecc56bcd6285c3a696,Raquete de Tênis Júnior,,esporte_lazer,57,1537,5,450,30,10,30
1cd4e06e315c38b1a4a3268caa41fcd8,Luminária LED Multicolorida,,cool_stuff,53,805,1,800,26,15,20
a8d952e8e5436a6fe36d24c402d100de,Capa para Samsung Galaxy S23,,telefonia,60,540,6,300,17,4,11
2ad7e937566ede4b158f9b06656b69ef,Raquete de Tênis Júnior,,esporte_lazer,49,1840,5,3350,50,39,12
a1fa8c0b1d3e019af17cb198cefa4691,Batedeira Planetária 400W,,eletrodomesticos,57,137,1,100,18,8,13
7dcc2e60786a27f4a3115fdf666b81fe,Fashion Bolsas E Acessorios - 500g - 20x10x20cm,,fashion_bolsas_e_acessorios,60,487,15,500,20,10,20
c9bf1f1d7fdb5fa18943e2d9dad5de02,Organizador de Gavetas 3 Níveis,,utilidades_domesticas,56,1220,2,500,23,2,23
3c07c4a8d970b0ffad8a97bd6b5e478c,Prateleira Flutuante para Livros,,moveis_decoracao,56,1750,3,2450,105,3,70
822c9ab05e9b8114704a5b2cd8639585,Ámbar Noche Eau de Parfum,,perfumaria,49,300,1,520,24,13,17
f706789a48ef8564b44640d0180b1aa7,Cama Mesa Banho - 1kg - 41x7x41cm,,cama_mesa_banho,39,292,1,1300,41,7,41
cec6ba506483e17644eb48ee6694f5cf,Pulverizador de Jardim 2L,,ferramentas_jardim,56,354,1,5050,21,35,21
2cbd0f06c3123f0bd14c4bffc0498996,Carregador Rápido USB-C 30W,,telefonia,52,728,1,75,19,5,11
06ae026e430189633c2fbd0288c86257,Relógio Esportivo Resistente à Água,,relogios_presentes,36,562,1,450,22,14,17
aba92acbdc38cb3a656015d4fa601a23,Película de Vidro Temperado Universal,,telefonia,59,502,1,325,40,10,11
b520bae2a8c9790cac40196cb2025283,Luminária Pendente Moderna,,moveis_decoracao,40,94,5,200,16,5,20
f97ad9066c718a6cef93dfcf253d3e0d,Espelho Decorativo Ovalado,,moveis_decoracao,63,886,5,30000,61,70,65
40f9995eecfc68f54991ca49582e9885,Carregador Rápido USB-C 30W,,telefonia,60,816,1,150,27,5,20
4228bf901c8db392cbffcbc1f14a13e2,Smartwatch Série 7,,eletronicos,42,943,1,200,20,20,20
7e5fe07db814cff1e50a7561a10e37ef,Cama Mesa Banho - 250g - 16x10x16cm,,cama_mesa_banho,54,672,2,250,16,10,16
836c4b48c2b383bb38bb5788f828c596,Fashion Underwear E Moda Praia - 100g - 26x5x18cm,,fashion_underwear_e_moda_praia,47,187,2,100,26,5,18
42283300f3811baee739f5f6edc6feee,Martelo de Aço 800g,,construcao_ferramentas_construcao,60,1988,3,450,16,14,11
37b4783642fb927cc790934843b00b06,Luminária Pendente Moderna,,moveis_decoracao,31,479,3,1000,16,19,29
189e539d996a9b8ba4bba1a140a024a7,Creme Dental Branqueador 90g,,beleza_saude,59,763,2,300,20,10,15
e71435b372f90893385344e8be3a7696,Lixeira Automática 5L,,utilidades_domesticas,43,2372,1,1350,44,11,25
f2f960ea3804c29b5e5834c34082a0f4,Fashion Esporte - 200g - 16x12x12cm,,fashion_esporte,51,511,2,200,16,12,12
8934769521d632e65c27992662f05673,Caneca Criativa 350ml,,cool_stuff,26,1105,3,200,17,4,13
ace77a1ab97b16e1947ee74c5f2d8c64,Market Place - 600g - 29x12x23cm,,market_place,50,312,9,600,29,12,23
672f4e03ae047fc417a8921d6c1ed73e,Bateria Eletrônica Compacta,,instrumentos_musicais,46,259,1,700,38,4,30
03df27817e9494be978b56cc083a0beb,Capa para iPhone 13,,telefonia,58,607,3,200,19,4,11
8b0229efd2d204e26dca4fb9d3eda08c,Creme Dental Branqueador 90g,,beleza_saude,24,1690,1,4000,30,35,30
bd9fca6bf4bdcbf4094d7bc11415dfe5,Eletroportateis - 4kg - 45x29x22cm,,eletroportateis,47,2378,6,4683,45,29,22
50f1880f1989251727fbbfe8c0a346a6,Caneta 3D Iniciante,,cool_stuff,54,661,2,1450,42,25,15
373ad61ecfb4f1bd97ce0de42d3d9f04,Creme Dental Branqueador 120g,,beleza_saude,34,336,2,300,16,9,15
6ef76b1a0c15eb96ed49c78d38f37b68,Cama Mesa Banho - 600g - 45x15x35cm,,cama_mesa_banho,50,222,1,600,45,15,35
9ee22e986a24607377ce379ebda2c666,Fone de Ouvido Bluetooth 5.0,,eletronicos,44,293,3,16850,22,22,18
ea768069ca084e95a752ee7d51a8ff70,Aromatizante Automotivo Baunilha,,automotivo,53,2720,5,975,22,6,13
06b4fb6f7d3ef030f7906bb13dde0728,Bebidas - 1kg - 16x36x16cm,,bebidas,39,394,1,1550,16,36,16
dbbd95b8c1dfccf8bd20dff9b52688a9,Eletroportateis - 2kg - 25x23x32cm,,eletroportateis,50,481,1,2500,25,23,32
ebb87ff961b613b4e8c625c25018f9cc,Raquete de Tênis Profissional,,esporte_lazer,50,736,1,2350,60,15,43
a9bd39d11fe4d2d378c44eee9b11d9ce,Cama Mesa Banho - 550g - 60x10x40cm,,cama_mesa_banho,58,295,1,550,60,10,40
8d578db76b524efa43a961df4ac2d7d9,Aromatizante Automotivo Lavanda,,automotivo,60,1394,3,2275,33,7,26
e94d9f48ab491b190c0f0bdbd12830ae,Relógio Esportivo com GPS,,relogios_presentes,56,559,2,215,19,13,19
2bb3e85f2a403543fdb64e266e70c792,Trem Elétrico com Trilhos,,brinquedos,57,925,5,19450,45,50,45
9bda44a359c6f3c4a011c470eaa1708c,Colônia Nativa 200ml,,perfumaria,37,531,1,500,16,16,16
ec22e13f6e6798a040b5e4db9d434e59,Trem Elétrico com Trilhos,,brinquedos,43,223,1,350,45,15,35
a0b4002c65e49bff2f59d5c78c95fd0f,Relógio Casual Masculino,,relogios_presentes,58,195,3,200,16,2,11
a4c27cf9767fe2b589251c764b891eda,Perfume Aventus 100ml,,perfumaria,58,1061,2,368,22,15,18
902a8b8bb0768e8562edc2d903337812,Berço Portátil Dobrável,,bebes,33,104,1,750,40,11,35
0fa699aaa0a38aa5d1de8e7fe04d2204,Produto - 17kg - 48x32x28cm,,,,,,17900,48,32,28
40c19ad8081c5efe90d93d945287adb8,Colônia Nativa 200ml,,perfumaria,30,138,1,150,22,7,16
7736ea239e147291f6adb766c992beb1,Cama Mesa Banho - 250g - 40x4x30cm,,cama_mesa_banho,46,128,1,250,40,4,30
7e3c3f51d5ccc2382147194f911e22a8,Bota Social Masculina 41,,fashion_calcados,42,649,3,700,16,8,18
0c5bb07e9638a9c1f2616db08eb0318f,Controle Sem Fio para PS5,,consoles_games,27,462,1,200,24,3,19
a8c6a80cff824c02863660b09d8a5502,Colônia Esportiva 150ml,,perfumaria,37,641,1,200,16,3,12
2655d926d7d25a339682b6d8b2d53a49,Cama Mesa Banho - 690g - 25x11x22cm,,cama_mesa_banho,50,395,1,690,25,11,22
5aa4825c48568a0e84cbb5a84fe0b533,Mouse Sem Fio 2.4GHz,,informatica_acessorios,59,211,2,700,30,12,12
258a6d1b2a8645981cf1f93803e5ae6a,Artigos De Festas - 350g - 16x11x11cm,,artigos_de_festas,25,354,1,350,16,11,11
feddfbd2585f9007f7ed77b1d1ae8d80,Creme Dental Branqueador 120g,,beleza_saude,54,2627,1,700,16,16,15
2012a57204f00f8fd57f8196130bee26,Cama Mesa Banho - 1kg - 35x3x30cm,,cama_mesa_banho,54,660,1,1050,35,3,30
c033d17d5564326cf7986e7ffda1cf60,Creme Dental Branqueador 120g,,beleza_saude,55,865,4,1350,42,12,11
a968285b931b85e05c46234aa3db388f,Fashion Bolsas E Acessorios - 150g - 16x9x11cm,,fashion_bolsas_e_acessorios,49,378,5,150,16,9,11
8fc20e5093a3fce66e664f0f066e1a75,Caderno Universitário 200fls,,papelaria,37,129,2,80,17,9,14
672bdce161930b1c72890c619224376a,Fashion Bolsas E Acessorios - 1kg - 20x20x20cm,,fashion_bolsas_e_acessorios,27,542,2,1000,20,20,20
36696562bef043d7e07305d62baf5ca7,Prateleira Flutuante para Sala,,moveis_decoracao,63,199,6,3800,42,16,26
be4759b234eb97ef5af31ef0ccd0498e,Balão de Voleibol Praia,,esporte_lazer,60,874,1,500,16,30,16
41b32e93d4f4db03491412efc40f3c91,Relógio Casual Feminino,,relogios_presentes,58,485,3,1000,17,10,16
977f845fc71d6dfd5af3a0aaaabf2161,Andador Infantil Musical,,bebes,46,1947,4,10000,50,34,50
a4975ec11326ed8c6c875ca0f56a2814,Eletroportateis - 200g - 20x10x15cm,,eletroportateis,57,270,1,200,20,10,15
694f7daacd749d7bde487e0f9675c5b8,"Mochila Executiva 15.6""",,malas_acessorios,55,1002,8,850,30,15,15
5907ee011dfad4ad998e382fe4df3d14,Cama Mesa Banho - 700g - 16x10x16cm,,cama_mesa_banho,56,557,1,700,16,10,16
283f243bb09e48e8f324d175182d5cfa,Capa para Samsung Galaxy S23,,telefonia,60,1440,4,225,18,5,16
ce195678bb5445bf68a272e3aeb5bb69,Bola de Futebol Oficial,,esporte_lazer,54,1186,1,3800,31,31,31
7b18385da9c1aa96dcc9bf8da7ea4608,Teclado Mecânico RGB,,informatica_acessorios,60,162,1,1000,22,22,22
8e9ecca4227272deda7212e69c0d7429,Prateleira Flutuante para Sala,,moveis_decoracao,58,1068,1,680,33,4,33
c702ae743958a81cd230189d4e72674c,Pendrive 32GB USB 3.0,,informatica_acessorios,41,344,2,183,23,14,14
115fdef806a3b8e9fc52a1dee818f2de,Berço Portátil Dobrável,,bebes,49,376,1,450,35,2,25
bb1ee1154c7f9b5329328e3fab9e6bb2,Caderno Universitário 100fls,,papelaria,54,983,5,8800,32,5,40
6e1b14d3cbb5fb3a2c00351007127dfd,Caneta 3D Iniciante,,cool_stuff,55,985,1,1625,44,24,32
28e4cc79e14821f63f876cb3b2f52eeb,Protetor Solar FPS 50,,beleza_saude,25,1340,1,400,20,9,15
d0fb1e667e989933a80444f93da833c0,Tábua de Picar Bambu (3pç),,utilidades_domesticas,47,390,3,525,18,19,16
36c1e7a02219b5d1e56743473a92e895,Raquete de Tênis Profissional,,esporte_lazer,42,2034,1,800,25,25,25
4c1bdb311e919e2100eef5ef92debbbe,Limpa Para-brisas 1L,,automotivo,60,1409,3,2200,22,4,22
acef497c1130f71ccfe63aaa1c9a607d,Protetor Solar FPS 50,,beleza_saude,53,2496,1,200,16,6,11
94c07760f470ab9997f27d0129682eb3,Produto - 450g - 16x20x11cm,,,,,,450,16,20,11
18301962305db63b0f3e995998075ffa,Construcao Ferramentas Jardim - 200g - 16x16x12cm,,construcao_ferramentas_jardim,33,164,1,200,16,16,12
87f6e794e8e759e774a4c34590565036,Jogo de Blocos 100pç,,brinquedos,59,1961,6,950,35,6,25
42749c525c90994bd3d4c74edf047172,Construcao Ferramentas Jardim - 1kg - 60x13x23cm,,construcao_ferramentas_jardim,57,1289,1,1300,60,13,23
db933f6b3a695ab2f9f990ced2a0c258,Mouse Óptico USB,,informatica_acessorios,46,518,1,850,35,15,15
b59e3776fd0270273b8f6b1345e2f0fc,Fogão 4 Bocas Inox,,eletrodomesticos,59,754,1,16350,25,25,25
a1231816b47b24a6fa3de97f2147a8b6,Caderno Universitário 100fls,,papelaria,60,126,3,6150,25,55,45
901d948bd60c35ff015aa3a8fe28b610,Teclado Mecânico RGB,,informatica_acessorios,30,642,2,200,20,10,15
ba58dd885694fa6a278aa4217365680a,Teclado Musical 49 Teclas,,instrumentos_musicais,23,816,1,9100,55,25,35
00de7f393d962717eeeb2d7131a40dba,Capa para Samsung Galaxy S23,,telefonia,47,816,2,300,16,5,12
d51e0a7f437c0d14f560082ed007fd85,Colônia Esportiva 150ml,,perfumaria,36,47,1,210,17,11,14
70906e04da1eebf3d1b8791bd09ffe85,Mouse Sem Fio 2.4GHz,,informatica_acessorios,51,518,1,214,18,14,13
884b444b6ef19272ab3adf358afcc921,Caneta 3D Iniciante,,cool_stuff,25,258,1,10600,57,34,37
643a66b1dc5dad3de6cb5a41549e72f1,Telha de Fibrocimento 2.44m,,casa_construcao,51,1558,2,300,27,8,21
f74eb9bc847b5e5e906e5e214bb451b8,Prateleira Flutuante para Livros,,moveis_decoracao,59,438,1,900,30,4,20
cb8e28059517d11290a61a51203df575,Lixeira Automática 12L,,utilidades_domesticas,60,512,1,500,16,30,40
b776dbd8d7dfb18b7422dd99b1f1ba03,Tábua de Picar Bambu (3pç),,utilidades_domesticas,49,539,3,3350,22,17,23
9c74c26ab807a4a6a5c1dd3c0a112d76,Cama Mesa Banho - 500g - 20x10x20cm,,cama_mesa_banho,58,781,1,500,20,10,20
16447aab914c7ecbeb5b7b7518ff3d94,Prateleira Flutuante para Sala,,moveis_decoracao,63,395,1,150,25,5,20
2d27434c710806b971a721da337a112a,Relógio Casual Feminino,,relogios_presentes,58,401,2,200,16,2,20
e502a4cfd9526d141774f8f7b3d2f782,Mouse Óptico USB,,informatica_acessorios,59,129,2,100,16,8,11
48619586c9a058ad8640a4e53185a9e0,Luminária Pendente Vintage,,moveis_decoracao,43,471,1,700,20,20,20
794c86fac605d182da0e2e7965c047f6,Controle Sem Fio para PS5,,consoles_games,23,1537,1,200,21,5,14
bf06a69bb27c58156391de458700f3e7,Relógio Casual Masculino,,relogios_presentes,60,272,5,300,16,2,11
f45d3b91af1103db9a21dc9d11cb9223,Chinelo Slide Unisex 39,,fashion_calcados,57,404,4,750,22,12,33
b7c082547bcb8ee0d7537b17668bc108,Sinalizacao E Seguranca - 233g - 22x17x15cm,,sinalizacao_e_seguranca,47,686,1,233,22,17,15
159d2dfef362b9ad87fc748aeca593e8,Bola de Futebol Oficial (Edição Especial),,esporte_lazer,31,792,3,400,23,20,15
15c6285354cb4294fba984d48fd19805,Bebidas - 1kg - 25x25x25cm,,bebidas,28,932,1,1400,25,25,25
5e560c2bf4bf75f9c836af727033f3c2,Cadeira Presidente Ergonômica,,moveis_escritorio,51,2206,1,20500,58,28,58
aae1c80508d794a69456c92a49968a2b,Luminária Pendente Vintage,,moveis_decoracao,57,2260,3,1550,69,11,11
3f6f946481fd39f4eda986012f6e0447,Produto - 1kg - 38x28x40cm,,,,,,1600,38,28,40
e5255f9b1ef223780f2e2d7d3e11fd22,Bola de Futebol Oficial,,esporte_lazer,60,1461,1,2850,16,15,15
4710a0bdb9d5f433754a8c77de67ed88,Cama Mesa Banho - 300g - 20x10x20cm,,cama_mesa_banho,40,185,2,300,20,10,20
732b161706d966d09976eec245d8b3bf,Creme Dental Branqueador 120g,,beleza_saude,52,1796,1,2100,30,17,17
8e761c0d91fd28b0937e63238852f2f8,Caderno Universitário 100fls,,papelaria,40,264,8,550,25,7,20
8bd9ea581812a401d20fdccc7b8abb1a,Fashion Bolsas E Acessorios - 200g - 16x2x20cm,,fashion_bolsas_e_acessorios,52,1519,2,200,16,2,20
18bbb32704d17a575910a8cf8089bce4,Telefonia Fixa - 725g - 22x12x17cm,,telefonia_fixa,57,631,1,725,22,12,17
45f68d6b5c1bdaeb13882fdcb62e4e47,Andador Infantil Musical,,bebes,57,1644,3,500,23,33,11
df3ef285e62ef3719a8d1b02ea511fc9,Limpa Para-brisas 1L,,automotivo,51,346,2,200,16,16,12
9bfc587761f18460f4b443495f3588b4,Artigos De Natal - 4kg - 40x35x40cm,,artigos_de_natal,60,298,9,4200,40,35,40
ed13ae6f86e2108b97c3e86d7a9adc3b,Bola de Futebol Oficial (Edição Especial),,esporte_lazer,63,213,4,1600,26,26,26
3606696d19bbcad6cb6c0e985749862f,Limpa Para-brisas 1L,,automotivo,56,882,4,450,16,9,15
e002889aa3b0026aa7dd040d8344a14b,Raquete de Tênis Profissional,,esporte_lazer,55,1889,5,650,38,10,28
2944c269bc95271a46f4c63f07149b0a,Luminária LED Multicolorida,,cool_stuff,58,681,3,275,16,16,13
84c14b1bdd1a86dad802e0863ef5385e,Cama Mesa Banho - 2kg - 35x20x30cm,,cama_mesa_banho,55,198,1,2200,35,20,30
b18d3e74e5793a823be8acec061a5977,Trem Elétrico com Luzes e Som,,brinquedos,58,78,2,367,29,21,21
5cd053141f4add1fc0a9ea4fb43242db,Creme Dental Branqueador 120g,,beleza_saude,49,1490,1,850,31,14,20
a90344a21959338905811b0c0248ac4a,Pacote de Canetas Esferográficas (10un),,papelaria,57,487,2,150,16,6,11
2eb73af678f6999d0c48d617f5bc42bb,Cama Mesa Banho - 4kg - 51x11x51cm,,cama_mesa_banho,59,575,2,4150,51,11,51
962a6951154f98f2c8e9a5b8b2bcf4a9,Luminária Pendente Moderna,,moveis_decoracao,47,610,1,2550,30,35,30
1a264b7839c199ba4df21d5284492650,Aromatizante Automotivo Baunilha,,automotivo,44,1335,1,250,18,11,14
ea13d597910697c345c5e41c59512986,Luminária Pendente Moderna,,moveis_decoracao,54,602,2,1700,69,20,53
a742e0f6787ec4e2ae3a124d40d82c6c,Cama Mesa Banho - 2kg - 45x13x35cm,,cama_mesa_banho,59,223,1,2150,45,13,35
8aba0cf5748dc396ec71bfdb0624a2fe,Raquete de Tênis Júnior,,esporte_lazer,40,1213,5,300,40,10,15
e4d1cdc6559e08672c98c73a21305521,Raquete de Tênis Profissional,,esporte_lazer,52,303,1,150,25,5,20
691e94cb0e5eef842f15bb1ca0dac309,Lixeira Automática 12L,,utilidades_domesticas,53,810,1,6500,63,14,44
3bb8427f7700385308f42cfcf4c8d10d,Mouse Gamer 16000 DPI,,consoles_games,58,1388,2,700,25,25,16
92ee7c820f6eb0c532ecd94508e3cc29,Audio - 200g - 18x6x16cm,,audio,37,329,4,200,18,6,16
a9d8f831888820cd641dcd5ca9fea4e8,Produto - 50g - 16x2x11cm,,,,,,50,16,2,11
48270bcc7097939dcf14a537d7128054,Produto - 1kg - 30x30x30cm,,,,,,1000,30,30,30
d1ff1a1223a2739d17005c9f4c4a40b6,Marcador Permanente Preto (5un),,papelaria,59,240,3,10100,28,55,37
81a7ce9e5b3c92b523c22a4d3d3e05f4,Kit de Limpeza Multiuso (5pç),,utilidades_domesticas,60,213,1,450,16,30,11
b5778c55de68777a0a3565e03b2e2817,Produto - 2kg - 26x25x47cm,,,,,,2500,26,25,47
e91955df14147b502c6737d45dd0bdcc,Eletroportateis - 1kg - 28x20x28cm,,eletroportateis,51,1164,2,1000,28,20,28
72b253635b316f49e42e618d6e585ebc,Jogo de Blocos 200pç,,brinquedos,23,273,1,125,22,7,14
c14d410aea63d378e1934e00f20924cc,Shampoo Anticaspa 300ml,,beleza_saude,45,1544,1,2000,22,12,16
7b85e3deef35afd6ebed5461ee8f0641,Mouse Óptico USB,,informatica_acessorios,56,617,1,1583,18,15,12
6fd08d44046ab994b96ff38ad6fcfba1,Fralda Ecológica Tam G (50un),,bebes,60,865,1,500,23,23,23
165948b2c41e846df7d09b56826a747f,Fashion Bolsas E Acessorios - 200g - 16x2x11cm,,fashion_bolsas_e_acessorios,55,89,1,200,16,2,11
7c197490eb450e4ef0453e2ac0af9f30,Teclado Multimídia ABNT2,,informatica_acessorios,43,275,1,900,30,15,15
fb629d276a4906468cec4054df4bfd24,Limpa Para-brisas 500ml,,automotivo,58,296,4,100,16,20,11
87203c0c493c868d66c51ca0b47328d2,Organizador de Gavetas 3 Níveis,,utilidades_domesticas,54,1023,2,3150,34,18,19
15d5088ad671c687e6ee89b9ba4e0766,Eletroportateis - 17kg - 35x40x40cm,,eletroportateis,25,812,1,17325,35,40,40
931c60354b3929e5d44693757b11b5c0,Creme Dental Branqueador 120g,,beleza_saude,39,3580,1,375,29,4,16
64eb8b21706b8e2c733ba16bf02a1537,Protetor Solar FPS 50,,beleza_saude,33,542,1,1100,20,14,16
736c8680c4a1ce8fc7ed08c9df0431ab,Carregador Veicular Bluetooth FM,,automotivo,57,667,6,4450,56,11,32
1349eb7b72fc4394d408917c76464af8,Berço Portátil Dobrável,,bebes,41,243,1,133,21,8,14
33f00e46ac331db0df0c5e84b67dc1e0,Jogo de Blocos 100pç,,brinquedos,52,882,7,50,20,8,17
b21f65209a6ce012874c5b0a33d7bc55,Necessaire Viagem 3 Compartimentos,,malas_acessorios,48,956,1,100,30,8,25
3d870b8af7dbdc91b10cfb0139f3d44d,Cama Mesa Banho - 250g - 16x10x16cm,,cama_mesa_banho,54,505,1,250,16,10,16
0c9439abe84dc40a64fc164365c4d064,Bebidas - 2kg - 16x38x11cm,,bebidas,36,1481,1,2775,16,38,11
cfe99a31516679fb9515881d25891570,Tênis Esportivo Masculino 40,,fashion_calcados,35,222,5,500,29,12,23
a6a5c394a9908ba4b34f50ce6bbb3465,Prateleira Flutuante para Sala,,moveis_decoracao,59,2434,2,400,69,11,11
ec6cf0744914e96d2c1bf6a1bc475665,Sanduicheira Elétrica Grill,,eletrodomesticos,60,392,1,1850,20,8,13
39fc0322ba2fdb70b5c3f6ff32baa4a5,Prateleira Flutuante para Sala,,moveis_decoracao,56,282,1,1250,45,8,35
a41e24aae442561fb4a9ef505ff1d55f,Pacote de Canetas Esferográficas (10un),,papelaria,36,495,1,250,19,3,14
d8dd9c0b7decc04a3112159b4e6cf7be,Berço Portátil Dobrável,,bebes,55,1635,1,600,20,13,13
a9c07eb189dfb45ac5652b6a82f7b008,Teclado Mecânico RGB,,informatica_acessorios,34,518,1,950,26,16,16
5d0163a1864ccff91f6949a1b03a37ae,Tábua de Picar Bambu (3pç),,utilidades_domesticas,49,403,1,8450,19,48,27
a5ff20b029ac4a8efcb652a53f640ce1,Bola de Futebol Oficial,,esporte_lazer,39,1659,1,850,16,16,16
f9677c35e1360591bd6b86e3c5c20181,Pacote de Canetas Esferográficas (10un),,papelaria,34,684,2,300,16,5,11
f2886fbf788880954be8b4399aead7c8,Mouse Óptico USB,,informatica_acessorios,40,522,3,200,20,20,20
afc026db9e1bc0f06ae19abe8aff3b66,Geladeira Frost Free 400L,,eletrodomesticos,59,113,10,10750,50,50,50
531db530c03405e0e34470594e53b7dc,Balão de Voleibol Praia,,esporte_lazer,58,301,3,250,25,25,25
885863d2643afa92b9379cacd3614f26,Livro Mindset: A Nova Psicologia do Sucesso,,livros_interesse_geral,54,626,2,550,25,5,18
f2bb1681ac26e3993d10ff79cba282d5,Lixeira Automática 12L,,utilidades_domesticas,46,180,2,400,23,6,15
fc13bac52be6640d9a77f54894e2c0e6,Creme Dental Branqueador 90g,,beleza_saude,42,1158,1,550,17,9,13
2a21592fa9b5f82a36ec4e151bb31d10,Tênis Esportivo Feminino 35,,fashion_calcados,40,303,12,500,29,7,16
6ff2272628904adc50a60b0d755e9526,Relógio Casual Masculino,,relogios_presentes,38,361,1,500,18,11,14
edec8e73963826ce09b218ed8cafe3a6,Kit de Limpeza Multiuso (5pç),,utilidades_domesticas,41,171,1,4513,47,32,25
564f6caa975212d645b004093145e621,Bola de Futebol Oficial,,esporte_lazer,55,385,1,768,15,13,13
2381a3052dd37f97e616bf160467acae,Relógio Casual Masculino,,relogios_presentes,39,615,1,530,18,9,13
a9e0a3a894f4bf7844830c090853c3e1,Carregador Rápido USB-C 30W,,telefonia,49,79,1,375,18,10,16
c59f580bd1844c1f634ce410bda0a6ea,Prateleira Flutuante para Livros,,moveis_decoracao,42,1405,3,150,35,2,25
be3eb52ad733d7f7fff631a0cad35e81,Pendrive 32GB USB 3.0,,informatica_acessorios,29,863,4,500,16,16,16
ec3a2834eedc556927bb46dbad044f91,Capa para iPhone 13,,telefonia,49,426,2,150,18,6,13
dcef0da33db62e8ec01b99cc3d813676,Caderno Universitário 100fls,,papelaria,47,1076,2,1300,25,5,20
bc2d6310e5cbd60facb2f9c8d9471597,Luminária LED Multicolorida,,cool_stuff,23,779,2,7100,36,47,32
77e56e1e099429aab02aa75e36831eac,Camiseta Geek Estampada,,cool_stuff,47,1369,2,20600,53,45,53
47ed9bf58ec9b274dd4effeb9c75f117,Shampoo Anticaspa 500ml,,beleza_saude,43,1145,1,300,21,6,14
ac8cd7b94039a681dafe6f7d664864e7,Espelho Decorativo Ovalado,,moveis_decoracao,63,641,1,200,27,10,12
81c891c541361f1108fe9e2a645324d9,Suporte de Celular Articulado,,cool_stuff,47,832,3,13900,34,93,34
72a2153c4d20cfbcdb7f75d9c39f5814,Lixeira Automática 5L,,utilidades_domesticas,36,565,3,1100,30,25,30
3321ad579f19476d0d668f726f8dffec,Cama Mesa Banho - 2kg - 46x8x38cm,,cama_mesa_banho,60,268,1,2650,46,8,38
048d97d0e3bf2fdb3f1d268b69396cdc,Raquete de Tênis Júnior,,esporte_lazer,48,652,3,1200,25,30,25
4be566f7ce6887d7ba428bccab9db80d,Protetor Solar FPS 50,,beleza_saude,40,664,1,4800,27,22,39
79e15231b726878193713bdd2c293448,Raquete de Tênis Profissional,,esporte_lazer,59,1119,1,932,23,24,21
d2f2c2b94c6ac44ece0bd0dd202c7939,Prateleira Flutuante para Livros,,moveis_decoracao,54,241,4,1050,32,12,32
71cc431cc19ca0b0bb8bcd909b5037e2,Raquete de Tênis Profissional,,esporte_lazer,31,325,1,920,25,24,22
612f9101c59a6a365b661f2546fdceda,Arranhador para Gatos 60cm,,pet_shop,46,845,1,500,25,20,20
d7afbba2a75a596c3a917abe0efd5f5a,Camiseta Geek Estampada,,cool_stuff,55,733,3,600,42,25,15
583761235b9cbaaf0f216aaa1fb5c70b,Mouse Sem Fio 2.4GHz,,informatica_acessorios,54,557,5,150,16,8,11
efd750dd2fc958a06d84d97bbc7056af,Fralda Ecológica Tam M (50un),,bebes,18,1102,3,700,20,8,14
5031f2af0894d36e3f6fe78b6f2d52bc,Cama Mesa Banho - 1kg - 50x16x16cm,,cama_mesa_banho,57,444,2,1100,50,16,16
54dca21ee79ceeb14349eefde174341a,Lixeira Automática 5L,,utilidades_domesticas,50,525,1,400,30,30,30
f8f1404df05c9e68c0f11fe76b338921,Tapete Higiênico Cachorro 40x50cm,,pet_shop,51,230,1,300,20,10,15
b62c4aeee36fc51b2bd7fa2e5c3268b2,Limpa Para-brisas 500ml,,automotivo,54,1120,4,1350,25,10,20
5c0df984f68150bd43a1a59aaa83c13f,Ração Seca Cães Adultos 15kg,,pet_shop,26,784,1,150,30,20,20
adafff46869180550d3c4741c60841f2,Carregador Veicular Bluetooth FM,,automotivo,55,655,5,2400,30,28,30
1589d392201547c9b78a117c0e2191dd,Livros Tecnicos - 450g - 33x6x22cm,,livros_tecnicos,28,1499,1,450,33,6,22
431dc11c26a67c6a49e81cee84f35b28,Mouse Gamer 16000 DPI,,consoles_games,47,1338,2,600,18,12,18
51fe26bc4bb0f89f07096d8c96b35476,Produto - 200g - 16x2x11cm,,,,,,200,16,2,11
b80b2895a4edf092d99f63d8d96d84e5,Balão de Voleibol Praia,,esporte_lazer,36,1703,1,269,22,16,19
03e606af3a694d55bf9abce7f5b07c42,Balão de Voleibol Praia,,esporte_lazer,55,664,1,700,20,12,20
0820af09ddc75b84841b1fab4da4be9b,Liquidificador 600W,,eletrodomesticos,60,462,1,100,18,8,13
69d4040bce5f682537d8e124d1cbc2eb,Ração Seca Cães Adultos 15kg,,pet_shop,52,458,3,150,26,6,19
69eeb1281add8e5d8b916637f9f11a1b,Cama Mesa Banho - 14kg - 58x28x48cm,,cama_mesa_banho,56,396,1,14750,58,28,48
c0bc78ee82fbbd6bfc0638d513c238df,Pulverizador de Jardim 2L,,ferramentas_jardim,36,399,2,550,27,8,20
57414a165829139b9b534f0b4a794fe0,Tapete Higiênico Cachorro 40x50cm,,pet_shop,41,302,1,14725,54,25,37
24a961e01bbc88851232e60d5e2795a3,Prateleira Flutuante para Livros,,moveis_decoracao,58,1722,2,550,52,11,11
d48bacc1dcd9c86bf1ed4ed2a303336c,Jogo de Blocos 200pç,,brinquedos,52,752,3,1232,38,18,25
4e5649d10a8a7453bb3957caf1cdebf4,Carregador Veicular Bluetooth FM,,automotivo,59,710,1,2413,69,39,57
e83e5f5ff7ef69f7a09c848795df56a7,Cama Mesa Banho - 2kg - 38x14x25cm,,cama_mesa_banho,53,155,3,2000,38,14,25
b31f6d8ca8da2fd8d4ee74cb899d2092,Bola de Futebol Oficial,,esporte_lazer,52,855,2,600,16,6,16
3c1e966cd4d045453f5b6660ea644c23,Luminária Pendente Moderna,,moveis_decoracao,53,1143,2,500,65,11,11
593bdcdada2c45e94684f7bb36ca6cb9,Raquete de Tênis Júnior,,esporte_lazer,52,1541,1,400,33,20,20
8173ca41cdb176462f9ae79821a48404,Balão de Voleibol Praia,,esporte_lazer,57,382,2,150,20,10,20
d369c0eb24f18d687ae8598d570cb255,Tábua de Picar Bambu (3pç),,utilidades_domesticas,59,320,1,1550,32,40,23
6a65f47817739b82dcd2cdaf4c568e46,Capa para Samsung Galaxy S23,,telefonia,59,824,3,175,16,5,11
18fa9cc25ea8b54f32d029f261673c0f,Chave de Fenda 6x100mm,,construcao_ferramentas_construcao,58,338,1,2900,23,8,23
f6e0b7ccc34e4decc1b855f8da06a5fc,Trem Elétrico com Luzes e Som,,brinquedos,59,257,3,900,30,4,20
23658e8d5d2c1d61b0d59b34ebbabb44,Cama Mesa Banho - 1kg - 22x16x18cm,,cama_mesa_banho,52,433,1,1050,22,16,18
d92e9300399af3423de97225eec881b1,Prateleira Flutuante para Sala,,moveis_decoracao,56,1953,1,750,69,11,11
41fa7e83aa499518d6e793a30a1ce242,Luminária Pendente Moderna,,moveis_decoracao,55,585,1,250,35,5,20
2afd040779d1ce6295b76d092b048066,Smartwatch Série 7,,eletronicos,39,2154,3,100,20,5,12
4f7cbaf3cb54ae93234db08dc8f072ef,Raquete de Tênis Profissional,,esporte_lazer,24,254,3,150,20,6,14
8f79800a347de2da5104a414bc791a0b,Pulverizador de Jardim 2L,,ferramentas_jardim,41,515,1,400,30,15,20
9ce62e73b4ea1a6c74b68ba57aa1333b,Produto - 1kg - 31x21x24cm,,,,,,1000,31,21,24
11e0a57b7340441c4ece1cf7efd99ff8,Marcador Permanente Preto (5un),,papelaria,45,355,1,1200,32,6,26
77922dd87928c2cf9225946dac2a27a7,Prateleira Flutuante para Livros,,moveis_decoracao,60,600,1,650,25,25,25
ace0a62915c59a40d45b2597336c68d7,Carregador Rápido USB-C 30W,,telefonia,57,98,4,300,20,30,20
a1ce5cd7cb7370b16b898d24dd384c65,Eletroportateis - 300g - 16x35x25cm,,eletroportateis,59,516,1,300,16,35,25
06c38a87544301cba8b0fb5a0796383d,Trem Elétrico com Luzes e Som,,brinquedos,45,553,5,2300,98,12,20
b586bd078d2983fc172740035eb9cd3b,Protetor Solar FPS 50,,beleza_saude,54,326,1,200,16,21,23
5fb0031ce4395d307321919f71ffbdf7,Shampoo Anticaspa 500ml,,beleza_saude,29,682,3,859,25,20,18
b3c13ca98fb6f9dd5c6aec8b1d353506,Fralda Ecológica Tam M (50un),,bebes,59,2270,2,350,69,11,11
06b55f15e3505bd276acabbb4d3633f5,Cama Mesa Banho - 96g - 25x8x19cm,,cama_mesa_banho,49,155,4,96,25,8,19
09690382191f134e947200ccfe32f7c0,Relógio Casual Masculino,,relogios_presentes,59,901,2,400,16,11,12
ec72556b5da399d24fe06338e816a9ac,Caderno Universitário 200fls,,papelaria,45,151,2,233,20,11,15
543677fb57d4ce16a9ac89d2d1fafd4f,Capa para Samsung Galaxy S23,,telefonia,53,285,1,100,19,4,11
c61cd4826ecfb4760797ad42c92ff8b1,Eletroportateis - 3kg - 28x39x39cm,,eletroportateis,33,395,1,3700,28,39,39
db59f0dfd5593c492b2ff1a6ab50cc2d,Balão de Voleibol Praia,,esporte_lazer,50,258,2,1000,60,15,15
9a3a682d9257657cf55214a390ecbf3c,Andador Infantil Clássico,,bebes,48,776,2,500,20,15,15
afecbd7b41e981fa603c9c008f894f15,Caixa de Som Portátil 10W,,eletronicos,60,506,1,2150,30,30,30
584c7a0f5da1770ba58350c8d8176b45,Aromatizante Automotivo Baunilha,,automotivo,57,1031,4,6250,40,30,30
b50c950aba0dcead2c48032a690ce817,Bola de Futebol Oficial (Edição Especial),,esporte_lazer,58,2584,1,1800,16,16,16
184e91de5d4a87f023bba45c3e258349,Luminária Pendente Moderna,,moveis_decoracao,59,1941,4,2750,105,3,70
3d3cd6379eb6ac4e8e617574a1d0d145,Cama Mesa Banho - 300g - 40x8x30cm,,cama_mesa_banho,59,123,2,300,40,8,30
fbd2a9aa1f115244e2ce115ad8eacfca,Produto - 1kg - 33x2x27cm,,,,,,1200,33,2,27
b980f3256c981fc178514325143b1fc8,Mouse Óptico USB,,informatica_acessorios,59,1130,2,243,17,15,12
4a74e7a025c5837140060a472bd16950,Capa para Samsung Galaxy S23,,telefonia,38,414,1,150,19,5,20
45cc9e057103e5e2176034fec87a06ca,Cama Mesa Banho - 1kg - 50x12x12cm,,cama_mesa_banho,47,701,1,1000,50,12,12
24e19cb0f9da4394876ff32b7a43b99d,Ventilador de Mesa 40cm,,climatizacao,57,171,2,200,21,8,17
0d56b4fd97465d99b6ed174ffc7ba133,Jogo de Blocos 100pç,,brinquedos,57,364,1,950,68,42,16
1a77eed8713a452e3cbcb548cccdb96a,Chave de Fenda 6x100mm,,construcao_ferramentas_construcao,43,408,2,6397,50,24,48
ba1d7e7ee1f055d252a2faa8ea3cea9b,Agro Industria E Comercio - 1kg - 45x15x40cm,,agro_industria_e_comercio,59,693,6,1900,45,15,40
c8fac97dc76c4867dbe264c28b31fafe,Market Place - 200g - 16x16x16cm,,market_place,62,602,1,200,16,16,16
b53f20c2b12a4b9821ce57f46a7d1cae,Bola de Futebol Oficial (Edição Especial),,esporte_lazer,54,1786,1,150,20,20,20
1f180c96859564dd5857185f5914d2c7,Cama Mesa Banho - 1kg - 36x7x29cm,,cama_mesa_banho,60,189,1,1900,36,7,29
2ef440beadfeaa9ac762aaf8fead2836,Arranhador para Gatos 60cm,,pet_shop,50,437,2,150,16,12,15
446a112adf10992c2e26eb566a68bd46,Cama Mesa Banho - 700g - 28x8x22cm,,cama_mesa_banho,47,718,1,700,28,8,22
c62dee961914cc2e49239963b04258ec,Cadeira Giratória para Escritório,,moveis_escritorio,63,1352,1,25400,64,30,74
0e8e65e0044a4d888d422517f545ba2e,Trem Elétrico com Trilhos,,brinquedos,41,177,1,900,24,19,17
8e42c31b4ca1afbb6bbe17efdd666cf5,Mouse Óptico USB,,informatica_acessorios,51,306,1,175,16,12,14
cfabf9d1f7c14b709f2982f83c8f9538,Moveis Sala - 9kg - 27x15x92cm,,moveis_sala,31,607,2,9750,27,15,92
70f4ee470f7fc40e48a98f2903ddf010,Aromatizante Automotivo Lavanda,,automotivo,57,1062,3,1750,35,10,35
fdc0fe1b7ae4cdf11202504eb045b0b9,Shampoo Anticaspa 500ml,,beleza_saude,48,2654,1,1188,19,12,17
a6d351912e312fb24186739576d04fe2,Aromatizante Automotivo Baunilha,,automotivo,58,703,6,5650,47,19,23
a5805a2671f8bb392f3282c35e0e81d9,Relógio Esportivo com GPS,,relogios_presentes,43,315,1,488,16,12,13
b91b152754992edb9a83710c87a9427e,Perfume Aventus 100ml,,perfumaria,55,700,1,500,23,8,15
7b32b1b87594b60dced8abb4531d2986,Carregador Rápido USB-C 20W,,telefonia,51,419,1,350,16,6,11
a6a8b6b05afd3a6e65c00b897f718425,Limpa Para-brisas 1L,,automotivo,54,666,1,3850,65,25,25
5c821d665e58b08092e830f81c12cc37,Ventilador de Coluna 45cm,,climatizacao,60,3067,3,300,21,8,17
cfa7ee31b3e91eacffe78176dc964965,Capa para Samsung Galaxy S23,,telefonia,19,288,1,203,14,16,14
2a97ccde48b4f516a7a76352d03eff88,Cama Mesa Banho - 825g - 29x17x28cm,,cama_mesa_banho,56,527,5,825,29,17,28
10c2160beca6757676b447aab88e5129,Mouse Óptico USB,,informatica_acessorios,37,978,3,1500,25,15,25
85f874eb720bb544b42fe257804fec67,Lixeira Automática 5L,,utilidades_domesticas,53,534,1,4000,51,25,26
421223eb7c20a8ca13ab3a7548e0a1b4,Relógio Casual Masculino,,relogios_presentes,54,657,1,250,24,10,14
ff96895c6b1d31f34b2d82f86670fa85,Cama Mesa Banho - 2kg - 35x10x35cm,,cama_mesa_banho,59,297,1,2450,35,10,35
57c9362442482cd2451f2eabf468e532,Relógio Casual Feminino,,relogios_presentes,31,944,2,283,19,14,19
c7079d23bead81759eb7c670b96728bc,Bola de Futebol Oficial (Edição Especial),,esporte_lazer,60,723,1,600,50,12,18
83b92639fffd1d55c9e04c77c86d8d2c,Teclado Multimídia ABNT2,,informatica_acessorios,56,901,1,280,20,15,14
329c661807f085964b1877bfeca6ff73,Prateleira Flutuante para Livros,,moveis_decoracao,61,157,9,3250,41,15,25
2145a2868aaca837f92fd4bf1b6db163,Cama Mesa Banho - 1kg - 43x15x32cm,,cama_mesa_banho,54,269,1,1600,43,15,32
34282a40b7d2b7aae8762762cb6ebcad,Moveis Sala - 4kg - 58x16x53cm,,moveis_sala,37,313,2,4350,58,16,53
6743237ac224ec25a57fcc1b07197f64,Balão de Voleibol Praia,,esporte_lazer,39,273,4,200,20,6,13
aaea62612b84679ddf91cbdda1183e7e,Lixeira Automática 5L,,utilidades_domesticas,36,2600,1,850,43,5,24
e69137c3731a8a094d7e2ad97f76c95f,Colônia Esportiva 150ml,,perfumaria,47,918,1,150,16,9,11
9ab67e72832283a835980e86910ecf73,Organizador de Gavetas 3 Níveis,,utilidades_domesticas,37,671,1,1150,31,29,31
1f85abca5a45544302089b5d442b4370,Raquete de Tênis Júnior,,esporte_lazer,52,1450,1,1900,38,25,26
5129530d6042dd13060c2fd1748758d7,Tábua de Picar Bambu (3pç),,utilidades_domesticas,40,307,1,1500,50,16,30
8973ef2da217ed7a8e15dc3c7c5c96aa,Cortador de Grama Sem Fio,,ferramentas_jardim,44,415,2,5650,30,25,45
a1013e8a0647368039fc1a2f7cd5e516,Suporte de Celular Articulado,,cool_stuff,41,1471,1,876,24,23,21
b944369f7fdafc891e06b47a372f7c45,Lixeira Automática 5L,,utilidades_domesticas,46,452,1,26200,38,33,28
aa48d4f285b37252409e6f9fcb0b8ffb,Creme Dental Branqueador 90g,,beleza_saude,46,498,1,440,19,15,14
cc4683230056b8f1c0df24f7e335d3ca,Lixeira Automática 5L,,utilidades_domesticas,49,821,3,500,16,15,15
ab1741a86f20ab3aca7dd2c347d5a9e3,Produto - 3kg - 39x10x35cm,,,,,,3600,39,10,35
485c67ced40028609fbe77043fa0b943,Lixeira Automática 12L,,utilidades_domesticas,47,469,1,9650,22,52,42
d696750e550fd0f733979dd7e5dff921,Kit de Limpeza Multiuso (5pç),,utilidades_domesticas,44,916,2,950,53,5,13
2905bcccc19e845ff57663618d52febe,Creme Dental Branqueador 120g,,beleza_saude,53,841,4,1900,28,5,16
cea7edf64d9e93fbf6b89cc3ba537cd9,Pulverizador de Jardim 2L,,ferramentas_jardim,57,492,1,25000,40,40,40
a71e9a8a54f4ec1e46202a099345f838,Pulverizador de Jardim 2L,,ferramentas_jardim,34,404,2,125,18,18,18
ead3077a141a9c800d6a4bb9d0d415b6,Cama Mesa Banho - 1kg - 22x4x28cm,,cama_mesa_banho,60,662,1,1150,22,4,28
ce341595864bee3e380631fc5f61ff06,Cama Mesa Banho - 800g - 20x20x20cm,,cama_mesa_banho,41,735,5,800,20,20,20
b2802bfbd4800fbac8b9554cbea43894,Berço Portátil Dobrável,,bebes,38,235,2,9400,75,15,50
a8fe47ad6f852f93cc92c7b408687de3,Raquete de Tênis Júnior,,esporte_lazer,27,202,5,400,70,10,20
10d196ec072e2d8382c7ec9c942d7ea8,Raquete de Tênis Júnior,,esporte_lazer,50,315,4,250,22,6,15
6c321ed0f47858a8650f4104771224b5,Relógio Esportivo Resistente à Água,,relogios_presentes,58,509,4,300,16,2,20
b1fa7a05a5eb864f4fd083ef11c0d0d6,Jogo de Blocos 200pç,,brinquedos,58,454,4,390,33,9,18
363daaf7bd11e7d76a33134068e06985,Necessaire Viagem 3 Compartimentos,,malas_acessorios,51,1494,10,1050,30,15,15
92e2d2146e433cd4d1f09a3f8633ead0,Cama Mesa Banho - 1kg - 33x18x26cm,,cama_mesa_banho,53,714,1,1200,33,18,26
5d422bd54b54307ff7a5e770f40946e4,Boneca Articulada 30cm,,brinquedos,16,508,2,300,16,5,16
363a9f5b97bf194da23858be722a7aa5,Chave de Fenda 6x100mm,,construcao_ferramentas_construcao,44,1455,6,30000,100,50,50
3951784ecfbd4c912d2e02245d8b5e89,Lixeira Automática 12L,,utilidades_domesticas,32,1172,4,1200,50,10,15
c312a691cf0af01311be9671eb161a0a,Luminária Pendente Vintage,,moveis_decoracao,54,681,4,450,16,21,16
9bbb425c18528ece663ef2a6ac0096d2,Marcador Permanente Preto (12un),,papelaria,39,257,2,500,28,12,21
9cef9507ca068525d2ff2fadf077e5c5,Pacote de Canetas Esferográficas (10un),,papelaria,55,325,3,500,16,11,11
ea5774e69135147e6f0e1eb593d9b105,Shampoo Anticaspa 300ml,,beleza_saude,55,1202,3,500,20,10,20
c93558f621dc5b9277a19f009b83aaaf,Creme Dental Branqueador 90g,,beleza_saude,38,1145,2,200,21,8,11
596c6a436968ac047c8251af34fdc09c,Caderno Universitário 100fls,,papelaria,54,724,2,200,16,7,27
95ed6f297ce9eff502631d01905cbd9e,Ámbar Noche Eau de Parfum,,perfumaria,42,931,2,228,18,8,14
cb319c5e10eb5b7a23ded617e71fbd92,Cama Mesa Banho - 2kg - 42x11x36cm,,cama_mesa_banho,59,430,1,2900,42,11,36
6c04f5ced4964898effa486a73d81ca2,Jogo de Blocos 100pç,,brinquedos,58,884,1,250,20,15,20
fa7fc74ae3858461908b3503b355fd5e,Produto - 17kg - 42x80x30cm,,,,,,17100,42,80,30
84d85a2f13ed52a5f07ce6d1497a397d,Luminária Pendente Vintage,,moveis_decoracao,50,488,3,700,32,4,23
592cc6634d2c783d297effc0b828bc37,Caixa de Som Portátil 10W,,eletronicos,57,1198,2,250,20,20,20
54d04fc6ad1839346b6fe2c94687fd74,Bola de Futebol Oficial (Edição Especial),,esporte_lazer,37,377,1,300,20,17,17
fd3a4121e687a6b84e7af92606d5d718,Fashion Bolsas E Acessorios - 150g - 16x5x11cm,,fashion_bolsas_e_acessorios,30,358,5,150,16,5,11
86332b1229c41aeb4ab9d85472de3ed9,Cama Mesa Banho - 2kg - 28x10x28cm,,cama_mesa_banho,59,1841,1,2350,28,10,28
90d0b33a310abf581b6eb73e4f40d0df,Lixeira Automática 5L,,utilidades_domesticas,30,718,3,100,17,28,11
78ed4ecc7b75c660ce2ccfb97af2eaeb,Balão de Voleibol Praia,,esporte_lazer,45,190,2,400,29,20,37
cdafffbe81c76e4cb8b1270523215c82,Ámbar Noche Eau de Parfum,,perfumaria,47,313,1,500,16,17,15
8cfc3506cedc0626364457d254429118,Fashion Roupa Infanto Juvenil - 300g - 30x20x20cm,,fashion_roupa_infanto_juvenil,47,327,3,300,30,20,20
56a5da29b4975931b470aa9d61ced8d3,Limpa Para-brisas 1L,,automotivo,52,1236,1,200,20,6,17
b3d4d6113e42b86ceb66060424125828,Fashion Bolsas E Acessorios - 100g - 16x5x16cm,,fashion_bolsas_e_acessorios,31,824,1,100,16,5,16
173e9fe34bfe97f3a5e6dc57fe897b74,Livros Tecnicos - 950g - 29x3x21cm,,livros_tecnicos,36,890,1,950,29,3,21
394e7e390f3282732faa3a73a6033c3a,Marcador Permanente Preto (5un),,papelaria,51,749,2,200,16,7,27
5d42919d908b17ec1848699d89e2bace,Berço Portátil Dobrável,,bebes,58,1515,1,8300,20,30,82
8c0c3a8ad1d1896e7d9d66921a4b66ab,Jogo de Blocos 200pç,,brinquedos,47,719,3,1200,17,21,37
256c61261c818dab727fa2a60d8964ca,Cadeira Presidente Ergonômica,,moveis_escritorio,53,1092,1,8638,51,62,26
9aedf557945e816d48539ee56293f860,Pcs - 2kg - 16x31x39cm,,pcs,55,3610,4,2400,16,31,39
e4e9fa024c5f014419b395452a41987c,Bola de Futebol Oficial,,esporte_lazer,59,355,1,3450,16,105,55
77b91313bf9acf3eabf9abc503d99366,Creme Dental Branqueador 90g,,beleza_saude,50,686,1,452,25,11,15
42ba5eab75cf0db7905414fdc6a3fd7c,Teclado Mecânico RGB,,informatica_acessorios,57,740,1,1000,28,15,15
94f2d239e688aa415a2dd620435e8344,Fashion Bolsas E Acessorios - 120g - 17x9x17cm,,fashion_bolsas_e_acessorios,54,434,6,120,17,9,17
7aa666012fbfab4464142b1055b9e1d5,Cama Mesa Banho - 1kg - 28x14x16cm,,cama_mesa_banho,57,677,1,1200,28,14,16
d10375970dfbcb0ed9ccd97efbd9e806,Trem Elétrico com Trilhos,,brinquedos,34,721,2,4800,60,20,47
b0456bed910862a9189f7db732e7a2ff,Shampoo Anticaspa 500ml,,beleza_saude,56,1448,1,1450,35,15,20
8f5cb6362e19f8120f77484dc5619a6b,Aromatizante Automotivo Lavanda,,automotivo,47,660,1,13300,62,62,21
9e8312642841e9458b0d72c652c01766,Telha de Fibrocimento 2.44m,,casa_construcao,53,871,6,450,16,20,16
c36a207be2a4ee8f04bd838f97f1711c,Cama Mesa Banho - 2kg - 47x9x38cm,,cama_mesa_banho,44,459,1,2150,47,9,38
3a9d55dadd7f45b28659b20a81c48cb2,Fashion Bolsas E Acessorios - 250g - 18x9x11cm,,fashion_bolsas_e_acessorios,25,202,3,250,18,9,11
b61ca163d698bd09698b6876a3e945e6,Lixeira Automática 5L,,utilidades_domesticas,51,897,2,450,20,10,20
b67902c15de1b4c26b61f79e0535b41f,Fashion Bolsas E Acessorios - 150g - 16x9x11cm,,fashion_bolsas_e_acessorios,53,133,5,150,16,9,11
9d395a6bc9dbad2dfe60c8c92d8df397,Espelho Decorativo Ovalado,,moveis_decoracao,59,2001,3,850,69,11,11
7ca498260c343bafc4596d101ec12490,Marcador Permanente Preto (12un),,papelaria,53,367,1,2343,32,39,35
6e9f9e5e78ff92b0c7ea485b416682b0,Carregador Portátil 10000mAh,,eletronicos,39,559,1,400,18,8,11
dcfeedf441c38e5e7e58ffce194af2bb,Protetor Solar FPS 50,,beleza_saude,50,193,1,30000,67,64,61
74abe2be0a975b4af328f6e69f8a5ea1,Mouse Gamer 16000 DPI,,consoles_games,27,205,3,550,34,7,19
f0f5a9211c208c91441a70cb5241214e,Balão de Voleibol Praia,,esporte_lazer,59,2087,1,200,35,15,15
141f72cac97df846fc51097f795bd94e,Aromatizante Automotivo Baunilha,,automotivo,59,131,1,750,30,8,30
c316d99c0a8d01fc59bde7e88edf27bd,Relógio Esportivo com GPS,,relogios_presentes,57,634,2,120,17,12,13
980f472a1354c8366960f7c4528c470e,Creme Dental Branqueador 120g,,beleza_saude,42,639,1,350,19,12,13
eee9f2330ff9789be1480d98f060a7ae,Controle Sem Fio para PS5,,consoles_games,30,288,1,200,25,20,15
b142019898949dbc5e1128bfaf66dfef,Jogo de Blocos 100pç,,brinquedos,48,1156,1,300,17,10,12
eed6978726f666f29319519d56058469,Perfume Aventus 50ml,,perfumaria,42,3923,1,150,16,8,11
bdf4090aad270b83a2ce5eaac92032cc,Limpa Para-brisas 500ml,,automotivo,57,326,2,100,16,10,15
34bd280578cc88e0e8591ba38e2dd7d2,Aromatizante Automotivo Baunilha,,automotivo,59,2034,6,1975,42,28,31
6e7df7f4622d4360261995dbd5e787d0,Kit de Poda (Tesoura + Serrote),,ferramentas_jardim,30,2284,1,1450,26,15,23
99d649a55b3bbffa301adbe2e0661d41,Película de Vidro Temperado Universal,,telefonia,60,710,2,150,17,8,11
20ed63974a9207895b4e56993e5a9a3c,Prateleira Flutuante para Sala,,moveis_decoracao,34,259,2,5700,40,30,40
6c6dc08e83a72648b3202c2cd6f9252a,Carregador Rápido USB-C 20W,,telefonia,60,361,3,150,21,7,14
18344238d9024a2e2f3f549d5ab1fadc,Fashion Bolsas E Acessorios - 500g - 30x26x22cm,,fashion_bolsas_e_acessorios,39,412,5,500,30,26,22
3d75be4f65e922627a4f73dc2cf9898c,Caderno Universitário 100fls,,papelaria,52,177,1,1000,36,6,29
014fcf6bd5cd4c7ee29fb3bb618c445e,Produto - 7kg - 55x30x45cm,,,,,,7000,55,30,45
b9cdd87d963a750d114ff2b6971e9290,Cama Mesa Banho - 1kg - 40x5x30cm,,cama_mesa_banho,58,231,1,1600,40,5,30
a511bdae1b7671858cdc3398cd601ab1,Cama Mesa Banho - 600g - 16x10x16cm,,cama_mesa_banho,56,383,1,600,16,10,16
1962b83bc322046d6e2c7ec06eeaaae3,Raquete de Tênis Júnior,,esporte_lazer,35,1385,2,650,16,2,11
be59f0b9bd1d08d096188f98168fc987,Produto - 3kg - 40x10x40cm,,,,,,3550,40,10,40
8b703da31bafff192fa02873886b9074,Liquidificador 600W,,eletrodomesticos,59,207,3,300,40,25,25
63094ac128b54dd72d511043411df079,Fashion Bolsas E Acessorios - 150g - 21x9x14cm,,fashion_bolsas_e_acessorios,55,255,1,150,21,9,14
5135301d684848b74276f22afcc6781c,Tábua de Picar Bambu (3pç),,utilidades_domesticas,49,1012,2,500,24,20,23
d4f91ac96799dc3d9221293e29892e30,Boneca Articulada 30cm,,brinquedos,43,713,3,700,35,7,35
9bde06b382560a866ee357832761aaf0,Jogo de Blocos 200pç,,brinquedos,53,724,1,1400,30,22,22
2a699d35a87e92a01747297243bfc987,Bola de Futebol Oficial (Edição Especial),,esporte_lazer,39,691,1,200,18,8,14
b5db6f00bc0bd85e37440f992dc8df81,Trem Elétrico com Trilhos,,brinquedos,49,1214,2,400,23,20,20
1c6b0760060e08631997f228e1d07a78,Cama Mesa Banho - 350g - 40x4x30cm,,cama_mesa_banho,41,111,1,350,40,4,30
9defd1ffa1cecec71bc4a269ee97938d,Prateleira Flutuante para Sala,,moveis_decoracao,53,811,3,400,50,3,25
cc5447118c174dcc6456c84ccb29e6f7,Perfume Aventus 100ml,,perfumaria,25,549,1,550,19,13,18
a8e9f87b1e5eb60206b63ff80c5ecadc,Fogão 4 Bocas Inox,,eletrodomesticos,49,790,2,700,20,6,11
65b96f012e6206481aeb67d31dd9b146,Relógio Casual Masculino,,relogios_presentes,58,486,7,250,16,2,11
de72ea95a1cd05b1a597d294a425be57,Carregador Veicular Bluetooth FM,,automotivo,31,728,2,25100,64,64,49
ecb4c7c604905689ed8075d75c012acc,Estante Organizadora 6 Prateleiras,,moveis_escritorio,43,1207,1,14550,56,60,36
166afe76948e93ed13181b01febfeb25,Cama Mesa Banho - 4kg - 53x20x34cm,,cama_mesa_banho,42,355,1,4200,53,20,34
22b01577238399e86ecd3a882617f88d,Parafusadeira Elétrica 12V,,construcao_ferramentas_construcao,52,510,7,7300,35,14,35
a9ad8b0011994d657f5398d864999f61,Cama Mesa Banho - 1kg - 32x17x22cm,,cama_mesa_banho,49,638,2,1150,32,17,22
e1002b42a99dd5cc7558e0ca58729bcc,Kit de Limpeza Multiuso (5pç),,utilidades_domesticas,28,321,2,600,26,11,11
a179fe5e75138e812571da4d038f0271,Aromatizante Automotivo Baunilha,,automotivo,55,713,6,3650,56,6,76
601a360bd2a916ecef0e88de72a6531a,Luminária LED Multicolorida,,cool_stuff,33,897,1,1600,42,25,15
5c9e8cde14498f5d4dbe4d7c70c0d5f1,Mouse Sem Fio 2.4GHz,,informatica_acessorios,54,816,4,3950,20,10,20
9f6e8441548dd40516cdb98f1b29c3d5,Produto - 2kg - 44x13x44cm,,,,,,2700,44,13,44
354b4462c54cd203759f94de3b02b4aa,Cama Mesa Banho - 2kg - 42x16x36cm,,cama_mesa_banho,52,411,1,2550,42,16,36
02fcaaaba3a4b4882987a3639d968572,Cama Mesa Banho - 950g - 36x6x27cm,,cama_mesa_banho,55,139,3,950,36,6,27
299f75185c7f6f9b711b15a5ddb77e56,Kit de Limpeza Multiuso (5pç),,utilidades_domesticas,52,739,3,8850,56,30,34
c57c6b0b6d9868bc2164f6182b52d9ca,Creme Dental Branqueador 90g,,beleza_saude,50,440,5,300,28,7,21
e251a68000f75257cf9ef16bcea51976,Pacote de Canetas Esferográficas (10un),,papelaria,44,207,1,200,21,7,14
af56e0203193f066ed64cbbbbf95ae6a,Raquete de Tênis Profissional,,esporte_lazer,50,1290,3,750,25,7,25
cc59cf334461196527f790e5c9191ece,Tapete Higiênico Cachorro 40x50cm,,pet_shop,39,619,1,140,19,12,15
e942040a23d73eb3598f59fccaba7df8,Caderno Universitário 200fls,,papelaria,45,319,2,1450,20,35,29
30ad9d2c8a8e788a606a6c23e07260a9,Pendrive 32GB USB 3.0,,informatica_acessorios,38,488,1,300,27,5,20
bfc59c5d8a26d129f82fbc5207fcd676,Camiseta Geek Estampada,,cool_stuff,53,330,1,2000,35,44,19
e67fe5b459220cf7c28682f53734e665,Bola de Futebol Oficial (Edição Especial),,esporte_lazer,57,731,1,145,22,18,14
8e2e504e3be9cc0ed518daa0e271acf5,Andador Infantil Musical,,bebes,42,831,1,417,19,13,13
3e6185f70df5a257fee1631488ba93d5,Tábua de Picar Bambu (3pç),,utilidades_domesticas,54,974,5,600,32,13,24
def8b2856a5c8fea8715aa849a198cd4,Trem Elétrico com Luzes e Som,,brinquedos,43,279,1,281,16,12,14
506b4917ff408ec49f23598bfd3a586c,Raquete de Tênis Profissional,,esporte_lazer,32,789,6,3975,33,20,38
bd9d35f2bce5b870f79e5d7112a01953,Shampoo Anticaspa 500ml,,beleza_saude,54,457,4,1700,36,10,36
3eb3d01a76a4cbaff641de8a47e4ebec,Raquete de Tênis Profissional,,esporte_lazer,40,1416,1,225,22,26,13
cf1d8e226162a1d0ad61f29b7ed72d82,Market Place - 250g - 18x8x18cm,,market_place,53,1377,2,250,18,8,18
8c0b38fcee9ef771b9da3d7dc849989c,Carregador Rápido USB-C 30W,,telefonia,49,1342,3,300,18,5,12
b252c77ac54ea46b4b2b884b8fba074d,Umidificador de Ar 2L,,climatizacao,46,847,1,2700,32,32,16
fe1d68f123061329a6d3505c2b905566,Prateleira Flutuante para Livros,,moveis_decoracao,54,575,1,150,35,10,25
cf40e5e0674c8f74da58b2620de88ccc,Relógio Casual Masculino,,relogios_presentes,60,286,4,900,20,20,20
dbda643f8da1758793ef0dab19c18688,Espelho Decorativo Ovalado,,moveis_decoracao,45,169,1,6950,50,10,70
f4b952dd7ab601c02bb1bd06395f45f6,Relógio Esportivo com GPS,,relogios_presentes,53,301,2,1183,23,5,26
3e5b75c297ba6534b5188202c4a6a58b,Cama Mesa Banho - 1kg - 45x15x35cm,,cama_mesa_banho,59,230,1,1350,45,15,35
71fddf41cc1719c5550ebc5d0ab86357,Construcao Ferramentas Jardim - 100g - 16x2x11cm,,construcao_ferramentas_jardim,40,275,1,100,16,2,11
d43f4e32cbdc4fc0a825ed4020475c82,Raquete de Tênis Profissional,,esporte_lazer,39,558,2,1300,20,20,20
06cd420a1b028388e0bf1f78daf20411,Kit de Poda (Tesoura + Serrote),,ferramentas_jardim,36,844,1,2850,22,15,14
7fb3f37949847dce3f2a1b81d4445f55,Chinelo Slide Unisex 39,,fashion_calcados,49,375,6,300,29,7,16
4e5696c21b0c174738e7929b147b7126,Moveis Sala - 3kg - 100x5x23cm,,moveis_sala,59,453,2,3500,100,5,23
9375d96ff0ad81493ff5231497e170f1,Dvds Blu Ray - 200g - 20x2x14cm,,dvds_blu_ray,39,593,1,200,20,2,14
1af8902c3a99c03308ce1a8d05dc7d52,Bateria Eletrônica Compacta,,instrumentos_musicais,61,1106,8,5650,50,15,45
687d4a56a1f4ac70dd11db114d47076c,Carregador Rápido USB-C 20W,,telefonia,45,356,2,50,19,3,11
49b59dec916cd9070cf9fb07dee32976,Ventilador de Coluna 45cm,,climatizacao,60,803,1,16550,27,36,54
a3ebd09e2be48bebfd0d16ef3c83a176,Limpa Para-brisas 1L,,automotivo,49,588,5,1100,63,9,33
9c16099894e4002d54e17033e06bdbc8,Limpa Para-brisas 1L,,automotivo,50,430,1,50,16,11,11
63d91238d97cbb132fb0ebf97974c6d6,Colônia Esportiva 150ml,,perfumaria,51,933,1,400,27,5,20
d73f1e4ad0322d8442fc9591505381aa,Produto - 500g - 35x25x35cm,,,,,,500,35,25,35
43fbb9403319de5e660094ddbe8cc0a4,Mouse Sem Fio 2.4GHz,,informatica_acessorios,46,468,2,150,19,5,13
95f3db773f64f68c9b7e7c3ee4ecd15e,Shampoo Anticaspa 500ml,,beleza_saude,46,1871,1,850,28,14,20
a8a491b1916fc6801cbebd09e7c02567,Película de Vidro Temperado Universal,,telefonia,58,597,1,150,19,4,11
6fb9118651534879ecb3654b56a48a4c,Fralda Ecológica Tam M (50un),,bebes,57,838,8,50,20,8,17
b0694770dbbfebe2d48cd288cfce2f85,Set de Pincéis Profissionais 10pç,,artes,35,1190,1,15400,100,4,60
1b981d76f4ec023c49b13412f503f1c2,Fralda Ecológica Tam G (50un),,bebes,57,1988,2,300,69,11,11
eba7488e1c67729f045ab43fac426f2e,Ámbar Noche Eau de Parfum,,perfumaria,43,259,1,610,22,14,16
c76a2c67b75f1bf675d2c86157537910,Tapete Higiênico Cachorro 40x50cm,,pet_shop,56,444,1,900,30,30,30
d97e1fd728f059a776579e16c9e69e85,Shampoo Anticaspa 500ml,,beleza_saude,36,3076,4,215,22,6,15
ae9b8e8d0dcd7ca369276380ee8ce659,Carregador Rápido USB-C 30W,,telefonia,52,514,1,100,19,3,11
cba3e8ca3dbfdffd6f83420526590416,Bola de Futebol Oficial (Edição Especial),,esporte_lazer,45,716,1,300,22,18,18
978859c6048ded0fa8bf3b9ea8236387,Lixeira Automática 5L,,utilidades_domesticas,59,299,1,350,33,4,20
1a3577790b3f28eb137b105c4d62ca17,Fone de Ouvido Bluetooth 5.0,,eletronicos,50,703,3,590,34,18,24
23c6236434e58c6519c19e56c2dade45,Raquete de Tênis Profissional,,esporte_lazer,59,1432,6,517,27,17,26
90dc5a5cd0134c086adf8af643660a19,Raquete de Tênis Profissional,,esporte_lazer,46,565,3,6150,20,20,20
f26d0caaa778c717f696ce339dd7c927,Prateleira Flutuante para Livros,,moveis_decoracao,60,409,1,7450,52,18,35
0d77de0f4137ba0f89d3d25191ce4788,Limpa Para-brisas 1L,,automotivo,58,537,2,200,16,16,11
37c0cfb5f2381b6130c1ddaa5df146ae,Boneca Articulada 30cm,,brinquedos,59,1359,3,1200,32,31,17
43506d2b6b5e0535079f88c7dc51c4de,Artes E Artesanato - 6kg - 105x5x65cm,,artes_e_artesanato,54,746,5,6850,105,5,65
0cac4325d7aa33ada7ff2ba4d84f8874,Jogo de Blocos 100pç,,brinquedos,42,834,4,804,30,21,21
8f0877b2fd784f6948e606be7f04744c,Lixeira Automática 12L,,utilidades_domesticas,59,414,1,700,30,30,30
342ea5301fb0561caa90fb8e64767deb,Fone de Ouvido Bluetooth 5.0,,eletronicos,35,370,1,100,25,7,16
9e29dd5d33b2745d4b80ee88da614632,Caderno Universitário 200fls,,papelaria,53,227,3,5850,60,20,29
6050e522f532bdf1c69623a0312a39db,Raquete de Tênis Júnior,,esporte_lazer,24,158,2,1800,26,14,16
379e1dd5ee78e22877ee8a895cdb8244,Andador Infantil Clássico,,bebes,53,821,2,9088,39,40,79
efdf96511632c6f9747717c41611f09d,Raquete de Tênis Júnior,,esporte_lazer,43,410,1,1201,26,25,22
339a989bacc8557091e137fd3ee46831,Gaveteiro 3 Gavetas,,moveis_escritorio,36,2071,1,10850,55,24,55
a7906a8a69acf5b0cb256882e741896a,Bola de Futebol Oficial,,esporte_lazer,45,1514,4,5150,100,9,23
8da77162e41d47464f9806727417cf6e,Cama Mesa Banho - 3kg - 50x10x30cm,,cama_mesa_banho,58,293,1,3600,50,10,30
fa05a3cc2d44ecc49e3e6c5a80958845,Relógio Casual Feminino,,relogios_presentes,50,368,1,500,25,13,13
112c98970afb0e6dd81c05ddd447416d,Liquidificador 600W,,eletrodomesticos,52,372,4,200,27,13,17
af79de12e005e141b22ab97c807e76d3,Fashion Bolsas E Acessorios - 100g - 16x14x14cm,,fashion_bolsas_e_acessorios,37,828,1,100,16,14,14
0105b5323d24fc655f73052694dbbb3a,Pc Gamer - 2kg - 19x16x18cm,,pc_gamer,59,621,4,2839,19,16,18
819386cf1eea26ae023a2895cd2f73d1,Martelo de Aço 500g,,construcao_ferramentas_construcao,60,1295,1,2100,54,10,11
a73636de818ae69b7e3e92b9a3380c53,Balão de Voleibol Praia,,esporte_lazer,57,3285,1,750,28,15,15
7f2097ece1964900e1f72465c57dcc67,Cama Mesa Banho - 300g - 25x3x19cm,,cama_mesa_banho,53,185,1,300,25,3,19
36b5bbad82f37ff2276398395227af7d,Market Place - 300g - 25x10x16cm,,market_place,16,726,1,300,25,10,16
47b61a5f9093614abf8416431fa2817c,"Mochila Executiva 17""",,malas_acessorios,38,267,1,500,18,45,32
dc4c70ae91ccd3ee8e376c073b377f64,Raquete de Tênis Profissional,,esporte_lazer,53,412,1,1000,25,20,25
917f0d682ab52b9dc53d1f5e785946c2,Marcador Permanente Preto (5un),,papelaria,50,363,3,400,30,52,20
2f5f6d54fb012db68068ba104791c61e,Jogo de Blocos 200pç,,brinquedos,53,623,4,300,33,4,31
6859a88437bf429e4e50768ca79a2e9c,Bebidas - 450g - 28x20x20cm,,bebidas,31,1039,1,450,28,20,20
e5433d154f98bcb2c139b9679fce0814,Colônia Nativa 200ml,,perfumaria,21,476,2,250,22,5,15
7dcdcf1d40dd5422c3f16685ac1f0dbc,Necessaire Viagem 5 Compartimentos,,malas_acessorios,31,42,1,100,16,3,16
15151e8a937f6a4d1a4f0c03c765c6f2,Pulverizador de Jardim 2L,,ferramentas_jardim,38,2612,3,50,51,22,22
c4e8d6b4c4915e1e596379c68c4391dd,Cadeira Presidente Ergonômica,,moveis_escritorio,40,1152,1,7900,35,52,34
09bf405af365a33db9915e95a433333a,Lixeira Automática 12L,,utilidades_domesticas,59,436,3,800,43,18,16
d5d74b90b07cc3536b8eade784014438,Trem Elétrico com Trilhos,,brinquedos,44,582,1,1350,45,20,18
db297075296bd5cfd0aebe008781a46b,Balão de Voleibol Praia,,esporte_lazer,51,477,5,850,102,6,11
9328c3a5c42ae7b32d53e419f9b93d66,Luminária Pendente Vintage,,moveis_decoracao,60,473,1,500,30,3,19
0e1cd2215a878ad18b2c0b482330a9aa,Shampoo Anticaspa 500ml,,beleza_saude,54,1689,2,250,19,8,14
8f7ae8d7845cdabafb4b6f20d8bc5a43,Balão de Voleibol Praia,,esporte_lazer,41,785,2,700,16,12,22
38ad86e536a0e27c5a4d2dc30964259d,Capa para Samsung Galaxy S23,,telefonia,60,540,2,300,17,4,12
ba8a143b592c2af31aa106f79e521424,Mouse Óptico USB,,informatica_acessorios,35,624,2,100,16,4,12
d1f1c64b5ad001769bb3a6f20994cdd1,Prateleira Flutuante para Livros,,moveis_decoracao,39,213,1,7650,63,8,63
022b0ef3922883f810bdff4d58e93115,Carregador Veicular Bluetooth FM,,automotivo,58,641,5,1625,60,8,33
97b5158053e671771fe7c85ec69ee043,Espelho Decorativo Ovalado,,moveis_decoracao,59,846,1,21300,50,50,50
dfac7527b7d46b412ac29dcabad2f619,Creme Dental Branqueador 90g,,beleza_saude,38,1018,1,2500,35,16,16
653db51f38df09a30a8f25e7933050fc,Moveis Sala - 1kg - 44x14x34cm,,moveis_sala,51,598,2,1350,44,14,34
2e77ba2c0bbbfb6e03e988077395308e,Organizador de Gavetas 3 Níveis,,utilidades_domesticas,42,151,5,200,16,6,12
811809cbfd4d37f3fa4b2849bc288167,Cama Mesa Banho - 3kg - 58x14x48cm,,cama_mesa_banho,60,235,1,3800,58,14,48
db91d5a3b20ec0804d7608ab608bea95,Lixeira Automática 5L,,utilidades_domesticas,35,813,3,900,22,24,24
5727b4e9463bfa0b43bf97397c4b7c44,Espelho Decorativo Ovalado,,moveis_decoracao,33,238,1,2450,53,3,48
88de5a4c9a8190df7f9b4a5b4f3f68cd,Coleira Antipulgas 8 Meses,,pet_shop,44,430,2,200,16,7,11
a9dad2ea6b0cb39733febae5b7ec1dda,Kit de Limpeza Multiuso (5pç),,utilidades_domesticas,58,143,1,790,36,8,25
729834518009d0ecf002340e2b9e34df,Caneca Criativa 350ml,,cool_stuff,51,873,3,1400,18,9,27
01cf7c4cffff8db0a1cbe612bd2d50a4,Espelho Decorativo Ovalado,,moveis_decoracao,53,371,1,800,40,5,11
c15d29dd019b316a74a82f67c69e2865,Caneta 3D Iniciante,,cool_stuff,42,445,2,250,16,13,16
7567d226ff0be3edcfca0124da0ca3f5,Caderno Universitário 100fls,,papelaria,59,697,5,100,20,8,15
28ac89c113ac960ad954042de30dd52f,Balão de Voleibol Praia,,esporte_lazer,29,622,1,10500,34,11,11
f9be8e0e5acd947d8f49dbc390b9ab20,Cama Mesa Banho - 2kg - 45x15x35cm,,cama_mesa_banho,60,322,1,2400,45,15,35
c172a2563d937d6f3582c7dce3ac150c,Livro Mindset: A Nova Psicologia do Sucesso,,livros_interesse_geral,59,680,4,650,20,10,30
62633ec6c321f244f230ae94e9864d6a,Película de Vidro Temperado Universal,,telefonia,51,1350,1,125,21,6,14
1f33f54aa8e680e3d3b654539abfdcca,Relógio Casual Masculino,,relogios_presentes,37,637,1,700,19,9,15
72de34cc9f1e580f4c11d830be654271,Balão de Voleibol Praia,,esporte_lazer,48,161,1,2775,31,13,30
5140431c54f26f3706d901fef4b1a528,Marcador Permanente Preto (5un),,papelaria,53,543,3,1600,35,42,21
82d5798b1ffcb66543a2f0d6198a3a07,Bola de Futebol Oficial (Edição Especial),,esporte_lazer,50,861,1,150,16,6,11
cc158c284564106f4b668ae02389e2c3,Película de Vidro Temperado Universal,,telefonia,47,520,1,100,19,3,20
f3378729b1a09fa8f2c42e2457d6b1da,Pacote de Canetas Esferográficas (10un),,papelaria,57,182,3,400,24,7,14
b17a4e7b997ea645dd323bb1bed802ac,Produto - 600g - 24x4x15cm,,,,,,600,24,4,15
79706e79825f7409ef032653a271fba2,Estante Organizadora 6 Prateleiras,,moveis_escritorio,54,1085,2,22800,48,45,56
53c61580d8e5c4941a358ee0335c1d5c,Construcao Ferramentas Jardim - 210g - 25x7x15cm,,construcao_ferramentas_jardim,55,2029,5,210,25,7,15
c25202cc84e17ea4188bdd80a6b069e9,Limpa Para-brisas 1L,,automotivo,59,2811,1,463,16,13,15
3f1a741cf5591384428c1cbb0ef07ec0,Shampoo Anticaspa 500ml,,beleza_saude,60,400,1,150,60,11,16
75bc68276acddf2f0940f421a54338ee,Colônia Nativa 200ml,,perfumaria,30,138,1,150,22,7,16
96f8ecb5e5705b3b726d7e3022622575,Prateleira Flutuante para Sala,,moveis_decoracao,54,1413,5,450,35,2,25
fb7a74777a6afa91445275b19024a722,Pendrive 32GB USB 3.0,,informatica_acessorios,54,882,4,500,20,30,30
a4bdcbc90bfef55be462f3355d1a7d2f,Capa para iPhone 13,,telefonia,59,1568,1,100,18,6,11
e27c4dd075a521097a085bced0631ce7,Moveis Sala - 9kg - 27x15x92cm,,moveis_sala,31,618,2,9750,27,15,92
16b691e994cb81b2e7e31c93ba603136,Cama Mesa Banho - 1kg - 35x19x45cm,,cama_mesa_banho,40,582,1,1550,35,19,45
38b5079a807bb9f22ddfa46f929accee,Colônia Esportiva 150ml,,perfumaria,55,633,5,200,16,2,11
75d66a361eb55154321b0e04f698784a,Pendrive 32GB USB 3.0,,informatica_acessorios,41,701,3,400,16,16,13
48e82f62f499350869ac7529efd9fcbd,Prateleira Flutuante para Sala,,moveis_decoracao,60,357,1,650,25,5,17
a56fbff66c12c1ef311cac69e7f2d5fb,Luminária Pendente Vintage,,moveis_decoracao,48,493,2,600,30,20,20
6054d161235b97a4aaccea2a086d30b8,Construcao Ferramentas Seguranca - 2kg - 20x20x20cm,,construcao_ferramentas_seguranca,46,506,1,2300,20,20,20
db56f6d2b04c89eae4daba188842fd7b,Necessaire Viagem 5 Compartimentos,,malas_acessorios,56,450,3,12450,40,25,57
328e385961fd439024dabd6512dc1039,Limpa Para-brisas 1L,,automotivo,47,641,4,5200,44,17,30
4e9583016ceb715ac76fb39d1b288ff7,Colônia Nativa 200ml,,perfumaria,41,1043,1,300,20,20,20
2715967684d6991f7501693bfe08c08b,Jogo de Blocos 200pç,,brinquedos,44,420,1,800,28,35,18
e26445edc4d665a7950a4b60461fc58d,Livro Sapiens: Uma Breve História da Humanidade,,livros_interesse_geral,31,710,7,1000,22,28,16
42c99de3dc62c3687c4c7da629da3c50,Casa Conforto - 100g - 18x18x18cm,,casa_conforto,40,420,1,100,18,18,18
09df4169c3678074ca16ab1941cfd1dc,Cama Mesa Banho - 1kg - 44x2x35cm,,cama_mesa_banho,58,188,1,1400,44,2,35
34502b3a0c6af7c9b8bce8a8af0aa048,Cama Mesa Banho - 1kg - 38x13x31cm,,cama_mesa_banho,54,265,1,1500,38,13,31
555796dfc4799923dc94be876085279c,Mouse Óptico USB,,informatica_acessorios,37,567,2,163,18,8,14
52e9413ed0d3e64b796aac2bc2291d50,Bola de Futebol Oficial (Edição Especial),,esporte_lazer,54,790,6,200,17,10,11
1c57458e824ca3d974ec1831a1a55e72,Ração Seca Cães Adultos 15kg,,pet_shop,57,794,3,30000,79,2,63
1a70473adb9873f9068e80f2fcb78824,Arranhador para Gatos 60cm,,pet_shop,26,294,1,190,17,22,17
a7566c5565bf286a5c8fb48387d97bb8,Ámbar Noche Eau de Parfum,,perfumaria,44,259,2,425,23,14,17
4faca3ec2b35828a327cecd7fd0bc9b6,Prateleira Flutuante para Sala,,moveis_decoracao,57,132,1,5450,30,36,30
d325b4b600e06bd11a1f8afdfdf3679c,Creme Dental Branqueador 120g,,beleza_saude,46,1290,1,950,25,12,19
042535091ac9e946489c2155a0392c47,Lixeira Automática 5L,,utilidades_domesticas,23,162,1,300,20,4,19
e3fa14bf3866f013d03fa0b76a9842ee,Prateleira Flutuante para Livros,,moveis_decoracao,42,790,1,1400,50,25,25
516c257eda161040c8d23cf8af9a6edb,Bola de Futebol Oficial,,esporte_lazer,37,671,1,920,19,20,17
f1021c9679d1e911ab6c137909f13d5e,Kit de Limpeza Multiuso (5pç),,utilidades_domesticas,46,819,2,300,16,30,11
01aace6e8152ecaf9eb47678521069c6,Teclado Multimídia ABNT2,,informatica_acessorios,60,399,3,475,19,5,15
ab464d315185546c908a888506fc22c1,Lixeira Automática 12L,,utilidades_domesticas,58,641,1,1000,16,23,15
dab1da142d5a95b9200cef4675a3f9fa,Raquete de Tênis Júnior,,esporte_lazer,57,801,1,1600,23,24,18
bce3aa01b13b6e00307669191f690955,Telha de Fibrocimento 2.44m,,casa_construcao,52,921,7,1050,16,20,16
c04e948c6900ce99ac47d89b3b6d70cd,Camiseta Geek Estampada,,cool_stuff,33,1401,2,30000,70,37,70
2b733cf37ff9af2258751a5a508d3e69,Tapete Higiênico Cachorro 40x50cm,,pet_shop,57,375,1,27400,40,30,40
4f6f29245fede78dbd0027274c7bd9a8,Protetor Solar FPS 50,,beleza_saude,56,407,1,200,18,8,13
187359f629249d5333ce31f87136a802,Kit de Limpeza Multiuso (5pç),,utilidades_domesticas,43,1437,7,900,32,15,32
f5c0451a8329bdf130172a733eb5d60e,Suporte de Celular Articulado,,cool_stuff,50,330,1,1700,33,44,19
4241ea8d0ec9cd6574d86fd72d1dc2af,Violão Acústico Cutaway,,instrumentos_musicais,60,283,6,350,16,4,20
d22a5221a26ff421ad353360421f799a,Luminária Pendente Vintage,,moveis_decoracao,38,170,1,250,20,10,15
79b34bfd104ba0110090a32b86572944,Caderno Universitário 100fls,,papelaria,30,672,1,1050,30,30,30
fee4f51fea27d262dd116b53ddf31ce6,Kit de Limpeza Multiuso (5pç),,utilidades_domesticas,59,1708,1,500,16,24,20
e6974726480273852de4ef5d57003db2,Boneca Articulada 30cm,,brinquedos,42,586,5,1507,27,26,28
cd9d71c495bc54dbb324571016b7f37c,Mesa de Escritório 120x60cm,,moveis_escritorio,31,1222,1,8425,53,53,18
0a8bc1a07183eceacf95ae5cb4cbd076,Arranhador para Gatos 60cm,,pet_shop,25,1399,1,165,16,10,11
bd67e67dcfcc53e712a29c215ec26de5,Raquete de Tênis Júnior,,esporte_lazer,41,1947,1,2550,18,78,35
cfb0017c91a7cdefe2ea322d504f8fa0,Relógio Esportivo com GPS,,relogios_presentes,47,247,1,250,16,11,11
eeb140d5f26a24f9920969845deb6b4b,Organizador de Gavetas 3 Níveis,,utilidades_domesticas,29,850,2,600,16,12,12
188c9cb0aff9e485e3f84752731c633a,Cama Mesa Banho - 150g - 16x11x11cm,,cama_mesa_banho,55,428,1,150,16,11,11
89a533915d1f4f365c123a333e7b0d53,Creme Dental Branqueador 90g,,beleza_saude,52,1336,1,2150,50,50,11
500909059ad72b36b2554150cc327edb,Cama Mesa Banho - 3kg - 30x25x30cm,,cama_mesa_banho,39,1140,1,3100,30,25,30
10b930e4c15b5f8e6b7c8c7e17ac776b,Teclado Gamer Mecânico RGB,,consoles_games,37,360,2,450,19,15,15
d19c17e2d1254322fcd22ddc11c15fae,Carregador Veicular Bluetooth FM,,automotivo,20,83,1,600,16,2,11
c77abc8a8f4b7b1aa8a9bcdb48fdcf3a,Caneta 3D Iniciante,,cool_stuff,46,650,1,1400,40,40,30
b3468c11e7518de68a4139b850801405,Mouse Óptico USB,,informatica_acessorios,45,507,3,400,19,4,14
fc9f8ce7c9be6295161b8c8fccb26b6b,Fralda Ecológica Tam G (50un),,bebes,57,291,1,500,40,15,35
45bb83550ff78aa259858ff41921129a,Eletroportateis - 3kg - 33x35x34cm,,eletroportateis,50,1423,1,3525,33,35,34
0a859d8dc68f6a746b4709217110c439,Balão de Voleibol Praia,,esporte_lazer,50,2871,1,30000,90,50,50
0f63bdd7e201644735e2c9d8fca69554,Aromatizante Automotivo Lavanda,,automotivo,54,1475,1,300,16,18,15
5d1d8ec5b31c5c359f10c4b23b819170,Espelho Decorativo Ovalado,,moveis_decoracao,58,867,1,150,19,5,25
23930a256cb06e683cbceb246221290a,Carregador Rápido USB-C 30W,,telefonia,57,412,1,100,16,6,11
add055c0f961a8667228b93f97d43b0f,Cadeira Giratória para Escritório,,moveis_escritorio,33,2417,1,14600,58,28,58
3c61c8a6d10b84ba973228169282b294,Cama Mesa Banho - 1kg - 35x3x30cm,,cama_mesa_banho,53,666,1,1250,35,3,30
44a36ac829dfa2dace1d880985b71344,Creme Dental Branqueador 120g,,beleza_saude,50,533,3,243,20,14,19
ae1fe986145cc9e80f0d7753d669989f,Caderno Universitário 100fls,,papelaria,49,181,2,10850,60,20,29
2e8eb076261eb842a7e1bdf64e1facda,Bota Social Masculina 41,,fashion_calcados,53,408,3,1400,22,12,33
d0bc3fa9914a70cb48cdf42e0b18de74,Balão de Voleibol Praia,,esporte_lazer,28,143,2,200,25,25,25
1d9311c8ab3fedab5eb4df1277b84bfe,Martelo de Aço 500g,,construcao_ferramentas_construcao,59,1289,1,1550,54,10,11
154e7e31ebfa092203795c972e5804a6,Shampoo Anticaspa 300ml,,beleza_saude,48,575,1,100,20,15,15
1bdfcb8320195a0fbab354ae99d95d91,Tábua de Picar Bambu (3pç),,utilidades_domesticas,43,192,3,150,16,6,11
8d3995daf4103cf13ff5400bf66c1587,Fralda Ecológica Tam M (50un),,bebes,30,1570,3,300,30,10,20
4d339d073c4590d9a44b8fb0e43a61ac,Mouse Sem Fio 2.4GHz,,informatica_acessorios,46,937,2,50,16,16,11
7ae142d3ff07b80eeb7bc16b9bc5c5cf,Artigos De Natal - 1kg - 70x15x50cm,,artigos_de_natal,28,182,1,1900,70,15,50
89335f18510cd04dc1bb8cf69f3cf14d,Fralda Ecológica Tam M (50un),,bebes,31,259,1,14500,57,45,33
726838a1b5bdf32e2fc8010f0807bd46,Market Place - 200g - 22x24x24cm,,market_place,19,767,1,200,22,24,24
65906875895d4c8ba11779d8bd5b1270,Aromatizante Automotivo Baunilha,,automotivo,49,695,4,450,30,30,30
b11f3f1a834f8df4ca743db95563670b,Cama Mesa Banho - 500g - 47x3x37cm,,cama_mesa_banho,58,144,4,500,47,3,37
aa0c047aa75f7c8e437acd62601055fe,Alimentos - 533g - 27x14x17cm,,alimentos,34,397,1,533,27,14,17
b5034cecd2d602fcc8175e8fe0988a3d,Limpa Para-brisas 500ml,,automotivo,56,361,1,200,35,4,26
d6061ffaf719f75dd074a637c535b644,Casa Conforto - 1kg - 45x15x12cm,,casa_conforto,53,1180,2,1850,45,15,12
2535db191954746776aa1f51dc1a9651,Creme Dental Branqueador 120g,,beleza_saude,43,341,1,350,18,14,15
b1e189f4b3dc3352ba24db1688e06d4b,Cama Mesa Banho - 1kg - 34x7x32cm,,cama_mesa_banho,60,166,1,1100,34,7,32
e6a09abfe91b8e27c7fe22aac84dc333,Pendrive 32GB USB 3.0,,informatica_acessorios,40,177,3,1950,20,6,20
436c8d57ff8d4aa254318e9bd9b48c83,Suporte de Celular Articulado,,cool_stuff,54,599,6,530,30,9,14
fb1e2262cc73f7ab23c5dc5cf8d78693,"Mochila Executiva 17""",,malas_acessorios,52,452,2,16200,43,29,67
ef6fb97da4e206dd38306ba55b9d5cbe,Camiseta Geek Estampada,,cool_stuff,55,229,2,700,30,22,16
715a15449266fede35b4a667372a2b11,Cama Mesa Banho - 4kg - 36x15x45cm,,cama_mesa_banho,60,298,1,4900,36,15,45
52a0cc66507fa8ae445cc135c69e6d96,Protetor Solar FPS 50,,beleza_saude,46,3106,1,4375,28,28,28
e0c53c03a642ddca93689255bd4af194,Artigos De Natal - 283g - 16x12x14cm,,artigos_de_natal,54,821,2,283,16,12,14
a2a7efc985315e86d4f0f705701b342b,Pendrive 32GB USB 3.0,,informatica_acessorios,45,837,1,1133,16,15,20
425b2ba2dab3986c4fa13ca01547aff0,Limpa Para-brisas 1L,,automotivo,22,661,3,400,53,3,41
8e26e1c242d575871d8074986b625bfa,Cama Mesa Banho - 2kg - 16x10x16cm,,cama_mesa_banho,45,415,1,2150,16,10,16
edf41b78574ca881eee5140ffff55dba,Bola de Futebol Oficial (Edição Especial),,esporte_lazer,46,1332,1,2123,33,28,28
6f67fbf87e4b17a1aa8abfe2a0ffc7e4,Relógio Esportivo Resistente à Água,,relogios_presentes,55,660,2,300,20,13,18
98d3d093647c91f5bd575773f6eab9e1,Perfume Aventus 100ml,,perfumaria,54,1133,2,400,27,5,20
b22934d8dedd07b3033be2bf6da70bcb,Trem Elétrico com Luzes e Som,,brinquedos,33,561,2,415,19,16,17
1169ec485506aa10f38d941275dfce4b,Organizador de Gavetas 3 Níveis,,utilidades_domesticas,58,381,5,550,18,12,12
f1d4ce8c6dd66c47bbaa8c6781c2a923,Andador Infantil Clássico,,bebes,52,828,4,4950,40,10,40
fb3230a295c320ca2a32fc1047e8715f,Limpa Para-brisas 1L,,automotivo,55,109,1,300,30,15,30
fa92cdb881a2eab7e1f10d0ba6f42fc5,Relógio Casual Masculino,,relogios_presentes,55,498,3,300,16,11,15
14d2c4a849afdde0e39ffad27a1dfc56,Sanduicheira Elétrica Grill,,eletrodomesticos,57,272,1,1650,50,2,37
64051126507bdb875c1baf5b3b5a9a98,Teclado Mecânico RGB,,informatica_acessorios,60,392,2,540,17,10,14
90d44d8f3025c0bcf8ef83de3fe8011e,Cortador de Grama Manual,,ferramentas_jardim,36,153,2,700,22,28,24
1c059cb9cda165ab22821d43860ca347,Espelho Decorativo Ovalado,,moveis_decoracao,31,308,1,2250,37,30,20
93914ef5901d870afb5c7c9ac77a50a9,Prateleira Flutuante para Livros,,moveis_decoracao,57,306,1,3775,38,18,32
cdfbf89ab41de77f2bc60c0194c00d37,Carregador Rápido USB-C 30W,,telefonia,51,446,1,124,22,5,16
89e8ae28657101d78ae7be99d7230390,Cama Mesa Banho - 2kg - 55x25x35cm,,cama_mesa_banho,50,204,1,2900,55,25,35
ec72148301904394ad2c3f6204781102,Cama Mesa Banho - 650g - 16x10x16cm,,cama_mesa_banho,55,210,1,650,16,10,16
719d571299707561c34ba04ab867b32a,Creme Dental Branqueador 120g,,beleza_saude,41,1178,1,434,20,16,18
45e967683e7292b195609137fadaf2fe,Limpa Para-brisas 500ml,,automotivo,57,453,4,100,21,2,17
5524bbd7c991692980702322aa085419,Pendrive 32GB USB 3.0,,informatica_acessorios,57,1098,4,18150,17,35,35
79d7da51bcd8d7722a6db7b3c285e218,Alimentos Bebidas - 500g - 20x20x20cm,,alimentos_bebidas,59,1562,1,500,20,20,20
48465725d322101bdadd1d1a5acd8480,Fashion Bolsas E Acessorios - 150g - 20x20x12cm,,fashion_bolsas_e_acessorios,60,411,5,150,20,20,12
ce93cb16a8a8bf824af8246d97692415,Bola de Futebol Oficial (Edição Especial),,esporte_lazer,50,494,2,200,16,7,12
19db7ccde0bb9cb62b208b2b3b794927,Película de Vidro Temperado Universal,,telefonia,57,1009,1,200,18,6,12
a90de1bc3dd63ed137d8e045774dc2ec,Prateleira Flutuante para Livros,,moveis_decoracao,58,2049,4,2800,69,11,11
865cf360a28190ff9c1cf3ee412c55ba,Organizador de Gavetas 3 Níveis,,utilidades_domesticas,56,856,4,250,16,15,12
4d012181c7a23a79f84dc6cdd1cb1c04,Boneca Articulada 30cm,,brinquedos,20,274,1,6550,54,40,15
4161c903c8834f814fda62d066031d74,Alimentos Bebidas - 500g - 33x21x27cm,,alimentos_bebidas,52,595,1,500,33,21,27
a79c0d179a6de79b23a81b64b3980c04,Cama Mesa Banho - 1kg - 45x15x35cm,,cama_mesa_banho,57,220,1,1200,45,15,35
3f68d7ea8e04d4b3ffe99bbad06800d3,Jogo de Blocos 200pç,,brinquedos,54,1125,3,700,38,15,27
a1b156a0925874f584d8d0cb45a962ba,Kit de Limpeza Multiuso (5pç),,utilidades_domesticas,59,1115,1,14600,43,62,41
6f0fa88a479cc04c328859b3546e1ab0,Fashion Bolsas E Acessorios - 200g - 16x2x11cm,,fashion_bolsas_e_acessorios,56,1485,2,200,16,2,11
ba4c06dba31764d34fd6446894754568,Cama Mesa Banho - 970g - 36x4x26cm,,cama_mesa_banho,56,173,1,970,36,4,26
9f683084a0b0211109fef6e538cb4767,Cama Mesa Banho - 800g - 45x11x11cm,,cama_mesa_banho,43,352,1,800,45,11,11
db8416b29581dc9ccea5e43e59fda317,Colônia Nativa 200ml,,perfumaria,46,534,7,1850,35,26,26
d133bcdec960531f1cbc01c79c657e19,Tábua de Picar Bambu (3pç),,utilidades_domesticas,56,309,1,483,22,26,23
c06ec7b8d433a443d9350e3da23a4076,Organizador de Gavetas 3 Níveis,,utilidades_domesticas,56,257,3,12100,51,54,47
882b88e3f8d6db8171ee56f61efc8bd8,Aromatizante Automotivo Baunilha,,automotivo,53,877,4,500,17,4,11
8fbd36d3b045f5f38b252b1513478f38,Pendrive 32GB USB 3.0,,informatica_acessorios,56,482,2,500,35,5,15
20a8603c265d777e25da064113d556f5,Capa para iPhone 13,,telefonia,59,474,3,475,17,14,14
80e9d618cc71f5eed806b81bd62c38e4,Tábua de Picar Bambu (3pç),,utilidades_domesticas,60,494,2,5100,36,16,46
a4aae1a5593180418f46f1dd9f5d3793,Boneca Articulada 30cm,,brinquedos,52,827,4,2300,41,60,16
5194b89392be2982beeb37174bf7dcba,Luminária Pendente Moderna,,moveis_decoracao,43,197,1,1600,55,10,30
c5f80e9b4f6f51bc7cdb5d004643262a,Shampoo Anticaspa 300ml,,beleza_saude,58,767,5,8900,38,88,30
8d39a63db6a98e40571f486e0c711cf7,Produto - 450g - 16x7x11cm,,,,,,450,16,7,11
ffb2e8c1ddc7c3e590d2bc4c91de53e1,Prateleira Flutuante para Sala,,moveis_decoracao,43,534,1,600,65,2,13
3bf5c74c4cd6c31533bd6abf7c3d5a13,Película de Vidro Temperado Universal,,telefonia,60,317,1,100,19,5,11
0fd681f9cda34792a6404631648ac5f3,Teclado Musical 49 Teclas,,instrumentos_musicais,26,821,2,300,30,7,30
2a211896ec7ab72cedc7939e9ffb01b4,Teclado Multimídia ABNT2,,informatica_acessorios,58,1306,1,700,23,20,17
aa0d48704d551d1247be98ca06dfa990,Cama Mesa Banho - 250g - 16x22x11cm,,cama_mesa_banho,58,1626,4,250,16,22,11
c4f8e50f322e3f8b523e0e26559144ac,Boneca Articulada 30cm,,brinquedos,63,849,4,7300,58,27,33
0547b998c6f8893fab4ba02d5636c10f,Relógio Esportivo Resistente à Água,,relogios_presentes,42,262,1,500,16,16,16
fd1e94b07608d8b4a74b0c81dd4fe10e,Trem Elétrico com Luzes e Som,,brinquedos,50,874,2,1700,16,42,42
4c8b28305f570899b6ded964ddd234a9,Luminária Pendente Vintage,,moveis_decoracao,51,767,4,550,34,6,23
acd8d7f70cb01e9251e4da67e8813ffd,Moveis Sala - 12kg - 33x10x93cm,,moveis_sala,32,787,1,12200,33,10,93
79b1bbaa733d92414726da0dc53e221c,Protetor Solar FPS 50,,beleza_saude,58,2167,3,850,27,4,11
c7e02747ef9366a4fb7f4ac4fd261c36,Pendrive 32GB USB 3.0,,informatica_acessorios,59,2168,7,900,35,10,19
1906cb28cdc0781f04a95d4d3d0d980d,Fashion Bolsas E Acessorios - 300g - 16x2x11cm,,fashion_bolsas_e_acessorios,52,1359,1,300,16,2,11
5acfd4d25279c8414a02e70a92743c34,Bola de Futebol Oficial (Edição Especial),,esporte_lazer,54,470,3,100,18,14,16
4f3192a28c9da057319996e1502dc216,Suporte de Celular Articulado,,cool_stuff,38,1499,1,4317,30,40,28
3af4f5bb8b0616387fe23646fa94e256,Prateleira Flutuante para Sala,,moveis_decoracao,54,769,1,11600,45,35,45
de3e60701787a602b30be9c75937242c,Kit de Limpeza Multiuso (5pç),,utilidades_domesticas,33,722,7,15200,64,20,44
79e193444d3b3ba2e2f28d0e0f9bd97a,Cama Mesa Banho - 800g - 20x30x30cm,,cama_mesa_banho,44,729,1,800,20,30,30
733ea58d772bede3f0bba1d816efd8e9,Aquecedor Elétrico 400W,,climatizacao,45,252,2,350,20,15,15
9c9c0e6325bd947d1468817769ed4197,Mouse Sem Fio 2.4GHz,,informatica_acessorios,36,971,1,450,21,16,16
3308e7337d30a51ac18fa4e9e72b310c,Capa para iPhone 13,,telefonia,58,785,5,350,17,4,12
62a6991adbb1e60f5c03a77fae5568ff,Limpa Para-brisas 500ml,,automotivo,58,892,1,3350,35,20,20
7a3d2e33323f0341eaecc6154c003ac0,Teclado Gamer Mecânico RGB,,consoles_games,31,241,1,325,17,11,14
a12c02e04fe31b34937656a5c5114a7f,Aromatizante Automotivo Lavanda,,automotivo,57,1552,2,500,21,18,13
fd5c5a67cd369732c2ac20dbd574d1d4,Cama Mesa Banho - 450g - 29x9x21cm,,cama_mesa_banho,58,137,4,450,29,9,21
812f1a638bcd733dd09a574e2424dff0,Bola de Futebol Oficial (Edição Especial),,esporte_lazer,47,1344,1,4650,36,31,31
bf8193d8e1127957f3b82527c6d44c01,Necessaire Viagem 3 Compartimentos,,malas_acessorios,36,543,1,500,25,7,20
20c036a30ef670a7591c160758fe0b65,Moveis Cozinha Area De Servico Jantar E Jardim - 7kg - 66x10x46cm,,moveis_cozinha_area_de_servico_jantar_e_jardim,35,380,3,7600,66,10,46
d911283e9e087d5526ee83bb5150544d,Caneca Criativa 350ml,,cool_stuff,56,330,1,1700,33,44,19
cf75cf76758e0ff7115fa0fcb486a732,Bola de Futebol Oficial,,esporte_lazer,28,1319,1,600,34,16,16
c8b96022819f31119f1404ad2c3c1059,Brinquedo Mordedor para Cães,,pet_shop,54,1581,2,5450,30,30,30
354a74f657f4d957f2a0e5b9ee1eeb7f,Bola de Futebol Oficial (Edição Especial),,esporte_lazer,43,1188,1,2950,36,38,36
e1ecd7384e97b1ca3f7b1601c78728c9,Lixeira Automática 5L,,utilidades_domesticas,52,386,3,500,45,45,45
bd45d419cafca91f96772c2b59f0e0da,Relógio Casual Masculino,,relogios_presentes,56,1068,1,280,16,13,14
91d192f809ce47b73e0080288da65f34,Protetor Solar FPS 50,,beleza_saude,56,1128,4,670,17,11,14
9041a4cde4a900bc259d3b1b6847f6b1,Prateleira Flutuante para Sala,,moveis_decoracao,53,626,1,8500,35,45,45
0290cc426311fb177fe19e513a7dc349,Aromatizante Automotivo Lavanda,,automotivo,51,244,1,1000,20,20,20
91421c5de3c0cb822ec9bf05f9220267,Capa para iPhone 13,,telefonia,56,1649,6,200,16,2,11
a8f6902216234a2535986d89451f9ad7,Telefonia Fixa - 800g - 16x28x25cm,,telefonia_fixa,42,938,2,800,16,28,25
9226bd32a68934187cdb36243076ba99,Protetor Solar FPS 50,,beleza_saude,31,470,2,250,22,12,17
3f31e91ff55912757b04a48d7c1337cc,Limpa Para-brisas 1L,,automotivo,56,651,5,6950,78,4,47
48cff86e739b8e4dec45e95a05bb0d9b,Luminária Pendente Moderna,,moveis_decoracao,55,541,2,14200,49,42,42
5b1c98d30c986d084d3c312dddf35b74,Relógio Esportivo com GPS,,relogios_presentes,37,283,5,700,20,20,20
0d944ade388f4db684ab7578aadcc0ad,Fashion Bolsas E Acessorios - 150g - 25x8x18cm,,fashion_bolsas_e_acessorios,53,1488,6,150,25,8,18
6aa7792ae76dad7d68331915fb2602c7,Tapete Higiênico Cachorro 40x50cm,,pet_shop,57,1600,4,900,30,12,30
336090aa9bdfdc02b01b154b2d0abda2,Fone de Ouvido Bluetooth 5.0,,eletronicos,58,219,3,600,16,5,20
8d8109048bbf6f0369b1522029f92a19,Suporte de Celular Articulado,,cool_stuff,49,933,1,250,22,23,16
eed813e00d01572cb589f87199d081ad,Mouse Óptico USB,,informatica_acessorios,56,358,1,400,16,2,20
ee34e3cf023de19e886e2a55f714ddfa,Cama Mesa Banho - 1kg - 38x20x25cm,,cama_mesa_banho,56,365,1,1250,38,20,25
0a1c4b9c1ca294b2c85dbe2d4920abe6,Caderno Universitário 200fls,,papelaria,47,111,1,6250,30,10,30
b3129f40b427408e82987db1b30eefd9,Cama Mesa Banho - 650g - 30x8x25cm,,cama_mesa_banho,57,184,1,650,30,8,25
0cad3c9a114203d74ff1ca303486f205,Limpa Para-brisas 500ml,,automotivo,56,1763,1,3350,40,40,40
c348450d15a924d32e7f9b0dd91ca938,Fralda Ecológica Tam G (50un),,bebes,55,715,3,300,18,24,20
ad837169a27edc799909c3b1f6081399,Fralda Ecológica Tam M (50un),,bebes,46,513,1,12150,62,35,52
ffe8083298f95571b4a66bfbc1c05524,Cama Mesa Banho - 1kg - 40x5x30cm,,cama_mesa_banho,54,486,1,1350,40,5,30
c5fb785eb88d9246c4a9b3e7d47632b5,Mouse Óptico USB,,informatica_acessorios,55,204,3,300,35,8,20
441b81eac0773c6ed4ec1e1fb42ebba5,Marcador Permanente Preto (12un),,papelaria,44,893,10,1600,32,52,19
ea4d2100b24a14263ce28be19889f035,Bola de Futebol Oficial,,esporte_lazer,31,238,2,2600,60,15,15
f9ebcf80103354a6695bc743673fcacd,Prateleira Flutuante para Sala,,moveis_decoracao,59,141,3,300,25,11,15
5c15e8f223a8bf0d7858c403ddc1b0ed,Prateleira Flutuante para Livros,,moveis_decoracao,63,699,1,650,45,15,35
7dda94d5b1861c308661fedb3944df60,Mesa de Escritório 120x60cm,,moveis_escritorio,34,2419,1,9275,54,30,53
7384a19bf6df5d6139bc52286cd26c2e,Alimentos Bebidas - 9kg - 57x40x25cm,,alimentos_bebidas,46,553,2,9550,57,40,25
4daad1d90efd466b4c3889b4421f5610,Kit de Limpeza Multiuso (5pç),,utilidades_domesticas,49,430,1,5275,30,65,30
1c33c71830d320620439a3236a1c4ae1,Livro O Investidor Inteligente,,livros_interesse_geral,54,2931,3,2200,19,26,11
9b08a09bf2fd9731cfca8cb3db24457c,Furadeira de Impacto 500W,,construcao_ferramentas_construcao,14,233,3,150,16,10,12
bbdb0183a86f02d57038f08dbea44879,Boneca Articulada 30cm,,brinquedos,53,623,5,1950,45,10,45
9ae3dacfd2327107a1e28274fac25a4e,Cama Mesa Banho - 1kg - 48x8x39cm,,cama_mesa_banho,59,463,2,1900,48,8,39
49949e69181c88f76527f613550ca6f6,Lixeira Automática 12L,,utilidades_domesticas,45,231,4,500,16,12,12
1393eeb2b27f82d3f8035ed8d4b3a5e2,Espelho Decorativo Ovalado,,moveis_decoracao,36,652,3,950,64,6,11
a448325c57fbf792a2f6ac7d1b730917,Ventilador de Coluna 45cm,,climatizacao,63,1729,3,4800,72,5,11
630a236cea73f2eb6900f74e1cb2eb62,Cama Mesa Banho - 1kg - 30x5x30cm,,cama_mesa_banho,56,674,1,1200,30,5,30
43bafb0c5d10b886c2a7166089560202,Necessaire Viagem 5 Compartimentos,,malas_acessorios,57,393,8,950,35,10,20
1aecdb5fa3add74e385f25c6c527a462,Kit de Poda (Tesoura + Serrote),,ferramentas_jardim,41,3544,1,16400,100,30,30
614a7083f3c1a64a1829fee6bc60d90d,Musica - 100g - 19x3x11cm,,musica,32,366,2,100,19,3,11
52e5fdcb5e51164483d584c75bd3a478,Carregador Rápido USB-C 30W,,telefonia,55,211,1,150,19,8,16
3a21e6f5a154a5b03b6edb8fc6b24c5d,Andador Infantil Clássico,,bebes,58,585,2,220,23,9,17
d19c5ff1a4d4e8b0558536d57cf43cf7,Construcao Ferramentas Ferramentas - 4kg - 35x25x25cm,,construcao_ferramentas_ferramentas,57,1430,8,4700,35,25,25
c784a651cf319526cc7cf854f83cb941,Marcador Permanente Preto (12un),,papelaria,58,125,8,500,30,19,30
f8bbbaece0a5676ffd4d6c3cbde920ca,Fralda Ecológica Tam M (50un),,bebes,55,1072,3,1050,42,25,15
bea29aa4974e69f7e5873c7df0393b16,Cama Mesa Banho - 1kg - 22x16x18cm,,cama_mesa_banho,52,435,1,1050,22,16,18
05696da7eee323669666f62228d00f78,Cama Mesa Banho - 12kg - 60x27x50cm,,cama_mesa_banho,55,342,1,12900,60,27,50
ad84bd53f52aaacae7a40027842ab970,Teclado Mecânico RGB,,informatica_acessorios,31,212,2,1013,30,24,19
61bd5c44104358d0af199e259821d2b8,Bola de Futebol Oficial,,esporte_lazer,57,1002,3,450,30,20,20
221682b067ae8e8460ae2517e7e25e11,Shampoo Anticaspa 500ml,,beleza_saude,60,528,4,250,19,11,23
fa824bd872b3bfb379407d40ff3059c0,Relógio Casual Masculino,,relogios_presentes,60,645,1,265,18,12,13
1cf22c0593f2ba8ecf404d0945a2036a,Parafusadeira Elétrica 12V,,construcao_ferramentas_construcao,60,996,1,5500,16,45,15
3dd08f6de0f8c6d604bed117d4df0dfc,Trem Elétrico com Trilhos,,brinquedos,43,1156,1,500,17,10,12
5a2a1ef8eda93793f1a4569bcdabd123,Webcam Full HD 1080p,,eletronicos,37,115,1,350,22,7,16
60349023b5385947aa3a395689868518,Prateleira Flutuante para Livros,,moveis_decoracao,60,2138,2,3000,69,11,11
47f4c1c7335bd22493bf6f376ee9fa6b,Protetor Solar FPS 50,,beleza_saude,57,721,1,560,20,12,16
f020db7bfbac6214f8dc51b753800c5e,Martelo de Aço 800g,,construcao_ferramentas_construcao,54,740,1,3250,19,19,19
0eb5e2c967974b4a88f060ae6610788e,Ração Seca Cães Adultos 15kg,,pet_shop,56,839,15,1600,33,30,44
25bd33730dc67d9bcd87dc05dedfd2da,Creme Dental Branqueador 120g,,beleza_saude,43,1182,2,1350,42,11,12
f83c9874b5b5044ea58fef1be68c1ea8,Suporte de Celular Articulado,,cool_stuff,52,791,6,5200,63,2,79
7a1e511458adb4ffcbb43acffd72517c,Lixeira Automática 12L,,utilidades_domesticas,51,453,1,3400,60,15,25
7dffa5a576c3022da3db58e3b829f886,Relógio Casual Masculino,,relogios_presentes,54,395,2,550,25,13,25
db7519522818a6db0f264d6b4a16c40e,Prateleira Flutuante para Sala,,moveis_decoracao,47,801,2,400,19,10,16
d53d0094e20a39b4c5304940cf8995ea,Necessaire Viagem 3 Compartimentos,,malas_acessorios,58,890,9,1750,32,52,19
3c60c6bdbf4bac113ffbbb3c5b84753a,Marcador Permanente Preto (12un),,papelaria,57,722,3,150,16,10,27
c75a872692395427a0cfe0cf90bc858f,Raquete de Tênis Júnior,,esporte_lazer,45,1541,1,500,33,20,20
e50d281842fc4e385e897713deeae9c2,Protetor Solar FPS 50,,beleza_saude,46,1319,1,500,16,5,12
19c91ef95d509ea33eda93495c4d3481,Shampoo Anticaspa 500ml,,beleza_saude,50,1257,1,700,25,12,19
1cbe6092926b24ecacfdeb748bc34105,Aromatizante Automotivo Lavanda,,automotivo,52,666,1,4950,65,25,25
bfa4ca2c253f707895fce02b4756f4c4,Pacote de Canetas Esferográficas (10un),,papelaria,44,123,3,10100,38,55,35
bd08f3b4263a91e6d82b7ed0e8c4b75d,Cama Mesa Banho - 725g - 35x10x18cm,,cama_mesa_banho,60,280,1,725,35,10,18
659dc4a2860c19265edc2fe7e451329c,Necessaire Viagem 3 Compartimentos,,malas_acessorios,45,232,1,550,45,10,32
3085b422a5fd43e691b42df75c8a63ba,Protetor Solar FPS 50,,beleza_saude,30,876,2,1500,53,48,30
dc7ec35f43d77d1bc4b8fbd8cf6bc7c8,Fralda Ecológica Tam M (50un),,bebes,29,280,1,700,25,21,19
d3c264d1e08ef19321e6d5a75f419c82,Tábua de Picar Bambu (3pç),,utilidades_domesticas,51,139,3,200,26,4,19
d8e8c5f6ab9f4c0214127182ca234525,Moveis Sala - 4kg - 50x10x50cm,,moveis_sala,54,380,2,4550,50,10,50
0d69c82f1bc2991a5ec6fff3d803876b,Fashion Bolsas E Acessorios - 150g - 17x5x19cm,,fashion_bolsas_e_acessorios,56,1666,7,150,17,5,19
31a70a048673639e07f9c3848b590d8d,Sanduicheira Elétrica Grill,,eletrodomesticos,47,347,2,100,16,10,11
4845d1e797e8d6c21a975df4fae03ee1,Cama Mesa Banho - 700g - 25x15x20cm,,cama_mesa_banho,51,696,1,700,25,15,20
6ec3c050cedb96661c07a891ee359146,Tinta Acrílica Fosca Branco 3.6L,,casa_construcao,63,380,4,1200,16,20,38
8d024e70a7e9e92b8851684d047a7021,Raquete de Tênis Profissional,,esporte_lazer,52,642,1,1136,24,21,18
3803502e6590e7de4f77af1b2cb8d0c4,Lixeira Automática 5L,,utilidades_domesticas,50,482,4,700,27,9,19
83ecdffd5afc36321b868838c447c44e,Fashion Bolsas E Acessorios - 150g - 17x7x12cm,,fashion_bolsas_e_acessorios,42,168,1,150,17,7,12
e6a8a1b25dccfe76d339f9cd19be7779,Raquete de Tênis Profissional,,esporte_lazer,45,601,1,10450,20,23,12
4645dbced3aa2868c85f6031f226ed5b,Shampoo Anticaspa 500ml,,beleza_saude,50,921,1,700,16,16,16
8ac83e639035f00faa972f1fb0063b4e,Shampoo Anticaspa 300ml,,beleza_saude,50,796,2,150,20,10,20
3e068f21ad721826461bfe93ff04ee59,Caderno Universitário 100fls,,papelaria,59,1566,1,250,26,26,11
516a7c0b152777ac153b6ff568582222,Fashion Bolsas E Acessorios - 100g - 17x7x17cm,,fashion_bolsas_e_acessorios,39,565,3,100,17,7,17
ced65a7af145a0974ffb661e7b20b5ae,Necessaire Viagem 3 Compartimentos,,malas_acessorios,51,352,1,450,20,5,20
90ef6790cfc145cf45f9c476d1f47af0,Caderno Universitário 100fls,,papelaria,49,241,3,6100,60,20,29
efbb1aa8004b5afbe175d7d6ce557342,Moveis Sala - 6kg - 55x14x47cm,,moveis_sala,33,328,2,6050,55,14,47
58151ad2f10829fca9c53a2a0dfb5535,Cama Mesa Banho - 950g - 38x10x38cm,,cama_mesa_banho,55,246,1,950,38,10,38
76ec315dcc55a9e20ce3c0cd6124a9b3,Bola de Futebol Oficial,,esporte_lazer,51,1016,2,2300,30,13,25
537ac9105a4aeb58599b4e4581fe8f04,Cama Mesa Banho - 1kg - 40x6x30cm,,cama_mesa_banho,40,485,2,1100,40,6,30
3dc7db1edfac20883ed35ecfec05a3cc,Limpa Para-brisas 1L,,automotivo,60,547,1,1050,16,5,16
03d4233b9e3382adaed9e5c58626f1dc,Luminária Pendente Vintage,,moveis_decoracao,59,566,1,200,35,10,20
09e5556011177a1f20244a4fcdde2752,Moveis Sala - 6kg - 50x50x11cm,,moveis_sala,52,400,3,6100,50,50,11
cd8c7501d1e3a66f282dfed8dbd5ab9f,Creme Dental Branqueador 120g,,beleza_saude,53,3954,1,3700,40,10,20
4cd8cb56dc105468771e4fc4a815dfd3,Eletroportateis - 2kg - 30x25x31cm,,eletroportateis,60,454,3,2007,30,25,31
d0be993a2140a8cfe0a106b6c2d974b6,Furadeira de Impacto 500W,,construcao_ferramentas_construcao,40,1973,9,200,40,4,30
c8194120cffeb4eea08d08e91ed1d284,Construcao Ferramentas Jardim - 3kg - 57x9x35cm,,construcao_ferramentas_jardim,58,986,2,3097,57,9,35
459d6fff714db7ff3a86582bf33fc9df,Bola de Futebol Oficial,,esporte_lazer,49,839,1,250,16,16,16
168b1b45c68037b0490157ee10540349,Cama Mesa Banho - 3kg - 39x13x46cm,,cama_mesa_banho,60,269,1,3150,39,13,46
0b898ec6fedc70029a044c72475aeed4,Dvds Blu Ray - 200g - 20x2x14cm,,dvds_blu_ray,49,1151,1,200,20,2,14
947f602dbb2ac7b6795cc5b1f0508a52,Protetor Solar FPS 50,,beleza_saude,37,3781,1,100,16,5,17
c2a241928535e097a96aa157dfaa86b5,Massa Corrida PVA 25kg,,casa_construcao,59,962,6,50,52,22,52
056d07eb7d9c446e3780a3a7f102190d,Lienzo de Algodón 50x60cm,,artes,48,135,1,500,50,6,20
743f4eec5711267026a93df72eeb7174,Livro Sapiens: Uma Breve História da Humanidade,,livros_interesse_geral,44,1615,1,800,33,6,22
3f3d9760b163e08f9566ea1b2b8e1cd4,Shampoo Anticaspa 500ml,,beleza_saude,56,1891,1,1100,16,15,13
36f78198534cccd08c53c29b56e82d55,Protetor Solar FPS 50,,beleza_saude,52,1784,2,150,16,6,11
fc470dc1924bf42ce34d83187505dbe4,Teclado Musical 49 Teclas,,instrumentos_musicais,57,55,1,150,20,7,15
79ce45dbc2ea29b22b5a261bbb7b7ee7,Protetor Solar FPS 50,,beleza_saude,27,152,2,1000,25,6,12
317610c6c173aec78923ac272ae9393d,Raquete de Tênis Profissional,,esporte_lazer,56,926,5,2500,93,10,40
252dc1fbd22786a5305623453f8eaf8b,Creme Dental Branqueador 120g,,beleza_saude,59,3323,8,100,28,13,12
22e9d458875333a868ae17fc894781e5,Carregador Veicular Bluetooth FM,,automotivo,60,651,5,3300,78,4,47
b58894ae62ca975959eb3a8d4c8f4f92,Trem Elétrico com Luzes e Som,,brinquedos,35,1099,1,4200,60,60,30
dcecdbaf763f2a027e5b4587ba9ee82b,Caderno Universitário 100fls,,papelaria,44,226,2,200,24,7,14
086351823300e0339f6955b27998c186,Cama Mesa Banho - 3kg - 65x12x45cm,,cama_mesa_banho,49,189,1,3305,65,12,45
a6a7cf0d51ae6970c1881c0da049e1fa,Carregador Rápido USB-C 20W,,telefonia,60,587,2,200,19,4,11
775bca2cd0c1c8165c893062195f9429,Prateleira Flutuante para Sala,,moveis_decoracao,44,472,2,2400,19,7,16
37933ba010cb5d5f231585d26287bed3,Lixeira Automática 12L,,utilidades_domesticas,45,160,4,9800,61,31,31
4d34afdb45a519bcec6f07b20f0b5622,Sanduicheira Elétrica Grill,,eletrodomesticos,47,58,2,1344,26,27,34
573e2258c8b79fb5b1ea443040c8dcd1,Colônia Nativa 200ml,,perfumaria,36,2379,6,300,20,20,20
ebcf9e2edf1b5ef61117102401561d4a,Carregador Rápido USB-C 20W,,telefonia,42,329,1,150,16,4,13
d55f7acfb1c10beb91b70cddfce29e3e,Organizador de Gavetas 3 Níveis,,utilidades_domesticas,60,333,1,16000,32,72,32
536f3b8c629a2ef8e8b582d937a792b1,Perfume Aventus 50ml,,perfumaria,47,1985,1,550,22,7,16
67583cf9d65f2b9a1f26c158bd85257f,Kit de Poda (Tesoura + Serrote),,ferramentas_jardim,53,267,3,16600,42,90,26
39fed4eaa7c5632965cb9736ff7e7a97,Sanduicheira Elétrica Grill,,eletrodomesticos,57,328,1,150,27,13,17
ea66598d13482c9c72f1936c62d2e630,Sanduicheira Elétrica Grill,,eletrodomesticos,55,725,3,6613,49,13,39
cf161acf0258ad3ee8fcadd1c7f0e368,Bola de Futebol Oficial (Edição Especial),,esporte_lazer,50,867,3,1050,30,11,11
1a1dba78177cbabf00a2e1eab46e62b6,Produto - 700g - 35x35x15cm,,,,,,700,35,35,15
f2d15dbc857e5597dbe82236c424cd79,Balão de Voleibol Praia,,esporte_lazer,51,375,2,1650,20,40,30
9047a9fe0b7e4175af012bfa793890cd,Aromatizante Automotivo Lavanda,,automotivo,59,344,1,2050,25,25,25
b7db1a22a9e89c9749d7386c4f0ff639,Aromatizante Automotivo Baunilha,,automotivo,55,1311,3,400,16,7,20
93f8951fb9bd7dc84f80350de6fadbd9,Jogo de Blocos 100pç,,brinquedos,48,342,3,1050,16,20,15
ec242882027ee23182f0e790e4117128,Cama Mesa Banho - 1kg - 45x15x35cm,,cama_mesa_banho,60,872,1,1400,45,15,35
a5633cb3c488d04d36b0191dce4c8bc1,Fone de Ouvido Bluetooth 5.0,,eletronicos,36,175,1,600,16,63,33
f07c891a5d581691d77863eed1743dd1,Marcador Permanente Preto (5un),,papelaria,60,427,2,300,24,7,14
3846c262ddb08db0ea2cc1a1685590ff,Produto - 600g - 18x18x18cm,,,,,,600,18,18,18
0ca7afae61c042aedfd973110cd8970f,Tábua de Picar Bambu (3pç),,utilidades_domesticas,54,493,1,1733,23,23,21
f4d2144023a238288d36db2840a37ea0,Teclado Multimídia ABNT2,,informatica_acessorios,46,2626,4,486,27,17,28
8b502ca34e28d30605bc667b965b6abf,Relógio Casual Masculino,,relogios_presentes,63,1323,3,550,16,13,13
b6c312bb8b2e0c3ab0a23d207802f82f,Cama Mesa Banho - 5kg - 48x37x53cm,,cama_mesa_banho,58,395,4,5967,48,37,53
0d90fced28b749fa0468818d98cb8212,Shampoo Anticaspa 300ml,,beleza_saude,42,534,1,983,41,23,35
29fd9022374ff3fef2e8f82c39b4133e,Cama Mesa Banho - 800g - 45x15x35cm,,cama_mesa_banho,57,427,1,800,45,15,35
d64738c7b2e2d1778a51e835d8f02568,Cama Mesa Banho - 790g - 22x15x22cm,,cama_mesa_banho,43,703,1,790,22,15,22
bd2c3709849255acdbf5855094cdaa01,Cama Mesa Banho - 1kg - 50x15x38cm,,cama_mesa_banho,41,350,1,1525,50,15,38
188ad420d63afdbdf6711580e40dfbb5,Trem Elétrico com Luzes e Som,,brinquedos,57,564,1,150,20,7,15
3470ec574925a96bb8480140fddb1050,Ração Seca Cães Adultos 15kg,,pet_shop,55,633,1,300,16,16,16
75dffc4de999c1c28630b084e58beee4,Carregador Veicular Bluetooth FM,,automotivo,56,1831,1,1425,24,10,23
95c1a931a9c24a30577e9af5a5c420ea,Bola de Futebol Oficial,,esporte_lazer,33,959,1,550,25,15,25
11e70144cff3fcf2bb31adf12b91178c,Cama Mesa Banho - 900g - 40x7x34cm,,cama_mesa_banho,60,160,3,900,40,7,34
c90cf9075d7e8a5f4eca8b39763bf2e5,Aromatizante Automotivo Lavanda,,automotivo,52,147,3,100,20,3,17
34742604f6cd1e891726b849b6890f81,Balão de Voleibol Praia,,esporte_lazer,47,1582,1,12000,105,46,46
c8666b79d968dd8ed08d31e4fc58fb93,Colônia Esportiva 150ml,,perfumaria,45,158,1,100,16,16,11
e8452a21116fc579999d65cb5279797a,Cama Mesa Banho - 850g - 20x30x30cm,,cama_mesa_banho,49,729,1,850,20,30,30
9d6c4148e617e319b543737dfe71cc5f,Trem Elétrico com Trilhos,,brinquedos,54,472,2,400,21,7,15
ad59cb0673bceac69f32635f227b2ddb,Market Place - 285g - 19x13x15cm,,market_place,35,382,1,285,19,13,15
4b4cf4c7dcef27edc5dcfd5b9ea611c0,Lixeira Automática 12L,,utilidades_domesticas,59,789,1,575,16,10,14
f4387cd405b21509803344d044ac2c3c,Relógio Casual Masculino,,relogios_presentes,53,581,2,350,16,11,11
aa0756c28665669298ad1d32c064619e,Telha de Fibrocimento 2.44m,,casa_construcao,51,853,6,1050,16,20,16
f6584475ef4b8710cec93be723766326,Creme Dental Branqueador 120g,,beleza_saude,38,334,1,527,18,16,13
5dae498eff2d80057f56122235a36aff,Parafusadeira Elétrica 12V,,construcao_ferramentas_construcao,58,338,1,2700,24,7,24
bd0ced5367f8750ffbeaa23d1d2ddf33,Martelo de Aço 800g,,construcao_ferramentas_construcao,59,1085,4,800,25,21,25
a67265ec07daf7b3d86238c34721f702,Cama Mesa Banho - 2kg - 34x9x33cm,,cama_mesa_banho,54,289,1,2150,34,9,33
c2fb73db15e28aa021dcf7b2856fef27,Fralda Ecológica Tam M (50un),,bebes,52,704,4,3600,60,20,50
fe7d52482b17e6b3466f4b8f3ce51a9e,Shampoo Anticaspa 500ml,,beleza_saude,45,3059,3,250,23,7,15
738067b78d178e457fa0dc6db5d2cc58,Teclado Mecânico RGB,,informatica_acessorios,59,583,1,300,16,8,12
8b6ed41158b194711f83b8da92757544,Raquete de Tênis Júnior,,esporte_lazer,52,490,2,1182,21,16,17
b06e4ddd013b4a1a81e80fe575d9b762,Cama Mesa Banho - 1kg - 49x7x40cm,,cama_mesa_banho,60,226,1,1500,49,7,40
9d308481c717341c98ade1c35baee01c,Relógio Casual Feminino,,relogios_presentes,49,628,1,417,16,11,13
83d199d296c44101c8c3b5c9c0cce9ea,Boneca Articulada 30cm,,brinquedos,26,855,2,500,18,6,21
e87c7aefd725b0f63ce4f690832f9cab,Moveis Cozinha Area De Servico Jantar E Jardim - 6kg - 21x41x31cm,,moveis_cozinha_area_de_servico_jantar_e_jardim,43,1424,1,6550,21,41,31
626a944b34a60ab69c2fcf2827163c84,Eletroportateis - 600g - 16x4x13cm,,eletroportateis,56,3498,1,600,16,4,13
9f5a2290fe27f9c70ca8424e98229b62,Artigos De Natal - 2kg - 41x16x38cm,,artigos_de_natal,52,647,9,2400,41,16,38
8250ed49c0929b233a405e3ece4ce328,"Sifão de Pia 1.1/2""",,casa_construcao,22,579,2,30000,30,105,15
9bd556e1c4a7917679b89ec2075e9cba,Organizador de Gavetas 3 Níveis,,utilidades_domesticas,55,271,2,2700,30,16,33
c4a4f6326493ee449e618f0143d290fd,Moveis Sala - 23kg - 50x60x50cm,,moveis_sala,58,1358,1,23100,50,60,50
bc048769f430e8e98c07bae3108a422c,Relógio Casual Masculino,,relogios_presentes,44,546,1,475,19,13,20
79f9c6ec3a4021fc8af98efb87be2ce2,Limpa Para-brisas 500ml,,automotivo,45,334,3,100,38,2,22
f4e2ea6624e03c8734a6504f2d55331f,Relógio Esportivo com GPS,,relogios_presentes,42,2711,1,175,21,14,18
d85c634ccca1e39041f2e692079dedf6,Relógio Casual Masculino,,relogios_presentes,32,467,1,457,19,15,24
ba9a847a2c023953743ba9e5ef6c88c6,Fogão 4 Bocas Inox,,eletrodomesticos,39,229,1,200,26,15,35
03e7d29d9988a30815f1f20b6549881f,Bota Social Masculina 41,,fashion_calcados,54,404,4,700,22,12,33
e8726dba146280f6ac62eddbf22d71b0,Pulverizador de Jardim 2L,,ferramentas_jardim,54,1905,3,450,50,20,20
6562dd6467621f6b5ab019a96d4ee8c7,Limpa Para-brisas 1L,,automotivo,56,920,1,9850,56,15,15
5b388e2d3e6204d8a3a6698e122bdc4a,Colônia Nativa 200ml,,perfumaria,45,650,1,350,18,10,12
a4e61cf10d2c48246eb1f9cb56af1e79,Luminária Pendente Vintage,,moveis_decoracao,58,566,2,300,52,3,35
cfd652b39b87b4e06cf4ea106a32db47,Caneta 3D Iniciante,,cool_stuff,33,659,1,1250,42,25,15
8f7f39a553ee4fad3c49f91a837dc58a,Aromatizante Automotivo Baunilha,,automotivo,53,1421,1,200,20,6,17
325e75d20ca67d859f707129be35878e,Tábua de Picar Bambu (3pç),,utilidades_domesticas,63,427,3,350,30,5,25
d245838e3d0b2b51d751ccdc98885a8e,Shampoo Anticaspa 500ml,,beleza_saude,59,895,1,50,20,15,15
fca5350a69eb4d8ae4f5884413ebd0e5,Perfume Aventus 100ml,,perfumaria,36,220,1,400,16,18,11
11fcf75cb0f15b4e28842db20b062850,Prateleira Flutuante para Sala,,moveis_decoracao,63,461,2,800,80,10,60
e691bd0506414e107f3075b13954b2ef,Ámbar Noche Eau de Parfum,,perfumaria,19,616,1,100,20,20,30
dcf9390408cfcc20fbe35ae75f74d0c4,Aromatizante Automotivo Baunilha,,automotivo,52,190,4,11600,53,77,17
af8033e2e2919480bf64674af8dc453a,Espelho Decorativo Ovalado,,moveis_decoracao,58,575,1,300,35,10,25
03ba2b6c24374d16022585b6b1b385e1,Raquete de Tênis Júnior,,esporte_lazer,24,1636,1,7450,19,22,20
5c97588998ff51dd072c59f19bed6c78,Moveis Cozinha Area De Servico Jantar E Jardim - 17kg - 35x96x12cm,,moveis_cozinha_area_de_servico_jantar_e_jardim,34,1932,5,17000,35,96,12
ec87fe7c217a713732b71344bc43274b,Luminária Pendente Moderna,,moveis_decoracao,29,383,1,2000,30,30,30
19a20f150018f5e9df17c838f7139435,Organizador de Gavetas 3 Níveis,,utilidades_domesticas,48,617,1,2600,33,23,30
d10fd5adeab7535975993cbc2ce64b56,Shampoo Anticaspa 500ml,,beleza_saude,50,928,1,738,17,19,15
2ccd049c8e7ea210e079a1aa8ad92477,Marcador Permanente Preto (5un),,papelaria,54,218,3,6900,28,55,37
0e35a413d832e63c5d46101b7c88de0f,Espelho Decorativo Ovalado,,moveis_decoracao,32,165,1,400,32,5,22
26b2a480ced2900a62bb9431133e95aa,Construcao Ferramentas Iluminacao - 1kg - 16x19x16cm,,construcao_ferramentas_iluminacao,41,971,1,1050,16,19,16
efbe9b32f8f4baa096811656d1292b9e,Teclado Multimídia ABNT2,,informatica_acessorios,55,726,1,350,25,3,25
a379052f2b3b2388e071828bc4eba5fa,Creme Dental Branqueador 90g,,beleza_saude,58,1638,1,270,19,20,19
1ef71d12e77a6bb27f555c45747807ab,Trem Elétrico com Trilhos,,brinquedos,36,478,1,625,31,10,22
65aca437a0c87d858fed1fd11dda2f4f,Limpa Para-brisas 500ml,,automotivo,56,461,7,400,30,11,15
8747974bad06af6fbf0f2acf33a55ddc,Webcam Full HD 1080p,,eletronicos,59,1723,1,400,23,11,21
4fde8dfa310a17fa27bd63e6607dcd2d,Cama Mesa Banho - 1kg - 30x23x11cm,,cama_mesa_banho,48,2139,1,1700,30,23,11
b570f2a8228eeaa87e224f25264576b5,Cama Mesa Banho - 800g - 20x2x15cm,,cama_mesa_banho,59,81,1,800,20,2,15
a7e37a8ca3fcb0a7783fafdf40591f7a,Trem Elétrico com Luzes e Som,,brinquedos,20,234,1,400,17,10,12
293637be1a5ab3bd138fb6b758100e7c,Tábua de Picar Bambu (3pç),,utilidades_domesticas,27,780,2,150,21,34,34
e6afe5ce0d27df0b787daf76bd037050,Cortador de Grama Manual,,ferramentas_jardim,37,1067,3,5400,34,34,34
70e0d082134b563e2977cf5f268ad3f9,Bola de Futebol Oficial,,esporte_lazer,59,471,2,300,30,10,16
efcb9126521b2cad4902c2346168c65b,Headset Gamer 7.1 Surround,,consoles_games,23,430,1,525,43,11,17
371c121dc86b3821f720e7dbe1928207,Marcador Permanente Preto (12un),,papelaria,59,504,4,150,22,5,12
12181424582d4d4233622caeddcae843,Pendrive 32GB USB 3.0,,informatica_acessorios,53,326,4,1450,56,12,25
7002de80666aef110fc6b91f41e111d5,Fashion Bolsas E Acessorios - 150g - 16x10x13cm,,fashion_bolsas_e_acessorios,23,433,3,150,16,10,13
f5caa36f71f444c6508c84818cab5641,Jogo de Blocos 200pç,,brinquedos,46,435,4,1600,20,5,18
6eba58100f906fe0965290b28ca3c45f,Cama Mesa Banho - 1kg - 16x10x16cm,,cama_mesa_banho,54,532,1,1450,16,10,16
325c397d5d1eebe97422d6bc1ed8709d,Gaveteiro 3 Gavetas,,moveis_escritorio,30,210,3,5600,90,30,40
5e53af05c040b01584b81b3549945faf,Construcao Ferramentas Ferramentas - 200g - 16x16x16cm,,construcao_ferramentas_ferramentas,53,470,3,200,16,16,16
87b489e8ad10cd2b4e631cc1af34ff00,Luminária Pendente Vintage,,moveis_decoracao,55,287,2,700,28,50,28
c8a148c82c4a80df54e7ceea266f9fb5,Martelo de Aço 500g,,construcao_ferramentas_construcao,27,116,3,6900,45,19,45
c0603988d17e4588dfce0f7f01978557,Cama Mesa Banho - 400g - 26x18x23cm,,cama_mesa_banho,60,516,1,400,26,18,23
2a5fd02982127e736ae8f4d6d020fcc8,Lixeira Automática 5L,,utilidades_domesticas,33,1520,1,5950,35,35,29
3dcb77af8b9587985d046b195e105475,Cama Mesa Banho - 3kg - 36x10x35cm,,cama_mesa_banho,59,289,1,3400,36,10,35
cec51758e9839eb5414b214934430da6,Sinalizacao E Seguranca - 450g - 16x11x16cm,,sinalizacao_e_seguranca,50,853,1,450,16,11,16
b3f3d2afe706552a90fd99f870e4ddf5,Produto - 3kg - 33x40x22cm,,,,,,3000,33,40,22
5afcae10f25795d55b858f6a2b95233b,Jogo de Blocos 100pç,,brinquedos,36,509,1,800,40,10,40
08c816d9a716567bf436173ef6f5f12e,Webcam Full HD 1080p,,eletronicos,60,740,1,150,18,12,15
a66505d5bdac1f7263e98e4eaaf996ea,Prateleira Flutuante para Livros,,moveis_decoracao,58,454,2,467,47,4,35
541ebe8c106e6b65e3861b679d455d4f,Relógio Casual Masculino,,relogios_presentes,54,753,2,300,16,11,11
46670e03948d0e1c2273c88899f27cc7,Controle com Fio para Xbox Series X,,consoles_games,48,1199,2,615,19,12,18
013298e0648d412de0d65690045493bc,Perfume Aventus 50ml,,perfumaria,52,733,1,350,17,16,17
6b7de889f456ee35f031172d358b2cd2,Caderno Universitário 200fls,,papelaria,60,778,6,1500,30,50,20
3c699da37ca714bf7dfa8450413fac3b,Bola de Futebol Oficial (Edição Especial),,esporte_lazer,26,108,1,600,22,16,22
57210152ac995411cc3cbbaff91488a5,Prateleira Flutuante para Livros,,moveis_decoracao,27,889,1,1250,23,8,8
9f7f468f60c25b1f2b5183c259116c46,Cama Mesa Banho - 400g - 40x3x40cm,,cama_mesa_banho,56,146,2,400,40,3,40
7d88f23682af2fc7db5484b6e41f8993,Batedeira Planetária 400W,,eletrodomesticos,50,264,1,500,18,8,13
69523f67543ff9ea6b1a15858fb59b3b,Relógio Casual Masculino,,relogios_presentes,55,201,8,200,16,2,11
562cc818d2fced5e90afc6c220636bff,Violão Acústico Clássico,,instrumentos_musicais,33,487,3,3250,66,17,36
a88124e0b1d42ca7b0813a78ff630437,Chave de Fenda 6x100mm,,construcao_ferramentas_construcao,55,338,1,2600,23,8,23
2add772ac1b21ad0f2a8f7bfda8723db,Cama Mesa Banho - 7kg - 60x30x60cm,,cama_mesa_banho,55,610,3,7550,60,30,60
80be7f3c94ee90b42197f718de0ea371,Fralda Ecológica Tam G (50un),,bebes,56,937,2,400,30,16,16
d4b07c2026024b816cd6685fd312cd19,Cama Mesa Banho - 3kg - 34x8x41cm,,cama_mesa_banho,60,146,2,3250,34,8,41
594bbf3064869810a9f56dac8c05acfb,Trem Elétrico com Luzes e Som,,brinquedos,57,795,1,200,17,12,12
6979e1139091865830dbbe45342271e0,Jogo de Blocos 200pç,,brinquedos,47,493,1,1185,22,18,23
13c7f5f30c37ace12ec243d2ebb8e970,Teclado Multimídia ABNT2,,informatica_acessorios,57,738,2,433,18,4,15
c56cdaacd8e2dca5489236a4875c0b89,Pendrive 32GB USB 3.0,,informatica_acessorios,52,153,3,600,19,5,12
59dccecad0c81b2b36cec5f92e7fcf12,Espelho Decorativo Ovalado,,moveis_decoracao,47,343,1,800,40,5,20
34b2f2ad489d0598df09cab99e17c928,Kit de Poda (Tesoura + Serrote),,ferramentas_jardim,21,703,3,7600,40,40,40
de00d8cf49c6e6ce6b269424b550413a,Kit de Poda (Tesoura + Serrote),,ferramentas_jardim,56,318,2,1900,69,5,22
b08df62248deffb092aad0ec5ef5d03d,Cortador de Grama Sem Fio,,ferramentas_jardim,56,381,2,2900,30,10,25
7eb9c68704af5effea1cee6f3a6b4b4b,Tênis Esportivo Feminino 35,,fashion_calcados,54,404,4,900,22,12,33
1e78f6e43c85b0bc80a2ccb4b78006ba,Aromatizante Automotivo Lavanda,,automotivo,42,840,1,5100,45,20,45
26782e17e3df2c4b6142ac9ddc0af5d4,Moveis Sala - 8kg - 55x73x18cm,,moveis_sala,26,948,1,8225,55,73,18
282dcadbd8c61f52f06a8ae802b54ee6,Creme Dental Branqueador 120g,,beleza_saude,59,2751,4,3300,23,23,23
6e4d0d0f95ee20729970abe6ad1bbe39,Lixeira Automática 5L,,utilidades_domesticas,45,173,1,2400,50,6,50
26f4f1d683f32cfce93292cc626d5eea,Coleira Antipulgas 8 Meses,,pet_shop,53,823,17,1150,21,17,30
b00b81e1ea32eaf578f8972848a2e67e,Perfume Aventus 50ml,,perfumaria,57,2145,1,783,19,18,17
8ba9596b8e1d12a239692a8243de14b9,Espelho Decorativo Ovalado,,moveis_decoracao,40,243,3,7675,71,8,71
8b6ec82b7089cbbb7d187eaa3c74275f,Prateleira Flutuante para Livros,,moveis_decoracao,59,2084,2,1350,69,11,11
1666b6ce6543ea221eac0c273d4ce8d7,Trem Elétrico com Trilhos,,brinquedos,55,701,1,1500,41,16,43
1a4313cc3541860e69057b96e097d419,Aromatizante Automotivo Lavanda,,automotivo,58,228,2,5550,55,35,30
1b6033cbf12974cf79c1cccbf8592ffd,Shampoo Anticaspa 300ml,,beleza_saude,27,1840,1,250,17,12,12
01880e9ca075037ac0520fb94c07a79a,Carregador Veicular Bluetooth FM,,automotivo,42,756,5,550,17,5,12
fb61913f136b043fa02aef89b739fd1a,Protetor Solar FPS 50,,beleza_saude,45,1703,1,1400,20,40,20
9b90cdb2d9223fc2e400fcdda43bdd48,Raquete de Tênis Profissional,,esporte_lazer,41,1139,1,5475,32,33,22
c4761af5e6a2183cc23c77a8d16f9d09,Caneca Criativa 350ml,,cool_stuff,58,426,7,23000,60,42,57
f9fde29df32a1dba73a3b1075c9a6f3c,Fashion Bolsas E Acessorios - 200g - 24x9x16cm,,fashion_bolsas_e_acessorios,40,233,1,200,24,9,16
1a64be9825a124a4b43d1e19bac03a44,Caneca Criativa 350ml,,cool_stuff,45,424,2,600,32,4,29
da857fc20bb0eb099a186790add9b298,Cama Mesa Banho - 2kg - 45x15x35cm,,cama_mesa_banho,58,289,1,2200,45,15,35
8e3a9b154a86602302ce789b9eb8b6c7,Creme Dental Branqueador 90g,,beleza_saude,46,862,1,700,25,12,19
8527a4190bad5e8443739b3cdb19920b,Mouse Sem Fio 2.4GHz,,informatica_acessorios,54,1018,3,650,17,15,11
6c2ab90b87f928321701b7515be9ca38,Cama Mesa Banho - 16kg - 64x32x47cm,,cama_mesa_banho,34,373,1,16050,64,32,47
41b28e279b61620ed4a3471c804438c7,Jogo de Blocos 100pç,,brinquedos,49,911,3,200,20,25,25
3c95f0e78d88cdfb8af7f72dd586a4a0,Cama Mesa Banho - 1kg - 34x17x28cm,,cama_mesa_banho,44,338,1,1200,34,17,28
d6a95e3741f817881010aa71433051b5,Sanduicheira Elétrica Grill,,eletrodomesticos,57,1799,3,50,26,2,12
49cdb82f423618027a6526f52199e812,Teclado Multimídia ABNT2,,informatica_acessorios,22,716,2,200,44,2,31
3a56185b0baa8dc98beef8ebba000b96,Telha de Fibrocimento 2.44m,,casa_construcao,48,894,1,2300,30,30,30
a04087ab6a96ffa041f8a2701a72b616,Pcs - 13kg - 27x50x53cm,,pcs,55,1105,1,13700,27,50,53
0a37e05528984f47c754837344732fbb,Shampoo Anticaspa 500ml,,beleza_saude,58,3897,2,800,40,20,30
5ed3835ea6f96c77bdbe416dc1a96850,Marcador Permanente Preto (12un),,papelaria,33,197,3,200,24,7,14
0992e0d1ee0fefb9a73e3b1bb829f396,Cama Mesa Banho - 11kg - 50x40x43cm,,cama_mesa_banho,58,763,2,11850,50,40,43
00cf06147ed4880ec5fbba2adbb20e1d,Livro Sapiens: Uma Breve História da Humanidade,,livros_interesse_geral,30,253,1,350,24,5,17
e31c5933157c3e4134a0f536f7bcc14e,Lixeira Automática 5L,,utilidades_domesticas,60,185,2,525,25,28,25
83b7e1ec294af41b21657b105834c836,Raquete de Tênis Júnior,,esporte_lazer,49,3148,8,325,19,14,17
6fa678696394694c5c9fb4d32a9fd247,Limpa Para-brisas 500ml,,automotivo,56,1063,5,3850,53,43,11
267a48e9a306231f94d36b274782ca5d,Aromatizante Automotivo Lavanda,,automotivo,52,381,2,4259,24,22,32
40c9f84a8919516ca9b0d6a9f5ad27f4,Fashion Bolsas E Acessorios - 100g - 16x5x16cm,,fashion_bolsas_e_acessorios,45,802,1,100,16,5,16
f152b09d0630df240acc7c63009e814d,Organizador de Gavetas 3 Níveis,,utilidades_domesticas,50,153,1,9950,20,50,28
a8255c87078b4bd9bc05fe7290ca5c25,Aromatizante Automotivo Baunilha,,automotivo,44,1034,1,24000,61,67,33
094fbff68f8c7fd768277bcfa984b4e1,Camiseta Geek Estampada,,cool_stuff,41,364,1,600,32,4,29
b6f7a80ce020adcd7918fca6246bf96a,Eletroportateis - 4kg - 48x34x33cm,,eletroportateis,31,3033,1,4450,48,34,33
6e423c2d28bfb207e1fd1d6e1df84721,Ámbar Noche Eau de Parfum,,perfumaria,43,284,1,350,20,10,18
9ef8eabf54b45bc606e85fcb4d97e968,Limpa Para-brisas 1L,,automotivo,40,1387,1,2140,38,38,36
36027cd76cee85025c9136de78270a6c,Gaveteiro 3 Gavetas,,moveis_escritorio,27,2161,1,14600,58,28,58
b7f127a1a10296074245d22db5f6d386,Andador Infantil Clássico,,bebes,44,705,2,150,17,24,18
a37ac4848a06b9240e633912b5e03eda,Cama Mesa Banho - 2kg - 45x15x35cm,,cama_mesa_banho,64,320,1,2600,45,15,35
9f51209599d82cd4c08f2d1c9442f507,Balão de Voleibol Praia,,esporte_lazer,58,380,1,475,20,6,12
50bad34e680f8a231096d72eb998a877,Kit de Limpeza Multiuso (5pç),,utilidades_domesticas,43,339,1,200,20,10,20
4f969a12cc8cb60a5cce67cc3fc305cd,Carregador Veicular Bluetooth FM,,automotivo,33,47,1,186,16,13,14
b63e8531d772927d6d0b5e4ee1c48389,Tinta Acrílica Fosca Branco 3.6L,,casa_construcao,53,917,8,1300,16,27,16
2fefcfd2d56f54c3587e08e1442b36dd,Cama Mesa Banho - 900g - 40x15x30cm,,cama_mesa_banho,57,111,1,900,40,15,30
8ccda06566781fb3616d798bfe2fa783,Shampoo Anticaspa 300ml,,beleza_saude,52,1009,1,433,17,17,15
3e6092cf0f56b9c78bcbd539157b9f70,Produto - 400g - 17x17x17cm,,,,,,400,17,17,17
0797e47ffb3917b66fa62245a283bd9e,Luminária Pendente Moderna,,moveis_decoracao,55,1108,1,2000,28,38,11
589b0d2d331830d60af52d28e80326f1,Luminária Pendente Moderna,,moveis_decoracao,57,228,2,1500,55,15,42
842f7a72bf72f369c31ba9ff37fb1552,Bola de Futebol Oficial (Edição Especial),,esporte_lazer,57,1600,1,1300,31,33,32
6256f069a778d733a18702d577570abf,Protetor Solar FPS 50,,beleza_saude,18,592,1,3600,45,11,15
8209695ad737d7180eee4aa7f734f579,Livros Tecnicos - 900g - 25x5x20cm,,livros_tecnicos,59,927,1,900,25,5,20
ede062bcd13ef64b5cc87369e4edaf62,Creme Dental Branqueador 120g,,beleza_saude,58,391,1,250,16,5,15
dd4c3b4ab7e001aaf385ea2e68952030,Andador Infantil Clássico,,bebes,23,358,1,450,30,7,20
dfb68ce52d4975e692909a1bf9d59f1b,Tênis Esportivo Masculino 40,,fashion_calcados,44,284,12,300,29,7,16
41801d2ed5124923137ec39aeeea1e93,Lixeira Automática 5L,,utilidades_domesticas,51,444,1,8525,27,58,28
a537bc52f4b925ec56cc9937a7601636,Cama Mesa Banho - 3kg - 20x30x30cm,,cama_mesa_banho,44,729,1,3450,20,30,30
77255774965600c1ae00627edb86b9d1,Carregador Rápido USB-C 30W,,telefonia,45,385,3,50,19,3,11
0ae935aec15938b92f6667ec2fde2dc2,Lixeira Automática 12L,,utilidades_domesticas,42,542,2,900,25,10,36
2cfec57b3d2ea171bceca7aef38d044a,Market Place - 50g - 40x40x30cm,,market_place,37,199,1,50,40,40,30
29da49705f0a9201052204e50bd7e176,Trem Elétrico com Trilhos,,brinquedos,34,643,1,11867,43,43,38
f45992b1a19d4d13c6260492eb703aee,Telefonia Fixa - 300g - 19x6x15cm,,telefonia_fixa,50,908,6,300,19,6,15
b169ac8237427de1bd8c67b4eabfaa18,Lixeira Automática 12L,,utilidades_domesticas,55,1142,1,19250,60,60,32
b90e522acbe2ea08ee4ce317a90e173c,Espelho Decorativo Ovalado,,moveis_decoracao,58,884,3,6050,40,30,30
8be155e42d9bde2616787ea27963ca71,Tábua de Picar Bambu (3pç),,utilidades_domesticas,27,331,2,500,20,20,20
ceb9200bc33732558224476d75815c32,Organizador de Gavetas 3 Níveis,,utilidades_domesticas,60,922,5,975,41,36,12
0352f26fa462bd615275f3e91857926d,Estante Organizadora 6 Prateleiras,,moveis_escritorio,46,1172,1,250,78,45,21
6d313b6e250189718db2169e5e3a38c2,Bebidas - 375g - 20x12x15cm,,bebidas,43,1680,1,375,20,12,15
5302215c46b3b1e3824060964c170159,Bola de Futebol Oficial,,esporte_lazer,30,211,1,1200,51,18,20
3a53c1796dd7e4050fdfd2f5d4c90f70,Tapete Higiênico Cachorro 40x50cm,,pet_shop,57,2358,6,6350,56,20,34
4a7c466c35cfb5fec7d60f9548623cc7,Raquete de Tênis Profissional,,esporte_lazer,44,228,2,2350,60,15,15
5eb7102793807195374fcd13de07eb62,Organizador de Gavetas 3 Níveis,,utilidades_domesticas,55,1093,2,7350,57,28,30
c5079acea9d34174b1948b00f599d2d2,Marcador Permanente Preto (5un),,papelaria,54,696,5,350,26,36,11
aef49965c6d201c9eacf037fcda90b39,Bebidas - 4kg - 40x20x30cm,,bebidas,43,453,2,4550,40,20,30
9a43ec914ce488e4fba5b5553d3754bd,Livro O Investidor Inteligente,,livros_interesse_geral,56,815,1,300,30,5,20
ffd60d515c690a976c497e75cd2336f4,Livros Tecnicos - 250g - 23x2x17cm,,livros_tecnicos,50,153,1,250,23,2,17
2c82351074f92b0f7225437cea2b47c6,Prateleira Flutuante para Livros,,moveis_decoracao,55,529,5,1150,16,33,33
dd12801e4d1919e84bf6f90167f22fb5,Fashion Roupa Feminina - 450g - 16x5x20cm,,fashion_roupa_feminina,58,360,4,450,16,5,20
2c3210fa1dfe1fdf8b8e3254287c9e4c,Cama Mesa Banho - 1kg - 40x10x30cm,,cama_mesa_banho,58,405,1,1400,40,10,30
99ad29366bb604be21e29faa41057d34,Pendrive 32GB USB 3.0,,informatica_acessorios,57,151,2,800,42,8,31
8c4e5e50a08a443b7fbad34ad7587625,Martelo de Aço 800g,,construcao_ferramentas_construcao,40,491,2,1300,20,20,20
41347179516c8b9380040cf54274ff80,Teclado Mecânico RGB,,informatica_acessorios,45,503,1,1150,23,19,26
acdd408fe971bbe29a81f8febb575ffc,Carregador Portátil 10000mAh,,eletronicos,50,237,1,175,20,16,18
7f38cf4e517ec6bb1d31c4e6b6df18ef,Brinquedo Mordedor para Cães,,pet_shop,56,834,17,2000,33,30,44
5b39353cd25a87d0f48b6a1e1adc1cfe,Organizador de Gavetas 3 Níveis,,utilidades_domesticas,42,1148,1,450,28,12,23
e76438822c17316d276c27e52e588931,Teclado Multimídia ABNT2,,informatica_acessorios,57,1138,3,100,18,12,16
3c0410890640cfdd1ca5844ba86ddb9a,Balão de Voleibol Praia,,esporte_lazer,34,359,4,1400,27,12,49
8f57a6aa2cf90f5f8a7c3cbe60d14af9,Creme Dental Branqueador 120g,,beleza_saude,37,510,1,419,22,14,18
473ecd4c15ecda05e4044ef14f1f4c2e,Fashion Bolsas E Acessorios - 100g - 16x5x16cm,,fashion_bolsas_e_acessorios,41,827,1,100,16,5,16
783caabd539c4079ec08423e30719fba,Construcao Ferramentas Iluminacao - 500g - 35x14x23cm,,construcao_ferramentas_iluminacao,56,1512,6,500,35,14,23
257726ef77c81150339893567c4de6cd,Prateleira Flutuante para Livros,,moveis_decoracao,60,1969,2,400,69,11,11
d4a3ae5a2378f3e732a6d3ba73cc22e4,Mouse Sem Fio 2.4GHz,,informatica_acessorios,55,631,1,571,24,25,20
8d3367004d60f40855db4a5bbbabfdb6,Produto - 900g - 22x4x14cm,,,,,,900,22,4,14
c0874e1265b2428abc4d213e9fa6beb3,Shampoo Anticaspa 500ml,,beleza_saude,47,770,1,300,19,12,13
8b4a33d7c554bbe096de11bb33ce6f4a,Aromatizante Automotivo Lavanda,,automotivo,56,1586,3,550,16,21,18
e30aaafe45e34ce07003ef0cfcb6e49d,Cama Mesa Banho - 1kg - 40x9x32cm,,cama_mesa_banho,49,1003,1,1550,40,9,32
4df96b4c5286321b71834691e8defd53,Jogo de Blocos 200pç,,brinquedos,57,571,1,400,28,7,24
41ad56651f07e2f6f66f9372c0e89071,Ámbar Noche Eau de Parfum,,perfumaria,51,273,1,350,19,13,16
229e0aa8bfc8fc368eab501695dbcef3,Creme Dental Branqueador 90g,,beleza_saude,47,766,1,400,18,9,14
90948d9a060616a06ed14846f7f1749c,Carregador Portátil 10000mAh,,eletronicos,59,547,1,1767,49,10,19
014d94f219fbff1166b9cf700eee36b2,Relógio Esportivo com GPS,,relogios_presentes,50,556,1,400,18,12,12
71ff103df4589cc0b353dfb0f6777037,Fashion Bolsas E Acessorios - 500g - 30x26x22cm,,fashion_bolsas_e_acessorios,28,385,5,500,30,26,22
920efad5907c4034a1ef4c4c11b17fee,Capa para Samsung Galaxy S23,,telefonia,45,363,2,150,19,4,11
c6548fa817cc7271747e6c6bd2461171,Jogo de Blocos 100pç,,brinquedos,31,299,2,500,42,6,33
d3a10b49783a6ba7ea46526fc79aea91,Necessaire Viagem 3 Compartimentos,,malas_acessorios,57,914,2,12000,35,20,50
888eeb22340037a42971d30e3808a745,Tábua de Picar Bambu (3pç),,utilidades_domesticas,55,158,1,150,20,20,20
155815f7173905f1e5cde0b82adfc113,Cama Mesa Banho - 200g - 16x12x11cm,,cama_mesa_banho,26,421,1,200,16,12,11
ace96aa4dfdca4a61e0943f359a59a0e,Liquidificador 600W,,eletrodomesticos,54,257,3,300,40,25,25
d31ef0d2022ce16ea2ccc36bb4ad6cb9,Cama Mesa Banho - 4kg - 56x16x50cm,,cama_mesa_banho,59,262,1,4083,56,16,50
b816ff414e308c71a09f04b4d0845c44,Brinquedo Mordedor para Cães,,pet_shop,55,1143,2,1400,50,20,40
044f125d78e0a631b0479182a37aab8c,Balão de Voleibol Praia,,esporte_lazer,57,574,6,550,30,16,16
e4b460d73444ee00514b4de1f281982d,Organizador de Gavetas 3 Níveis,,utilidades_domesticas,49,161,1,500,40,16,16
aa49aaae4bb4f02fb270790fd815b40e,Cortador de Grama Sem Fio,,ferramentas_jardim,45,267,1,250,18,16,15
a78e2e8f49106bb2123fe7541fa86640,Carregador Rápido USB-C 20W,,telefonia,58,477,5,250,17,4,12
4563095e06df1fa67de2eade86f4f01b,Prateleira Flutuante para Livros,,moveis_decoracao,52,469,2,100,16,3,23
3f0376e782caf27ef19342d8e5c7e6f5,Webcam Full HD 1080p,,eletronicos,46,401,1,150,22,11,16
07e00c385280d659de8eb0254b75ecdd,Kit de Limpeza Multiuso (5pç),,utilidades_domesticas,57,190,1,350,33,7,15
d452e9bafef21d2501e9bc3eb5e0bd47,Trem Elétrico com Luzes e Som,,brinquedos,21,385,2,500,36,24,22
3bb3e5caf47c7e92ed97227247e942a8,Cama Mesa Banho - 3kg - 40x9x32cm,,cama_mesa_banho,43,1362,1,3000,40,9,32
323c53e2d6f8bace877b0df931ab58f9,Cama Mesa Banho - 1kg - 20x16x20cm,,cama_mesa_banho,57,635,1,1300,20,16,20
f0eb84297f83516be56cbbd76c50988b,Raquete de Tênis Profissional,,esporte_lazer,58,1593,1,300,16,15,15
3b402e910ac3b3271958456b36a7c7ac,Fralda Ecológica Tam M (50un),,bebes,50,297,1,300,23,4,23
d75e2e75d4471019ee14ae21d5f61704,Tênis Esportivo Feminino 35,,fashion_calcados,43,647,3,900,20,9,21
192a2c0fed2f8bed34ad458a073ed376,Organizador de Gavetas 3 Níveis,,utilidades_domesticas,63,309,3,1300,17,30,35
c5944369a5cc96d600713f640e46ab5e,Relógio Casual Feminino,,relogios_presentes,19,699,3,350,18,10,15
85fa36e792c259f4f0022c6966c50c1c,Kit de Limpeza Multiuso (5pç),,utilidades_domesticas,42,328,4,400,27,9,18
dca18a6e2fb6da75092ed874094ed7b6,Capa para Samsung Galaxy S23,,telefonia,62,340,1,300,13,8,10
6803077179d24889430188e03fafd31a,Caixa de Som Portátil 10W,,eletronicos,48,287,1,100,23,8,18
6f36d878bd507787e24513994b910408,Raquete de Tênis Profissional,,esporte_lazer,43,856,1,408,17,12,13
1efe84b450fd2e07ceac3cd1ace28348,Necessaire Viagem 5 Compartimentos,,malas_acessorios,57,488,3,19100,40,78,41
f8cdee3eb5ab9b7c357469dedbe2b6c8,Cama Mesa Banho - 750g - 37x23x35cm,,cama_mesa_banho,50,194,3,750,37,23,35
b19f489c6dd8b47c1e9ecd9e3f2d8bb9,Fashion Bolsas E Acessorios - 1kg - 40x15x30cm,,fashion_bolsas_e_acessorios,51,396,4,1400,40,15,30
7616196b7ad03aafa01c9e501df2382f,Fone de Ouvido Bluetooth 5.0,,eletronicos,47,1667,1,1075,19,15,23
e1bbf2ca01cd51ee3d72ed663136cfd6,Relógio Esportivo Resistente à Água,,relogios_presentes,56,1344,3,500,16,11,12
e01c8d063562c93e7caa8306abde6a6e,Cama Mesa Banho - 302g - 26x4x20cm,,cama_mesa_banho,47,370,1,302,26,4,20
9ac3f8f66132539cb797c44296f1fa27,Marcador Permanente Preto (12un),,papelaria,59,248,7,2000,30,20,29
9e8762176dba8eada7ed0259e69c3423,Carregador Rápido USB-C 20W,,telefonia,60,296,2,150,16,11,11
2e2b9bfa91068239d5fb2b39764b92a5,Shampoo Anticaspa 500ml,,beleza_saude,69,918,1,50,22,3,15
121b5fec5d2e7d0de3c0f58824bbe6ea,Livro O Poder do Hábito,,livros_interesse_geral,57,310,1,400,27,6,18
2f465f0f879ab88842042a85bac3a937,Mesa de Escritório 120x60cm,,moveis_escritorio,56,740,2,30000,51,66,63
ca7a479258a82d50745a75fc9a916475,Limpa Para-brisas 500ml,,automotivo,59,2032,6,1775,42,28,31
b744e6c9118fe1df001c94ef9a4d7ab5,Lixeira Automática 12L,,utilidades_domesticas,59,587,2,850,38,31,34
2719b33ad5e693f64d333db5422585eb,Raquete de Tênis Júnior,,esporte_lazer,48,354,2,900,28,25,25
c67b70ad21dd3cd5254c5da1a24d1e0c,Tábua de Picar Bambu (3pç),,utilidades_domesticas,52,499,5,267,22,11,19
ac90817bb08e66670f9059f85f76b796,Balão de Voleibol Praia,,esporte_lazer,52,448,2,250,21,14,15
0a56efd5f050d3f861a04c6f005d1128,Tinta Acrílica Fosca Branco 3.6L,,casa_construcao,58,1029,1,400,30,30,30
eb6511e81e85ff51547765cbc892f094,Chave de Fenda 6x100mm,,construcao_ferramentas_construcao,55,1383,1,233,17,9,14
51556be67b1fe2eea3c13273a659009c,Caneta 3D Iniciante,,cool_stuff,55,835,1,900,30,13,30
d2f1cd931c7b76fefa93547cc1b4881b,Espelho Decorativo Ovalado,,moveis_decoracao,55,320,1,850,40,5,11
6f2af80a4dddb41170c1afe551f88765,Arranhador para Gatos 60cm,,pet_shop,51,458,3,150,26,6,19
ac907983b036be593568677bda43fff7,Colônia Esportiva 150ml,,perfumaria,34,435,1,300,29,8,20
c3e4f757b86c42e1a598380332bc9e88,Luminária LED Multicolorida,,cool_stuff,53,545,3,4500,30,30,30
cf08577e1af3a53a0c2b0769af31b31d,Cama Mesa Banho - 500g - 20x10x15cm,,cama_mesa_banho,53,89,1,500,20,10,15
7f4e034245e45549110139d1de248f83,Andador Infantil Musical,,bebes,55,1629,1,600,20,13,13
75d7e231ed2dba03def04a4ade1e17c1,Necessaire Viagem 5 Compartimentos,,malas_acessorios,42,791,1,500,50,5,40
b9c7a57c9d01c95a4dc4815e539852eb,Relógio Casual Masculino,,relogios_presentes,60,159,1,150,16,2,11
88dd63919fc9ab693803578a04a20209,Pendrive 32GB USB 3.0,,informatica_acessorios,58,395,1,217,16,14,14
1491a8ff192d4b5c369b0eaa2fe33ee5,Cama Mesa Banho - 4kg - 60x19x50cm,,cama_mesa_banho,46,162,5,4600,60,19,50
7b6669ccb9510397f7923a979c895733,Creme Dental Branqueador 90g,,beleza_saude,58,689,1,450,25,9,17
d37c7b44350fea9327f32f3e603f682b,Prateleira Flutuante para Sala,,moveis_decoracao,53,187,1,900,40,2,30
08bc541b873d8c1ecd4e6bdd1d287c97,Limpa Para-brisas 1L,,automotivo,50,1145,3,500,16,5,11
56a59e73563d9b8d536af8b0dc9e0995,Brinquedo Mordedor para Cães,,pet_shop,51,1815,2,200,20,7,14
de6517dda8e49774f58c07f80abc8d7a,Market Place - 950g - 26x17x24cm,,market_place,56,975,1,950,26,17,24
ef49c266450dd5f0287cc0f4e23d914a,Pacote de Canetas Esferográficas (10un),,papelaria,26,473,6,1500,35,50,20
6bc8dadd7731eae110fe2d177361784c,Mouse Sem Fio 2.4GHz,,informatica_acessorios,48,591,3,138,16,13,13
d05d4a7430d1293367ba2ffbedcdef05,Bola de Futebol Oficial,,esporte_lazer,44,907,1,300,16,7,11
09337f4d317bae01dfa96e6d368eafc4,Produto - 800g - 38x10x16cm,,,,,,800,38,10,16
1e618d311a1b7f88a9d96ec50aa85582,Kit de Limpeza Multiuso (5pç),,utilidades_domesticas,42,540,4,9950,31,61,31
da17d63dff29a96ddfd5a9bfa5fb0aa9,Necessaire Viagem 3 Compartimentos,,malas_acessorios,51,1419,3,100,17,3,13
97d27432ff43bde88266c3a3c42f4386,Shampoo Anticaspa 500ml,,beleza_saude,51,1237,1,200,16,9,12
60a82b9f55ecd2035ad8d9c61e2afe18,Cama Mesa Banho - 200g - 32x3x23cm,,cama_mesa_banho,47,228,1,200,32,3,23
1166c098840d03686b633fe2612c5f2d,Protetor Solar FPS 50,,beleza_saude,56,632,2,200,20,10,15
2a714dc40b27bbd0887215ed0cdc3bbe,Carregador Portátil 10000mAh,,eletronicos,57,2060,2,3250,70,10,25
c862d801c5bf9b08e1bde0e3801199ed,Carregador Veicular Bluetooth FM,,automotivo,56,1445,2,1100,32,13,30
729dfb36954326a8b9ad0a5602571943,Sinalizacao E Seguranca - 200g - 19x12x12cm,,sinalizacao_e_seguranca,38,1174,3,200,19,12,12
9cfb95272c4cd1e98619d3bdea888a7c,Camiseta Geek Estampada,,cool_stuff,33,604,1,1700,42,25,15
908dd61b840a480fa931ef04389c6266,Casa Conforto - 1kg - 45x15x35cm,,casa_conforto,52,275,2,1500,45,15,35
6165a3006a26ed2835cd16fab97442ba,Lixeira Automática 5L,,utilidades_domesticas,51,408,3,950,16,40,16
fb064510d22e52d7467fbf08243d2e3b,Espelho Decorativo Ovalado,,moveis_decoracao,52,563,2,450,25,29,25
d801653b991d31a3df73fc859f1ce0ec,Creme Dental Branqueador 120g,,beleza_saude,50,902,1,683,22,17,24
b581509b156a8fbc97230b31e9ff5892,Cama Mesa Banho - 3kg - 45x15x35cm,,cama_mesa_banho,52,431,1,3550,45,15,35
817a6779721af586b76778eb4fdf98da,Espelho Decorativo Ovalado,,moveis_decoracao,61,157,9,3450,41,15,25
af39520e0fe7c2703117ddcf3026bfd4,Balão de Voleibol Praia,,esporte_lazer,33,221,2,3650,60,15,15
55cb480b28bdd6d8e71d83b3c8d67c75,Luminária Pendente Moderna,,moveis_decoracao,26,218,1,600,25,25,11
476b6df477189e80a6b8eaaa75b07200,Cama Mesa Banho - 7kg - 45x18x38cm,,cama_mesa_banho,60,347,1,7950,45,18,38
e672fbe634ad07cce9d85f412becb2c0,Luminária LED Multicolorida,,cool_stuff,41,909,1,1400,42,25,15
fb931f000171a7ce4963df2a8bbfe82a,Teclado Musical 49 Teclas,,instrumentos_musicais,45,154,1,550,30,10,20
b8fdfcbb0ed03c62d197327a56593842,Raquete de Tênis Profissional,,esporte_lazer,42,852,2,1400,16,12,11
1ef5ef43b311a978115840517ac78943,Carregador Veicular Bluetooth FM,,automotivo,60,204,2,150,25,20,25
0dd11fb64ad79535d17973b8608eeb6a,Artigos De Natal - 250g - 16x12x11cm,,artigos_de_natal,51,280,1,250,16,12,11
18962ffc781d31e8d995293458954e91,Moveis Sala - 3kg - 33x13x33cm,,moveis_sala,20,466,1,3350,33,13,33
8e2e2894b4362d92a3682124ca8124e2,Espelho Decorativo Ovalado,,moveis_decoracao,43,203,2,383,24,22,21
e4d66ba222533f24e4d74a5d4c4846d3,Lixeira Automática 5L,,utilidades_domesticas,16,270,1,550,40,20,20
9221870543e7f515a11b884fdcd84cc3,Cama Mesa Banho - 3kg - 44x14x38cm,,cama_mesa_banho,55,248,1,3025,44,14,38
a194f3df8d9270f350891b7454174724,Mouse Sem Fio 2.4GHz,,informatica_acessorios,35,843,1,275,19,10,13
3abefa3ab32440bb6f5937c65c6652f8,Perfume Aventus 50ml,,perfumaria,39,522,2,127,14,16,12
890026b4bae75bc7976e251c46c029b7,Relógio Casual Feminino,,relogios_presentes,51,960,1,450,20,13,13
d585c50d622ff40b4d69959caa42a5a3,Creme Dental Branqueador 90g,,beleza_saude,50,1580,1,1036,20,19,14
aaff2ae684debfeafcf84e22e46e12d9,Aromatizante Automotivo Lavanda,,automotivo,42,497,1,550,20,10,15
aa95bee0592e05d2ef533b8e5b7236b3,Kit de Poda (Tesoura + Serrote),,ferramentas_jardim,53,313,1,500,36,3,11
dbe0e186f7c51ded6ee647d3a069bb2c,Caderno Universitário 100fls,,papelaria,34,737,1,200,20,12,15
e84997d75938765ef99930f908ceedf4,Pacote de Canetas Esferográficas (10un),,papelaria,52,431,1,1900,49,12,36
d44757bff9d0a479db38e2117eba931d,Boneca Articulada 30cm,,brinquedos,53,1047,3,21600,60,50,50
5d847bc4fc80feb2b197cde103963ca5,Película de Vidro Temperado Universal,,telefonia,58,776,6,200,17,4,12
aecc6705d25880a6fad90e305c32d875,Teclado Mecânico RGB,,informatica_acessorios,58,189,3,250,21,4,14
158102fe543dbaeb84d87811bfe06d0d,Luminária Pendente Moderna,,moveis_decoracao,56,646,1,300,16,30,20
68b54eaa499e3d2537fba64f2b6a1b9f,Creme Dental Branqueador 90g,,beleza_saude,56,2430,2,200,18,6,15
7f999994d36cd33919418f07aecb7e93,Shampoo Anticaspa 500ml,,beleza_saude,41,1096,1,150,19,8,13
0f9dbdf3289052ac7406ba5bc1b0dbc4,Relógio Esportivo com GPS,,relogios_presentes,51,486,2,250,18,14,18
a0951eca8e874597dc3abaefc1940679,Cama Mesa Banho - 1kg - 16x10x16cm,,cama_mesa_banho,53,293,1,1250,16,10,16
ea000c74939d315d768282230f7c232d,Relógio Esportivo Resistente à Água,,relogios_presentes,44,417,1,800,20,12,15
3a8023f6ae79b6b7da36d630f2ee1658,Fralda Ecológica Tam M (50un),,bebes,42,498,2,8200,44,32,35
36eef04eb938af8bd108b4e2753b5a95,Prateleira Flutuante para Sala,,moveis_decoracao,31,192,1,1600,24,27,39
d6693a8a60b625f2c5eff7f475b5ed22,Cama Mesa Banho - 5kg - 45x15x30cm,,cama_mesa_banho,59,277,1,5550,45,15,30
ddf08c1f4da4aeb900e20da32cee2c50,Set de Pintura Acrílica 24 Cores,,artes,44,134,1,1350,70,10,11
6dfe5ffea29ecbbe138a4066b5ebec9b,Cama Mesa Banho - 17kg - 56x38x48cm,,cama_mesa_banho,55,290,2,17100,56,38,48
06a69e6ca81fc5f8b7b2887f974c6687,Balão de Voleibol Praia,,esporte_lazer,35,459,5,750,23,30,30
62ad9a8972411e333e16347051a98e2a,Webcam Full HD 1080p,,eletronicos,43,889,2,113,16,10,12
b1ff030591e1d0e0069e54d11c5c21d5,Organizador de Gavetas 3 Níveis,,utilidades_domesticas,48,254,2,750,54,7,22
b9142260cefbbd5688748061179bb7fe,Cama Mesa Banho - 5kg - 45x21x37cm,,cama_mesa_banho,49,316,1,5850,45,21,37
ee13af1ea8a18c0c1862a20778da9eb4,Raquete de Tênis Profissional,,esporte_lazer,36,1000,1,525,18,12,12
9c64cafd9a39441e353cbb545ebb68b6,Tábua de Picar Bambu (3pç),,utilidades_domesticas,53,817,1,1900,30,30,30
4e8b71eebba5605faf020d7e2a5067c9,Lixeira Automática 12L,,utilidades_domesticas,59,1614,1,450,16,26,11
0ece029097324dceb8b637673ca7e519,Mouse Óptico USB,,informatica_acessorios,46,394,1,350,20,15,18
ec96b7b4e1401281edb9465d0d689cae,Alimentos Bebidas - 1kg - 16x23x13cm,,alimentos_bebidas,36,420,1,1200,16,23,13
402e8d6a95c83da5c3cef16b795329b9,Luminária Pendente Moderna,,moveis_decoracao,40,160,3,523,20,25,20
8d1cfc0463b545928bfb4e589e017bd4,Market Place - 175g - 17x10x19cm,,market_place,55,1626,1,175,17,10,19
ce3f1427f50a5326751f233ed59e1522,Espelho Decorativo Ovalado,,moveis_decoracao,39,396,2,1000,22,10,22
4e5dc46fe4e31dd605f374ee43f0268e,Ração Seca Cães Adultos 15kg,,pet_shop,46,2381,3,400,30,20,20
56ced674bc270d0b2795c254cee81530,Teclado Mecânico RGB,,informatica_acessorios,45,530,2,150,19,5,13
db99498f1d7048253b27cbb54916ec1d,Estante Organizadora 6 Prateleiras,,moveis_escritorio,60,970,1,17950,64,30,56
6685d4ea9111ef423f76ea2ecf350180,Cadeira Giratória para Escritório,,moveis_escritorio,52,1292,1,6975,52,51,17
87ae34a2e6f971a135f8bea5ae7949a9,Carregador Rápido USB-C 30W,,telefonia,58,585,2,350,17,4,12
07d56eb519d315a2d8fb2f98f095e6bf,Fashion Bolsas E Acessorios - 200g - 16x2x11cm,,fashion_bolsas_e_acessorios,56,1447,1,200,16,2,11
15529bfa2d73947d1e03020f58f5a016,Estante Organizadora 6 Prateleiras,,moveis_escritorio,34,1042,1,6800,45,55,16
ca86b9fe16e12de698c955aedff0aea2,Pendrive 32GB USB 3.0,,informatica_acessorios,41,500,1,400,18,9,16
87285b34884572647811a353c7ac498a,Organizador de Gavetas 3 Níveis,,utilidades_domesticas,40,268,4,500,19,8,13
0dabe0ee04aa9d25592cbb5b585e698c,Industria Comercio E Negocios - 4kg - 30x20x30cm,,industria_comercio_e_negocios,58,1930,1,4050,30,20,30
9163c7e81fd68452472912c4cde810aa,Teclado Musical 49 Teclas,,instrumentos_musicais,59,153,2,300,16,5,20
858da7953a793b7569420868c88d0ac1,Fralda Ecológica Tam M (50un),,bebes,51,697,1,7100,42,24,42
461ad76d92ef0858a087d05f96b7d6e5,Marcador Permanente Preto (12un),,papelaria,51,88,1,100,16,5,16
74104f4d2a450d95d04f0bed142b082c,Lixeira Automática 5L,,utilidades_domesticas,48,1827,4,12800,35,104,35
3e6ccb382c617b7e07b5865257f8bdec,Cama Mesa Banho - 1kg - 45x10x15cm,,cama_mesa_banho,19,284,2,1000,45,10,15
72f50924c42f32d9a236b7602686a49f,Cama Mesa Banho - 3kg - 36x10x35cm,,cama_mesa_banho,52,289,1,3450,36,10,35
3cc4b421c1f28dd22e86fc4aaafb600e,Cama Mesa Banho - 1kg - 44x2x35cm,,cama_mesa_banho,57,188,1,1100,44,2,35
b944a925e8a27be5de9850445766deb1,Relógio Casual Masculino,,relogios_presentes,39,589,1,15267,17,10,13
78efe838c04bbc568be034082200ac20,Espelho Decorativo Ovalado,,moveis_decoracao,57,272,1,2500,40,10,30
93e6c730cc84ef7cfdd20cdfb2269144,Prateleira Flutuante para Sala,,moveis_decoracao,50,1938,1,1600,53,8,11
30fdc68482fb0487e68aaf09260b22cf,Cama Mesa Banho - 1kg - 45x25x35cm,,cama_mesa_banho,48,126,1,1200,45,25,35
31c1d1dfbb4b2730140b8bd9248bcd58,Cama Mesa Banho - 200g - 20x2x15cm,,cama_mesa_banho,58,58,1,200,20,2,15
ff92ca9bb0b3f4ec00a9b76c9f68cb3a,Portateis Casa Forno E Cafe - 1kg - 61x43x46cm,,portateis_casa_forno_e_cafe,36,3437,6,1925,61,43,46
6d7a4492be45dfb8e38e762efe6614a4,Capa para Samsung Galaxy S23,,telefonia,60,776,6,300,17,4,12
235b4ddb049ab79478e058d0d3609bae,Relógio Casual Masculino,,relogios_presentes,58,884,6,500,16,11,12
25e76274904336669da4cebe1233cde1,Trem Elétrico com Trilhos,,brinquedos,32,425,1,400,23,25,11
7926c1689244625162673c66b4196371,Berço Portátil Dobrável,,bebes,53,809,5,7700,60,71,43
a8828da272eadaa78eed16beefd526fa,Prateleira Flutuante para Sala,,moveis_decoracao,56,1749,4,1300,65,3,45
837ef63763b3259b5a50d8984f3a7b42,Cama Mesa Banho - 550g - 30x3x19cm,,cama_mesa_banho,39,437,1,550,30,3,19
3685c687db4b3d2da5085d23b408e93a,Luminária LED Multicolorida,,cool_stuff,49,805,1,300,25,10,20
645fd9f79f14fad6e8a79fbc94dae528,Produto - 5kg - 30x20x30cm,,,,,,5100,30,20,30
0cf3ab3383c2ae6f5750e5847c749e22,Mouse Sem Fio 2.4GHz,,informatica_acessorios,53,1784,8,700,25,25,25
abf005f4791cfbdb0cb9596298eb5f4f,Trem Elétrico com Luzes e Som,,brinquedos,39,440,3,1000,26,21,27
16ed6a6e3fce23b741650437fe58d65b,Organizador de Gavetas 3 Níveis,,utilidades_domesticas,49,1226,1,750,35,15,35
414829663add2bcd9db69ee3ad351a9e,Bola de Futebol Oficial,,esporte_lazer,53,354,1,1110,32,25,23
b756577e274d3a4793fc27209d7072db,Creme Dental Branqueador 120g,,beleza_saude,57,1502,1,200,16,4,16
93ff19f54af8a64683cfe497020c7e4f,Construcao Ferramentas Seguranca - 350g - 16x16x16cm,,construcao_ferramentas_seguranca,58,2599,4,350,16,16,16
7bdb28a55646012fb3348058d629d9bc,Teclado Musical 61 Teclas,,instrumentos_musicais,55,541,3,2750,103,12,17
5cb1a29179d1883d7ab5424629fe67aa,Espelho Decorativo Ovalado,,moveis_decoracao,37,594,3,1100,103,6,20
f5d9f3f39171645ad59c424570874afb,Shampoo Anticaspa 300ml,,beleza_saude,49,967,1,450,16,15,15
ffade53cc6541c89321fff351e04751a,Boneca Articulada 30cm,,brinquedos,47,390,2,1050,49,25,36
5a6f7431b52d1c349ddfe94dc43ae35a,Violão Acústico Clássico,,instrumentos_musicais,32,126,3,8200,90,15,60
3e49351c2f191cb67c4224b392531a74,Necessaire Viagem 3 Compartimentos,,malas_acessorios,43,883,9,1750,32,52,19
4590e33159d28afa51c996b1133eed09,Audio - 250g - 16x5x11cm,,audio,58,656,4,250,16,5,11
2ce17ef87d6bb64be1a0b36a4a614ced,Cama Mesa Banho - 1kg - 50x11x11cm,,cama_mesa_banho,46,171,2,1050,50,11,11
0b349a8595d271e85a0514fe541953fd,Shampoo Anticaspa 300ml,,beleza_saude,40,422,1,400,16,10,20
24a8def3ef6e6ee8fcaabfa6e0e9f6be,Cortador de Grama Manual,,ferramentas_jardim,55,1654,2,500,20,15,15
347218313fef22ddc3bde07fd578b804,Luminária Pendente Moderna,,moveis_decoracao,56,302,1,650,25,40,25
b91a91c07533369ef426985f93170068,Cama Mesa Banho - 2kg - 46x8x38cm,,cama_mesa_banho,60,267,1,2900,46,8,38
a99b67c7e525bb5ca667e1aa284c28e2,Bola de Futebol Oficial (Edição Especial),,esporte_lazer,27,684,1,3100,19,3,19
116a034e82f0914338091260ec0fc668,Cama Mesa Banho - 1kg - 35x19x45cm,,cama_mesa_banho,39,582,1,1300,35,19,45
8aa1ba72d595bcf58ead2e5636f006cc,Gaveteiro 3 Gavetas,,moveis_escritorio,59,1298,1,9350,52,52,17
782447ddd6d2ba5b64cb23ef7a8db626,Eletrodomesticos 2 - 3kg - 33x6x19cm,,eletrodomesticos_2,44,57,1,3585,33,6,19
39fda099b9edc21f85a80d14021579b5,Produto - 300g - 16x2x11cm,,,,,,300,16,2,11
8c34ab7fffe8c063bc8c6da88aa92185,Bola de Futebol Oficial (Edição Especial),,esporte_lazer,40,1034,3,200,105,10,15
10953168e42bc4a9f7bb6468974cb5f8,Livro O Homem Mais Rico da Babilônia,,livros_interesse_geral,56,962,1,625,14,13,14
55782cb82e0efe052da0a3da237da3b2,Limpa Para-brisas 1L,,automotivo,60,1159,3,2450,30,30,30
d5b4966c1008fe4450d7f00503c75026,Balão de Voleibol Praia,,esporte_lazer,52,351,3,550,35,14,23
1a9d5623d718be92f3d696bfd261bb4f,Trem Elétrico com Trilhos,,brinquedos,35,1837,1,500,16,20,20
772453e71330bbe06de41e9baf8495ac,Relógio Casual Masculino,,relogios_presentes,59,329,4,200,16,2,11
e855e71e84e8f333d5f82f54e22fda48,Fashion Bolsas E Acessorios - 400g - 20x20x20cm,,fashion_bolsas_e_acessorios,14,115,2,400,20,20,20
e9eca3b15e6ebb8296666ab1254b504e,Bola de Futebol Oficial (Edição Especial),,esporte_lazer,31,3822,1,680,17,17,15
c6147d11c322b6a63f0cdd8722be9477,Liquidificador 600W,,eletrodomesticos,46,384,1,14350,35,46,35
8ba200c8b018e8205adf543699c02eac,Película de Vidro Temperado Universal,,telefonia,51,1538,3,253,21,16,21
0fbe487106cf1d260fa38c000eaa0dbd,Estante Organizadora 6 Prateleiras,,moveis_escritorio,43,1372,1,15817,54,48,30
95d9994fadaf3720792cb0f1db17f782,Artigos De Natal - 1kg - 35x30x35cm,,artigos_de_natal,60,298,9,1000,35,30,35
ab29983671266e9f7c999f8c6ce26541,Mouse Óptico USB,,informatica_acessorios,59,1226,1,800,33,12,11
eba9ae37524dc8fdba2161862c6f8aaf,Kit de Limpeza Multiuso (5pç),,utilidades_domesticas,41,210,3,1100,19,12,15
bc4b1c6c831c93b87cd134c9089c657d,Fashion Bolsas E Acessorios - 150g - 21x9x14cm,,fashion_bolsas_e_acessorios,39,188,1,150,21,9,14
20ecd51a1e2c3e5cc72096b2ce0d29d5,Cama Mesa Banho - 1kg - 37x5x34cm,,cama_mesa_banho,52,222,1,1300,37,5,34
9d6580f17a0cba74324ce82874fbbe13,Película de Vidro Temperado Universal,,telefonia,57,1239,3,8100,25,25,25
ecd4ecd11a1bdbd279d1852fe373eb6f,Creme Dental Branqueador 90g,,beleza_saude,58,439,3,600,16,2,11
b4b48db403b9792d92330c4a79262763,Espelho Decorativo Ovalado,,moveis_decoracao,52,1492,3,2600,105,3,70
00b4155166f994ba9da3cf001eb80505,Lixeira Automática 12L,,utilidades_domesticas,53,786,4,1125,28,15,23
680561e0bd744ea20f4db761ef21b475,Cama Mesa Banho - 1kg - 39x16x39cm,,cama_mesa_banho,43,646,1,1600,39,16,39
82cef15a4bafa854c7a2a2c9854b7e44,Colônia Nativa 200ml,,perfumaria,58,1987,1,300,16,10,11
343c15a347e523f2b6cf38a5db81e179,Raquete de Tênis Profissional,,esporte_lazer,48,1232,2,30000,105,65,20
46dfa5ce1033bc249800f9e496749051,Bateria Eletrônica Compacta,,instrumentos_musicais,53,821,8,1050,50,20,40
3e28c005e07e71dc007d1f88295ba270,Caneca Criativa 350ml,,cool_stuff,61,1451,3,900,20,28,20
059dce566827cd3b3274f2b986d5c0db,Cortador de Grama Manual,,ferramentas_jardim,36,733,1,3500,40,19,35
b47796afaf2c2ed23e1fe1c000ee33ac,Caneta 3D Iniciante,,cool_stuff,33,551,1,700,27,29,22
7099b88be79102f4ec1fb1410b28d466,Shampoo Anticaspa 300ml,,beleza_saude,56,783,5,500,27,14,23
6ed222ae1a69000a035843cc85964446,Kit de Poda (Tesoura + Serrote),,ferramentas_jardim,44,504,3,250,20,20,20
9276ddb0d445c1bfcac493452b6f0ba4,Capa para iPhone 13,,telefonia,60,818,6,250,17,4,12
b299b65b326c5d3118340f087d11036b,Colônia Nativa 200ml,,perfumaria,57,300,1,300,18,8,12
e9f31c92ab2b5fb1c5835ba61f39edd3,Raquete de Tênis Júnior,,esporte_lazer,50,1449,3,600,18,11,11
e797b308a441ebad305845644a9a4808,Andador Infantil Clássico,,bebes,58,2135,2,1850,67,10,40
3dc485b15eb3f5a61fab4f5ed17cc24d,Trem Elétrico com Luzes e Som,,brinquedos,58,614,3,800,16,18,17
588ec31c89dea5de5dc87e15790df3f4,Cama Mesa Banho - 6kg - 20x40x50cm,,cama_mesa_banho,60,374,2,6650,20,40,50
e6fd80a00ebb1a3e0d58a38555fbbf2c,Teclado Multimídia ABNT2,,informatica_acessorios,31,600,2,500,19,9,16
bbe4dfe43d77a5d150ed30618b20db25,Creme Dental Branqueador 120g,,beleza_saude,48,1674,1,2300,33,10,16
cdd4ca17d0e8c9d9d322b1d11d76e876,Película de Vidro Temperado Universal,,telefonia,58,266,4,100,16,11,11
3a5ef18a79b288df31a2b4bf5b2d17ce,Jogo de Blocos 100pç,,brinquedos,47,749,1,1200,35,6,25
9e71d4f2f252c40fd2528b50789ed5f1,Limpa Para-brisas 500ml,,automotivo,44,351,4,300,16,11,11
ac3bf6e6f3fc94d003fe0eaa8de7738d,Controle Sem Fio para PS5,,consoles_games,39,129,1,50,16,39,11
9f7b48e2d4e4d7375f71a10791faa1b8,Cama Mesa Banho - 2kg - 50x10x40cm,,cama_mesa_banho,42,507,4,2050,50,10,40
7d4f932dd4fa16256c20de073329eacc,Andador Infantil Musical,,bebes,54,1035,1,50,20,5,15
4bebf188c775f30a151f05ab7501e290,Limpa Para-brisas 1L,,automotivo,57,2064,1,250,24,18,18
e1b844dd178aba2623a72a784398a1dd,Prateleira Flutuante para Sala,,moveis_decoracao,63,255,7,1050,38,13,47
1ebd1450a2b8d51ffda696956426024a,Cama Mesa Banho - 300g - 26x3x21cm,,cama_mesa_banho,45,102,1,300,26,3,21
078b7149a32b479d3cbf1649fea0172c,Livros Importados - 300g - 16x14x16cm,,livros_importados,57,3694,1,300,16,14,16
81b454070eecf89b21503cd5d313aa57,Limpa Para-brisas 1L,,automotivo,50,2304,4,250,16,6,15
7a6750f9cb558b9fc79dbfa0d121a589,Cama Mesa Banho - 1kg - 45x25x35cm,,cama_mesa_banho,48,126,1,1600,45,25,35
48ce12dd2efb6bb7f38a34eb4723c10e,Headset Gamer 7.1 Surround,,consoles_games,37,726,2,610,18,12,18
922efd345b4d692aadf0e6b65f5d51e7,Limpa Para-brisas 1L,,automotivo,59,394,1,200,16,16,16
3eda91c4ed75e3ce93482a5eed64868d,Fashion Roupa Masculina - 900g - 50x10x40cm,,fashion_roupa_masculina,50,472,2,900,50,10,40
1a7cffdce32ea72085aa94c27b19d01a,Perfume Aventus 100ml,,perfumaria,58,648,3,450,22,16,16
20e52965ed6d9e498b87dd87d050afbd,Mouse Sem Fio 2.4GHz,,informatica_acessorios,57,467,5,700,47,6,32
f434709eecc62585cc43f03ef042ae97,Construcao Ferramentas Jardim - 850g - 16x16x16cm,,construcao_ferramentas_jardim,58,1017,1,850,16,16,16
efc176bdfdf6a6e5e9c4ba7c2de4978c,Boneca Articulada 30cm,,brinquedos,35,558,2,6050,53,25,55
5b8d60277cb78caf49ba0c814eae519b,Capa para iPhone 13,,telefonia,40,945,1,300,16,2,11
4b397ec5dfbf6faba2d7d99322f20146,Cama Mesa Banho - 8kg - 55x35x45cm,,cama_mesa_banho,57,343,1,8750,55,35,45
76c73618750ec1718b6f51a96c498f93,Protetor Solar FPS 50,,beleza_saude,57,844,3,575,25,13,16
ceb25e5f3be12c14a1c69bd9e9e0f67f,Trem Elétrico com Trilhos,,brinquedos,51,1510,7,318,19,23,18
5259e30bdbb70187894c62929b7f154e,Bola de Futebol Oficial,,esporte_lazer,26,187,1,600,17,30,12
e27477bc051dcfafd523c6064551bd25,Espelho Decorativo Ovalado,,moveis_decoracao,51,676,1,5300,35,23,35
742778ff0ce574b84b7ed2fb0788cfd2,Raquete de Tênis Profissional,,esporte_lazer,49,1089,1,275,25,15,19
fef0dd8c53552d0f784b7cc5375a3ffe,Aromatizante Automotivo Lavanda,,automotivo,48,1069,1,600,16,2,11
191b7949f8bac02b5232cb1d4efcac66,Kit de Poda (Tesoura + Serrote),,ferramentas_jardim,60,516,4,1100,35,5,11
57d87687241f1aeb1a202f93ceccb0f3,Cama Mesa Banho - 1kg - 38x10x38cm,,cama_mesa_banho,55,273,1,1150,38,10,38
e920f7b4d8d5aea075445edf274ef24f,Kit de Limpeza Multiuso (5pç),,utilidades_domesticas,17,154,1,2133,24,25,25
b74e40daa954e92be8e5d3b342fa8863,Raquete de Tênis Profissional,,esporte_lazer,27,1045,1,200,16,16,16
8eea5d1c23054af9c31cbac7f9b27af3,Cama Mesa Banho - 1kg - 36x8x27cm,,cama_mesa_banho,59,140,1,1150,36,8,27
367dd13835e78ce371a3e7ed449a1d26,Kit de Limpeza Multiuso (5pç),,utilidades_domesticas,58,702,3,350,30,11,11
ac58ccff47ad9387fe18c8cbe53b824d,Espelho Decorativo Ovalado,,moveis_decoracao,20,1695,2,600,30,15,15
e5a9ed1edaebd9efadcc8b9e02b115ea,Lixeira Automática 5L,,utilidades_domesticas,51,429,1,2700,80,10,50
b1222af2bf1a16e4dd8590f280961d17,Ámbar Noche Eau de Parfum,,perfumaria,58,309,1,1000,16,15,15
bad02bda4c5cc1c81501022f3b06101c,Prateleira Flutuante para Livros,,moveis_decoracao,38,723,11,1100,30,31,30
31c954de261f07754040a8fa2529e95f,Casa Conforto - 200g - 45x15x35cm,,casa_conforto,47,256,2,200,45,15,35
dc4a245b2972be4b4735dc079693d185,Lixeira Automática 5L,,utilidades_domesticas,26,261,1,850,35,10,11
2c7619bcea25989e443487d30e0aa25f,Relógio Esportivo com GPS,,relogios_presentes,54,380,1,700,23,15,19
2b555b49c7de9f3035c7723eeeb334fa,Creme Dental Branqueador 120g,,beleza_saude,40,688,1,413,20,11,13
ad2fd650ad6317838e719a158f84a709,Tábua de Picar Bambu (3pç),,utilidades_domesticas,57,954,1,800,28,22,28
a94db861b4ea1c79704586f07c8cdbc3,Lixeira Automática 12L,,utilidades_domesticas,46,316,4,12150,68,20,33
62b1367807a6fccf6e9492860574950e,Tábua de Picar Bambu (3pç),,utilidades_domesticas,50,652,1,5950,30,30,30
9503faef00966962beacdb4916272305,Martelo de Aço 800g,,construcao_ferramentas_construcao,55,612,1,1900,35,30,25
077599a82ee54960bc4f4c941b0d1359,Shampoo Anticaspa 500ml,,beleza_saude,53,1140,3,1600,18,8,20
fc41206e8fcdfebc2418ab3a038053af,Aromatizante Automotivo Lavanda,,automotivo,57,703,6,3550,56,11,32
5d52927f3cf2e3266c5dd6e4d2dd566a,Película de Vidro Temperado Universal,,telefonia,52,526,5,200,21,6,13
af4895ef046adee58f5a0a4395769905,Andador Infantil Musical,,bebes,33,561,1,200,18,16,16
97829a5ee2d2dd3615acf2c3b0dae689,Caderno Universitário 100fls,,papelaria,44,402,3,650,16,4,11
54971206521793b44053a9c348d148c2,Cama Mesa Banho - 500g - 20x10x15cm,,cama_mesa_banho,56,95,1,500,20,10,15
eb7172d8a3c64298d2d767f6603c231e,Trem Elétrico com Luzes e Som,,brinquedos,51,296,2,250,23,11,22
d862ce2954329a2af9498e8568ee9b1c,Ração Seca Cães Adultos 15kg,,pet_shop,58,1009,4,250,27,9,27
3b31b57a9cdf87158977c3188a8dfa5a,Perfume Aventus 100ml,,perfumaria,50,509,1,543,24,13,18
32aeecc02aa5adcb7f75155a80a47836,Bola de Futebol Oficial,,esporte_lazer,45,1575,1,2152,26,24,21
a695ab8413ea83619cde9b18292d6aa1,Prateleira Flutuante para Sala,,moveis_decoracao,38,503,4,1700,23,7,23
96d1c06692244e2fed6e1f9aa9552770,Cama Mesa Banho - 625g - 70x15x50cm,,cama_mesa_banho,48,252,1,625,70,15,50
62509b4a04d6e50559ab943122e6a724,Luminária Pendente Moderna,,moveis_decoracao,27,413,2,3500,40,14,35
5b8edc146dc3ba78fabf41133e1e6271,Trem Elétrico com Trilhos,,brinquedos,51,386,5,400,22,13,22
8510c0493319d7d46949a52df53e3d48,Andador Infantil Musical,,bebes,53,817,4,5900,45,40,73
2a149f2dc4ecc44e7e34f558886d59e4,Organizador de Gavetas 3 Níveis,,utilidades_domesticas,34,108,2,200,21,17,19
d11a48745339809b07eebc4a9c8c0a89,Lixeira Automática 5L,,utilidades_domesticas,60,470,1,2980,17,17,19
923de9294ed7069305c5e8fbbc3ea51f,Relógio Casual Masculino,,relogios_presentes,47,764,2,200,16,11,11
bd66403f5f11696c897a825d5235697f,Bola de Futebol Oficial (Edição Especial),,esporte_lazer,60,528,2,274,18,12,15
8bd66662b25462ac84d850fbb7e71f43,Lixeira Automática 5L,,utilidades_domesticas,60,214,5,27300,66,23,51
20c7734379b9740b6ac065132d5a353c,Pacote de Canetas Esferográficas (10un),,papelaria,49,373,1,550,16,10,15
9ed8952ad5f3e3cf3f287392c1f350f8,Espelho Decorativo Ovalado,,moveis_decoracao,52,688,1,300,22,2,32
6ad6cc284cdcc1cdd2f06eef8d983913,Produto - 100g - 22x6x11cm,,,,,,100,22,6,11
f0d56a1df2c0a7a756d7e4352cdcc8f0,Cortador de Grama Sem Fio,,ferramentas_jardim,50,147,3,2300,67,2,41
da09111354db562f50dffb0476a96828,Alimentos Bebidas - 450g - 16x13x13cm,,alimentos_bebidas,42,262,2,450,16,13,13
8d441ed10f519b5a689d263b009ebf85,Relógio Casual Masculino,,relogios_presentes,60,102,3,400,40,10,25
c26592bb29cba57872a926be4835a246,Fashion Bolsas E Acessorios - 100g - 16x6x20cm,,fashion_bolsas_e_acessorios,37,293,3,100,16,6,20
82f98bab2c86b34a3e8ad47dfbf464fd,Sanduicheira Elétrica Grill,,eletrodomesticos,57,483,1,350,27,13,17
0fd55f5dee013f990c929cd3ad6bfee0,Lixeira Automática 12L,,utilidades_domesticas,50,3027,5,2725,37,17,37
381db5acd0b7163fc12b8efc2fda6e9e,Martelo de Aço 500g,,construcao_ferramentas_construcao,54,561,6,350,33,11,11
08922ac36480e00c6972216735d44693,Relógio Casual Masculino,,relogios_presentes,55,184,6,300,16,2,11
a848f5d152bc4b1ed01d9d231f15cdca,Relógio Casual Feminino,,relogios_presentes,58,784,4,300,16,2,11
6d229d68959c67850f49a53dd1e2a67a,Boneca Articulada 30cm,,brinquedos,58,1558,7,5800,16,16,16
993dda4a23beb110830cd8d181abe310,Andador Infantil Musical,,bebes,51,2012,2,350,65,11,11
9cb42a0117f7a4098d69936a6e772481,Carregador Rápido USB-C 20W,,telefonia,39,365,13,100,16,3,11
fe09eb5f7bfcb79d05df7c4e83ec204e,Headset Gamer 7.1 Surround,,consoles_games,60,574,1,200,16,2,11
c68cb347b4ee03689ba20e2ff229fb1a,Cama Mesa Banho - 200g - 32x3x23cm,,cama_mesa_banho,53,228,1,200,32,3,23
aee3f592b58fb4d19977aac4159cd4b1,Ração Seca Cães Adultos 15kg,,pet_shop,51,1585,1,200,20,7,14
ba2f091ca82d75e44ed38787ed180aa1,Lixeira Automática 5L,,utilidades_domesticas,58,1137,1,19550,43,79,41
9522c1e219a651952a29e5f3a65e880c,Coleira Antipulgas 8 Meses,,pet_shop,51,1538,2,850,24,20,24
d94b74483f40a15c2f4678a59c429408,Caixa de Som Portátil 10W,,eletronicos,58,705,1,200,20,10,20
f07c770a1f1628deda545e01082a0d6d,Protetor Solar FPS 50,,beleza_saude,35,1014,1,599,16,10,14
97017430754804328eb9597b7f85da03,Capa para Samsung Galaxy S23,,telefonia,60,818,5,300,17,4,12
121a6ac524b24aa5cd62dc2094097a1b,Trem Elétrico com Trilhos,,brinquedos,31,673,1,1100,28,45,11
3dabf82e264128dda5088dc804e09cc8,Camiseta Geek Estampada,,cool_stuff,52,692,4,450,30,9,30
66b7fa94628214c463164097cfbadb7c,Cama Mesa Banho - 2kg - 30x30x30cm,,cama_mesa_banho,58,518,1,2250,30,30,30
7b5d8be0e04080e4c8ee6a7ec2f1f597,Prateleira Flutuante para Sala,,moveis_decoracao,50,830,1,650,20,35,20
c0f9d7a726562d35365aaca50d63be28,Lixeira Automática 12L,,utilidades_domesticas,58,1793,6,2050,25,25,25
17984012f01e836fad7cb9224c211baf,Camiseta Geek Estampada,,cool_stuff,45,3908,4,300,21,12,12
65ae1951caecbb80c7d5e2e662ddb0dc,Lixeira Automática 12L,,utilidades_domesticas,58,1284,7,2700,25,15,25
716586b5781e43926d404ad0f11669e8,Tábua de Picar Bambu (3pç),,utilidades_domesticas,50,443,1,1625,41,26,26
37aad66f525d46bbf7e3925d4491cd09,Trem Elétrico com Luzes e Som,,brinquedos,53,295,3,124,19,16,17
973a3dbe682b5a1cc9333f5a1f5d407b,Carregador Rápido USB-C 20W,,telefonia,35,799,5,60,18,2,11
03940e741e919e2c258e177d875f8423,Limpa Para-brisas 1L,,automotivo,59,679,5,5400,78,4,47
c9576e5363ae9a93988b372d07f54b81,Fashion Underwear E Moda Praia - 700g - 20x10x15cm,,fashion_underwear_e_moda_praia,63,3853,9,700,20,10,15
36b8b14d0662ef735c8ef4856f4dde58,Brinquedo Mordedor para Cães,,pet_shop,45,3878,1,88,16,7,14
f27aff266ad97e75d4a24c893b2c311e,Eletrodomesticos 2 - 8kg - 45x33x35cm,,eletrodomesticos_2,55,1345,6,8850,45,33,35
7b969300f6d3f896ec4d7af6227ecc07,Bola de Futebol Oficial,,esporte_lazer,59,871,2,400,16,7,11
e48cff5b3591c9466cd84fcea1f1b3e4,Headset Gamer 7.1 Surround,,consoles_games,57,574,2,200,16,2,11
006508eabcc19ae52ed87323124ad0e9,Construcao Ferramentas Seguranca - 246g - 22x15x19cm,,construcao_ferramentas_seguranca,50,984,2,246,22,15,19
0ed9a84687fad2d921b09b0ebcc4cded,Creme Dental Branqueador 120g,,beleza_saude,53,423,1,30000,55,75,61
8b78fb97dfb22b6e0e32d34284716d91,Carregador Veicular Bluetooth FM,,automotivo,59,500,1,700,20,20,20
a1f9e41822bf2fb8bb98659e650b7e3d,Lixeira Automática 5L,,utilidades_domesticas,40,153,1,14350,55,15,45
0bde5c9ff4a756aed7fe09a8a3bb0dfd,Brinquedo Mordedor para Cães,,pet_shop,29,363,1,12450,69,36,30
9d8a0e115e802d845b4ce1eb794d1260,Bola de Futebol Oficial (Edição Especial),,esporte_lazer,30,2299,1,150,20,10,15
3e8f6864be117d2690e410b934840f87,Cama Mesa Banho - 1kg - 34x14x29cm,,cama_mesa_banho,53,212,1,1225,34,14,29
5a910588e5561f1b7cbe03bc10cbc967,Carregador Rápido USB-C 20W,,telefonia,59,734,3,250,17,4,12
b95179da85cd8482c7a347e9a0d08466,Bola de Futebol Oficial (Edição Especial),,esporte_lazer,59,202,3,250,20,5,13
1c21c1ed398eae61184065889ca3d4b0,Cama Mesa Banho - 900g - 42x8x37cm,,cama_mesa_banho,51,324,1,900,42,8,37
d7e2d29c1596c2eb1e6e0c85f27cc81f,Luminária Pendente Moderna,,moveis_decoracao,56,1892,5,1550,69,11,11
64ff7191a8c0fb8fa9b42e947104d406,Marcador Permanente Preto (5un),,papelaria,58,391,4,5900,28,55,37
822f877cb8e4faaee2607d90cd61a3f2,Cama Mesa Banho - 1kg - 34x14x30cm,,cama_mesa_banho,43,383,1,1300,34,14,30
b47b33081c41014bc9f372b9a63228c0,Protetor Solar FPS 50,,beleza_saude,29,432,1,700,22,11,16
abe356a1d236588f0fdb8099527108d2,Cortador de Grama Sem Fio,,ferramentas_jardim,57,417,1,1000,24,13,18
084e67a8fc02c8ac030154244701f1c5,Cama Mesa Banho - 400g - 16x10x16cm,,cama_mesa_banho,52,346,1,400,16,10,16
7e48d9554094858ee2269c4ef809f50e,Relógio Casual Masculino,,relogios_presentes,51,789,2,200,16,2,11
f28498bb062a90c71f4579ce18b5f6f8,Colônia Esportiva 150ml,,perfumaria,34,55,1,200,20,12,16
f22c9d6ce2431ff939aad39e026cc7ef,Limpa Para-brisas 1L,,automotivo,37,1507,4,2600,38,18,23
bf96d813545699d736e9ce85dafe03f5,Teclado Gamer Mecânico RGB,,consoles_games,34,344,3,150,17,2,14
4745d118bc09758d0a4bf795b7bb5cb7,Fashion Bolsas E Acessorios - 150g - 17x9x17cm,,fashion_bolsas_e_acessorios,57,676,4,150,17,9,17
6597e697b00067b2d762e1ea16a933da,Cama Mesa Banho - 10kg - 50x30x40cm,,cama_mesa_banho,55,284,1,10050,50,30,40
89411fc3098e56bb679697117c2055af,Prateleira Flutuante para Sala,,moveis_decoracao,42,1002,1,1300,17,27,17
8fdbacf2ec7e78916268d1d11d544038,Bola de Futebol Oficial,,esporte_lazer,28,369,4,1050,74,30,25
852dd510258cc0df3ed7b8d8417cebb2,Fralda Ecológica Tam M (50un),,bebes,46,1051,1,700,36,15,25
b7c05b69aefd3c94fca07b044c119357,Tábua de Picar Bambu (3pç),,utilidades_domesticas,45,210,5,300,18,4,12
86ef5f987ea9ab69c0231cbff16ce546,Caneta 3D Iniciante,,cool_stuff,33,500,5,300,28,6,13
aef95f9d9e323e61a5caecdc41907c79,Estante Organizadora 6 Prateleiras,,moveis_escritorio,35,1168,1,12675,48,49,40
b7b00b45c6be180aba844784c6769d12,Perfume Aventus 50ml,,perfumaria,48,344,1,750,20,15,15
e069639bc86788e34cbbd4d464ed2858,Andador Infantil Clássico,,bebes,44,345,2,100,20,6,15
0dadef6ed70b861b14eddb3a3ca6b73e,Chave de Fenda 6x100mm,,construcao_ferramentas_construcao,60,1450,4,300,16,16,16
79cb68c2ccd94a4da825b9e33adf0697,Fashion Bolsas E Acessorios - 100g - 17x3x12cm,,fashion_bolsas_e_acessorios,34,358,1,100,17,3,12
6dde44b4172999f35f08654d06bad633,Cadeira Giratória para Escritório,,moveis_escritorio,55,1180,1,16167,64,62,25
d113b2e0de22329a327c5f133ec15914,Tábua de Picar Bambu (3pç),,utilidades_domesticas,58,994,3,1500,60,10,25
14c60b3a54996d02ff5d0d56d2aab05c,Relógio Esportivo Resistente à Água,,relogios_presentes,45,692,1,450,18,12,13
e0a35b4c1be73785b8637ee21d5dcd02,Lixeira Automática 12L,,utilidades_domesticas,58,623,1,400,20,30,16
a7f67835c76b6bdd6950e1322c4b3900,Balão de Voleibol Praia,,esporte_lazer,56,574,6,250,30,16,16
5b0b1b9c6b42c532349cfa6d0d5bfa58,Shampoo Anticaspa 500ml,,beleza_saude,53,871,1,1550,25,23,23
bde643c31f72e37dd1aac0c43e130ddc,Telefonia Fixa - 2kg - 21x21x21cm,,telefonia_fixa,54,1986,1,2150,21,21,21
f23c48d81cd6a0c87f5c3b14aac68371,Shampoo Anticaspa 500ml,,beleza_saude,53,963,1,900,30,30,16
5b74831156cb4a6957d9a00caa41d4ea,Livros Tecnicos - 350g - 23x2x16cm,,livros_tecnicos,29,2078,1,350,23,2,16
dd99b3c94bf585d3a13a018e9eeed07f,Violão Acústico Clássico,,instrumentos_musicais,52,818,3,573,23,11,17
c696cd2db7870be08c37822f7c0ef831,Relógio Esportivo Resistente à Água,,relogios_presentes,59,672,3,350,20,13,13
9c1acc2ea8ce833bd5ef42aff75cfb24,Relógio Casual Feminino,,relogios_presentes,48,546,1,600,16,2,11
68361925fcb61b3627e79dd95137ae7f,Pendrive 32GB USB 3.0,,informatica_acessorios,28,1064,1,253,14,12,12
711027a82d762aad9b42dc032629dd18,Tábua de Picar Bambu (3pç),,utilidades_domesticas,53,1147,2,5650,35,22,30
3264eb8097906cea4af2f4a56e2447ed,Relógio Casual Masculino,,relogios_presentes,57,723,5,200,16,2,11
0b52764083ede22c5acb8a573d859ddd,Creme Dental Branqueador 90g,,beleza_saude,41,1797,1,1200,25,13,20
0254a096e569c4a89b6870e9d4a65c3c,Caderno Universitário 100fls,,papelaria,55,971,4,600,25,12,28
96e9828efdbe86198b90841d0b39ca0c,Luminária Pendente Vintage,,moveis_decoracao,38,356,2,800,30,14,13
86b4986bc313d65b0b5e46f5be8d11ce,Controle com Fio para Xbox Series X,,consoles_games,31,2287,5,1000,18,4,15
fb4d1630e90ffc0922d25bffe2cd489e,Pendrive 32GB USB 3.0,,informatica_acessorios,32,1064,1,263,20,16,13
ef60db8b2f868e7a61e59d80cdfebf6f,Batedeira Planetária 400W,,eletrodomesticos,60,156,3,1000,35,46,35
db9f690c43d7029be69f5ae0deb4fd96,Caderno Universitário 100fls,,papelaria,38,326,2,1300,34,46,14
40a1e3c65a0bcf6f4ebba840a8156ba2,Produto - 200g - 16x10x13cm,,,,,,200,16,10,13
50f5f13adab483598dfb6a40afaf70b6,Mouse Sem Fio 2.4GHz,,informatica_acessorios,15,159,1,100,25,3,19
4e64dbe0b03dc0aba80f28b0b922c6b6,Carregador Rápido USB-C 30W,,telefonia,43,1468,1,133,18,5,13
468a848eeaf1472183a23c05e53ac177,Ventilador de Coluna 45cm,,climatizacao,36,427,4,10175,44,44,38
f883f9b139767a9577cdb99523c31d06,Protetor Solar FPS 50,,beleza_saude,34,1115,1,1150,30,12,16
a5dfd9bdc6f4462aea09d20a26904f1b,Luminária Pendente Moderna,,moveis_decoracao,57,624,1,12200,100,25,25
4e04b7c4ec31cc8172cf3e5b863d34d0,Bola de Futebol Oficial,,esporte_lazer,58,493,6,200,16,10,11
41594ae99a5916fee609489c289ca3a6,Cama Mesa Banho - 1kg - 51x26x36cm,,cama_mesa_banho,39,360,1,1400,51,26,36
052fa8abc4bd8f9e32329a610fc878e2,Cama Mesa Banho - 200g - 16x12x11cm,,cama_mesa_banho,26,421,1,200,16,12,11
430315bedd89f81ceec11ba8cc51ebe1,Cama Mesa Banho - 800g - 38x10x38cm,,cama_mesa_banho,55,244,1,800,38,10,38
dc1b52066a98303e1b82d19fa6bd33f9,Kit de Poda (Tesoura + Serrote),,ferramentas_jardim,46,1688,3,950,31,5,31
24c5d76ef43ee1782af51114a121ca3d,Prateleira Flutuante para Sala,,moveis_decoracao,54,586,1,1700,33,8,23
3bbc659a6c046bc03d8285cacb9e68f9,Cama Mesa Banho - 950g - 40x5x30cm,,cama_mesa_banho,31,205,1,950,40,5,30
50627d7c3dd43902d64134574befe12f,Teclado Multimídia ABNT2,,informatica_acessorios,32,626,3,300,16,4,11
dd52cd5fbf92f8068dc66246821d3253,Creme Dental Branqueador 90g,,beleza_saude,56,701,1,700,16,24,16
1f06d9b36ed20e13e3d95072487e4cb3,Fashion Roupa Masculina - 500g - 40x10x40cm,,fashion_roupa_masculina,52,541,4,500,40,10,40
c073f9b6e3a508fa73c133e7e25827c9,Raquete de Tênis Profissional,,esporte_lazer,39,84,1,300,22,15,22
78b3226efe135da4f498eee302f4d4be,Protetor Solar FPS 50,,beleza_saude,58,1856,4,383,19,12,16
5adf18557fb630bec009793ac8ae4483,Cama Mesa Banho - 1kg - 16x10x16cm,,cama_mesa_banho,47,839,1,1650,16,10,16
ff5d7f21d255435967dfbe72b5dcdb57,Película de Vidro Temperado Universal,,telefonia,51,991,3,167,17,3,17
12a3f3a8ef6c5e3c29c88e670fd61ee9,Cama Mesa Banho - 1kg - 39x11x28cm,,cama_mesa_banho,55,376,1,1000,39,11,28
ed7c541aa5466333629b1e1b8cfc8087,Cortador de Grama Manual,,ferramentas_jardim,46,130,1,832,32,9,32
01f1608fbd6fc5b04308ff6157326e6d,Carregador Rápido USB-C 20W,,telefonia,57,422,2,150,19,4,11
672fd0a2af10376f9b997ec5cfa04ef7,Luminária Pendente Moderna,,moveis_decoracao,63,461,2,900,80,10,60
1e1172a8b6ae12312c22ccf33625f7ca,Fashion Bolsas E Acessorios - 200g - 16x2x20cm,,fashion_bolsas_e_acessorios,52,1436,1,200,16,2,20
b2838c316d60d8f286a17bc23eb04123,Jogo de Blocos 200pç,,brinquedos,47,727,7,200,22,11,13
da93a362382f7e8e659cfea14aa9b918,Fashion Bolsas E Acessorios - 200g - 16x2x11cm,,fashion_bolsas_e_acessorios,49,54,1,200,16,2,11
9e3f014cac929951c0297e591fbb234d,Market Place - 2kg - 28x48x30cm,,market_place,49,503,2,2450,28,48,30
abf460fbe81f4b2741cd059df2925fff,Violão Acústico Clássico,,instrumentos_musicais,44,219,1,183,29,6,11
5ea13888505d00f6a33b996f70a06e13,Colônia Esportiva 150ml,,perfumaria,54,1425,1,500,22,16,16
4e5a066f684af859ca235b1c73985775,Lixeira Automática 12L,,utilidades_domesticas,34,314,2,1475,24,19,19
4413e2f854c2f02d80065a178decb9c2,Cama Mesa Banho - 2kg - 40x15x35cm,,cama_mesa_banho,56,406,1,2400,40,15,35
b11cfc408f43a71b16c2288e79172244,Caneta 3D Iniciante,,cool_stuff,53,530,4,300,16,11,11
7d6494080672e94faf8aaf1dbfaf6999,Bola de Futebol Oficial (Edição Especial),,esporte_lazer,52,1013,5,13500,70,30,40
ae31f50b0dae2f0040da1aeb0f2ba4f7,Prateleira Flutuante para Livros,,moveis_decoracao,45,532,4,350,22,6,15
47e175ac0195aa4774597a07c912415e,Marcador Permanente Preto (12un),,papelaria,60,484,5,850,16,21,15
a97cd00f5c1dbfbc7f0f4b6c1032253e,Lixeira Automática 5L,,utilidades_domesticas,59,731,1,5500,51,20,29
9b65ba680d68ae7e44234b79cb7ca584,Relógio Esportivo Resistente à Água,,relogios_presentes,60,306,1,550,16,2,11
b81399b264f3f525f6645f98369b1868,Bota Social Masculina 41,,fashion_calcados,54,1722,4,2800,41,12,34
74e47bd907dc11882c23f4c4ce14031f,Teclado Mecânico RGB,,informatica_acessorios,60,1847,1,350,20,15,20
7efa345eefd35e2fc11d13201436bf38,Massa Corrida PVA 25kg,,casa_construcao,51,201,1,500,16,40,15
0a70bfd7366ebae1c146277751691546,Teclado Gamer Mecânico RGB,,consoles_games,48,720,1,200,19,13,17
db3772e122d171a9f548c1588ed66017,Bola de Futebol Oficial,,esporte_lazer,56,2538,1,475,21,9,17
e2652b87f51c488f334f7f4f0b2ca935,Cama Mesa Banho - 550g - 26x2x20cm,,cama_mesa_banho,42,372,1,550,26,2,20
dc85876834143377929cf89f98115506,Mouse Sem Fio 2.4GHz,,informatica_acessorios,39,1698,2,2000,33,33,16
8c870be13e6e06a1a88de95a856e2585,Carregador Veicular Bluetooth FM,,automotivo,60,827,5,1150,32,6,29
a08a20499b36a88c1ded2d041a863a9a,Cama Mesa Banho - 1kg - 30x5x20cm,,cama_mesa_banho,55,250,1,1000,30,5,20
5c0826f946c32406d5baa79544668b4c,Eletroportateis - 1kg - 20x15x25cm,,eletroportateis,39,873,2,1200,20,15,25
a08ffa6ecdd0ab3c1f4fe348acc2553b,Produto - 1kg - 40x8x40cm,,,,,,1000,40,8,40
3c3c57f8884d5702b83ab9ff91dbbd50,Necessaire Viagem 5 Compartimentos,,malas_acessorios,58,2036,4,22600,77,33,56
b6598804d396176951c83354974eea81,Lixeira Automática 5L,,utilidades_domesticas,46,366,1,600,19,17,18
20ab1de6964467372e314a0e84d6719b,Pacote de Canetas Esferográficas (10un),,papelaria,59,899,10,1900,40,10,30
137ace556a03792cdc43f91ec621426d,Agro Industria E Comercio - 550g - 16x19x11cm,,agro_industria_e_comercio,48,1268,1,550,16,19,11
87cb507e0daa37bbf34956fd59eba832,Relógio Casual Masculino,,relogios_presentes,55,167,2,250,16,2,11
a1a97164f38cfb98511eb68e6b40ad94,Teclado Mecânico RGB,,informatica_acessorios,60,640,1,100,16,8,11
81dba264e2c91829b19c58fa6eb33072,Espelho Decorativo Ovalado,,moveis_decoracao,60,2132,2,400,69,11,11
413f42e07324c88bf0dc54e21a69a3c0,Cama Mesa Banho - 1kg - 43x8x33cm,,cama_mesa_banho,57,2473,2,1950,43,8,33
45d53108adfd3c40a54c578f431c45cc,Mouse Sem Fio 2.4GHz,,informatica_acessorios,58,1675,1,1700,35,18,34
f111bc943c81722e3b96cb1d089026fb,Aromatizante Automotivo Baunilha,,automotivo,55,925,2,3300,65,25,25
8971b502ef885ceacff5dd02b873cdf6,Creme Dental Branqueador 90g,,beleza_saude,29,1335,1,750,27,15,18
9388e84da6051e85eb86fc653c3aa64f,Cama Mesa Banho - 1kg - 50x12x12cm,,cama_mesa_banho,54,701,2,1100,50,12,12
9e7b30aadfe27e354bd8252050eb94a1,Prateleira Flutuante para Sala,,moveis_decoracao,47,531,4,6550,35,35,35
47c064333cf67e5cdc8243db3f095767,Kit de Limpeza Multiuso (5pç),,utilidades_domesticas,63,369,3,1000,30,5,35
955f8780ad5a8da545a008f6f95c1dba,Raquete de Tênis Júnior,,esporte_lazer,57,903,4,258,25,15,17
3997a6da5a88930a92998ccbf98adf32,Luminária LED Multicolorida,,cool_stuff,48,671,2,9300,44,21,38
ebf7d9b8166c02eb72e573eebd630458,Cama Mesa Banho - 526g - 44x6x33cm,,cama_mesa_banho,55,185,2,526,44,6,33
67639b8cb7f4b8c431ed4c48a76866e0,Prateleira Flutuante para Sala,,moveis_decoracao,59,241,1,2200,42,12,37
b4c955e468e720ec3e213a2152f7d46a,Shampoo Anticaspa 500ml,,beleza_saude,53,586,1,250,27,10,17
fb060ad9a8625b626189641799bccf89,Bola de Futebol Oficial,,esporte_lazer,63,569,3,275,24,8,12
8bf396e81a19dffbbae80100aa14aa0c,Teclado Gamer Mecânico RGB,,consoles_games,23,959,3,193,18,13,16
d34e60a899ba1091792aa4bbac4cc1df,Eletroportateis - 2kg - 17x17x50cm,,eletroportateis,51,750,1,2175,17,17,50
e70bc14a36a0d1a0394cc724be815a1b,Bebidas - 175g - 23x16x16cm,,bebidas,47,858,3,175,23,16,16
2fe1e09df32992e9e5041a2671233e20,Fashion Roupa Masculina - 600g - 16x2x11cm,,fashion_roupa_masculina,36,968,3,600,16,2,11
236fdb1c273caaa9a7dbff8111e6a4e1,Prateleira Flutuante para Sala,,moveis_decoracao,55,412,1,7450,52,18,35
5c2fc243b33c2c7c211fd9e09beb7cab,Raquete de Tênis Júnior,,esporte_lazer,38,549,1,1017,42,21,27
3eb130ebc817c46e7f7e9c9b00b7f75a,Shampoo Anticaspa 500ml,,beleza_saude,33,431,1,1725,16,30,16
8d6259f0086b979199d22763478ad986,Organizador de Gavetas 3 Níveis,,utilidades_domesticas,49,509,1,600,16,26,11
6fe7ef5f743e7b92a2c74264f40d0437,Produto - 6kg - 80x5x60cm,,,,,,6100,80,5,60
6405e17a3e8718d5316c5d644320f253,Teclado Multimídia ABNT2,,informatica_acessorios,37,415,1,200,16,5,11
f15962856ffeba607559e662ad9f8c9b,Cama Mesa Banho - 603g - 28x7x25cm,,cama_mesa_banho,58,96,1,603,28,7,25
61a7263fdb4809852aef0552a2c38342,Carregador Veicular Bluetooth FM,,automotivo,54,1120,7,6900,30,15,20
737039cf7d608ac96fca4148ba80fcc0,Caderno Universitário 200fls,,papelaria,43,675,2,500,40,8,30
ab8ba49579d5b0173f85517ce22968c6,Ámbar Noche Eau de Parfum,,perfumaria,38,476,2,414,23,15,18
9eae0f2bc40219fa89901bf4ae275799,Relógio Casual Masculino,,relogios_presentes,43,668,3,287,19,12,14
fe75529a267b76ac6e96f0c322a899a4,Creme Dental Branqueador 120g,,beleza_saude,33,374,1,304,20,15,15
9217cd4b28552bdbb33d5eab7036c9c0,Shampoo Anticaspa 300ml,,beleza_saude,54,446,2,450,20,20,20
7d78cbee891d98c76028e3008a230712,Trem Elétrico com Luzes e Som,,brinquedos,60,131,3,400,45,5,25
c36b3f0e13d2e953ee290c7ded304c57,Relógio Esportivo Resistente à Água,,relogios_presentes,40,228,1,750,28,18,25
37116a322ceabbe82c30430000af0db3,Cama Mesa Banho - 200g - 20x10x15cm,,cama_mesa_banho,52,89,1,200,20,10,15
ebb6edef98680a55bc741b18c3c30844,Andador Infantil Clássico,,bebes,37,772,2,1000,21,22,19
cdbcde669141ea6af7193857333db4ff,Espelho Decorativo Ovalado,,moveis_decoracao,50,279,2,5550,45,30,45
da2fa693964fb1caddb581348b7b592c,Construcao Ferramentas Iluminacao - 7kg - 53x26x53cm,,construcao_ferramentas_iluminacao,52,210,1,7150,53,26,53
d35d1fa56f3c5a2777f5542a84a085dd,Caneta 3D Iniciante,,cool_stuff,43,712,2,5288,32,26,45
71fded7382fbf17d5b2f1c5814b6be2b,Caixa de Som Portátil 10W,,eletronicos,27,432,2,75,18,13,16
83de011a17eb6035fe818aa81832ac94,Protetor Solar FPS 50,,beleza_saude,50,246,2,200,25,10,20
4bbaec4be577b56985a8fef3237b7551,Limpa Para-brisas 1L,,automotivo,54,1204,1,700,16,2,11
a5c36ddbcb3dae3f3f2e60c141b6b650,Cortador de Grama Sem Fio,,ferramentas_jardim,59,1497,5,1700,33,25,23
e695e154d81ff71bfa7c12769a6faa07,Limpa Para-brisas 500ml,,automotivo,60,332,1,720,28,18,18
3d5813eaa9868b2c0e307e6c536ba492,Fone de Ouvido Bluetooth 5.0,,eletronicos,45,125,2,11700,23,21,18
9bd15113e791933a5d0c59c00d9add5c,Lixeira Automática 5L,,utilidades_domesticas,59,831,1,700,16,25,11
24f9bc76d458867944921094745b5473,Marcador Permanente Preto (12un),,papelaria,58,322,3,600,25,7,24
d59c0d70d5a3ca1414b6798c7d939d30,Relógio Esportivo Resistente à Água,,relogios_presentes,59,594,2,600,16,11,11
59038ff2ef33867691a60d4fe44ae544,Espelho Decorativo Ovalado,,moveis_decoracao,58,286,4,7950,30,35,30
f60e19fc3b0ee38735e6a6fefe937bdf,Sinalizacao E Seguranca - 150g - 20x2x28cm,,sinalizacao_e_seguranca,58,144,2,150,20,2,28
f7fb8cbbcb9cd35f6fc536c77ae02ebe,Cama Mesa Banho - 2kg - 45x15x35cm,,cama_mesa_banho,59,277,1,2000,45,15,35
c398a8dcde62548d51bb291753330209,Caneca Criativa 350ml,,cool_stuff,53,1105,1,10800,80,50,22
f4cd030cd445192809e17afbdec67f56,Prateleira Flutuante para Sala,,moveis_decoracao,38,1455,3,150,35,2,25
060e9bdedfae37724dbce0b3270d76ae,Relógio Esportivo Resistente à Água,,relogios_presentes,54,821,4,200,16,2,11
6addacff5b9a648cf0760f3d943b99b0,Teclado Mecânico RGB,,informatica_acessorios,43,460,2,250,16,5,11
0bf16c5642f26022d106438f491b9b1c,Organizador de Gavetas 3 Níveis,,utilidades_domesticas,15,422,1,300,41,5,31
cbe91f0c23e32e2de40f57e30580dc24,Fashion Bolsas E Acessorios - 250g - 16x2x11cm,,fashion_bolsas_e_acessorios,54,719,2,250,16,2,11
e9d5d95031539a8b32c057e158db4977,Jogo de Blocos 200pç,,brinquedos,39,759,4,389,27,33,28
576a8893b15f9ed1b5aedc25052258a2,Balão de Voleibol Praia,,esporte_lazer,38,332,6,50,16,4,11
ed71a85647afea9562cd2a14b1ac8622,Carregador Rápido USB-C 20W,,telefonia,46,156,1,200,20,5,12
b607bf5bab84cb38111d2b6a10164385,Produto - 200g - 16x2x20cm,,,,,,200,16,2,20
7a8cdb37b5d447de4dba7806a82f84d7,Perfume Aventus 100ml,,perfumaria,53,276,2,475,19,15,17
869335bdf5f8389362b55e97c83ea1ef,Raquete de Tênis Júnior,,esporte_lazer,41,304,2,1450,30,13,30
4bba2ed7155732bf6f663316059878af,Berço Portátil Dobrável,,bebes,41,610,3,100,16,16,16
3324465da0373199261538db9d035411,Sinalizacao E Seguranca - 1kg - 34x16x27cm,,sinalizacao_e_seguranca,53,602,2,1250,34,16,27
724c49c346d2979339d366fa59ce49de,La Cuisine - 3kg - 30x30x30cm,,la_cuisine,33,532,1,3600,30,30,30
72f47ace173a4fa96b05a1462e025aee,Cama Mesa Banho - 2kg - 44x17x34cm,,cama_mesa_banho,52,290,3,2000,44,17,34
6c34d241bbd85d693f1fee6a4b8a8e2b,Eletroportateis - 7kg - 35x35x40cm,,eletroportateis,40,753,2,7350,35,35,40
715ff1d94c99db18163cae1eb40f9bb0,Cama Mesa Banho - 400g - 16x12x11cm,,cama_mesa_banho,34,437,1,400,16,12,11
310ae3c140ff94b03219ad0adc3c778f,Creme Dental Branqueador 90g,,beleza_saude,59,493,1,2000,30,12,16
80d3aeff2ab6c9d795010c029dbd5ddd,Moveis Sala - 4kg - 58x15x53cm,,moveis_sala,31,342,1,4350,58,15,53
b45b5b25c6655d824ed7ffc8fa65688c,Carregador Rápido USB-C 20W,,telefonia,50,562,2,360,22,6,11
01a2ad2b54cd734f78cb817da7752d8b,Colônia Esportiva 150ml,,perfumaria,44,280,1,430,19,14,12
d6def90f2db6db438426d0434ba7c190,Raquete de Tênis Profissional,,esporte_lazer,34,231,1,783,45,11,22
45e014218aa377a0cca60336a4d93d3a,Andador Infantil Clássico,,bebes,36,474,1,8500,35,60,25
58e7e9ff092e30b9c71ccf594c99433c,Casa Conforto - 21kg - 45x15x35cm,,casa_conforto,59,451,1,21750,45,15,35
e7d26dd6742baca292020c158e6720c3,"Mochila Executiva 15.6""",,malas_acessorios,40,124,1,450,24,47,34
8787e56abaa84fc6c3ba9afa857632b1,Gaveteiro 3 Gavetas,,moveis_escritorio,51,2223,1,20700,58,28,58
539025c69ca8d9160f0ae5190741ed74,Espelho Decorativo Ovalado,,moveis_decoracao,58,547,4,1850,34,6,28
70faa98e995f58b0160bb8320b653e29,Fashion Roupa Masculina - 200g - 25x2x17cm,,fashion_roupa_masculina,55,336,1,200,25,2,17
8c5f61f20b013d5dbe8b2e2f7794a873,Relógio Casual Masculino,,relogios_presentes,51,435,3,200,16,6,11
92c1eb75a887a500d9689fbad65e27e3,Cadeira Giratória para Escritório,,moveis_escritorio,41,1205,1,17150,58,61,24
2cab5fb805c35e09a71fc411c7849ec2,Jogo de Blocos 200pç,,brinquedos,55,816,4,1000,37,35,25
d5a19cc8a92434231693043e185b4c5b,Raquete de Tênis Júnior,,esporte_lazer,35,1464,1,3686,30,30,23
3626035966a7aaee90d68108caebd386,Cama Mesa Banho - 3kg - 52x15x31cm,,cama_mesa_banho,33,291,1,3175,52,15,31
ca4fe13c336a5399a892b4afabb17abb,Alimentos Bebidas - 1kg - 24x24x24cm,,alimentos_bebidas,54,314,1,1650,24,24,24
947a46e4f6dcc04e256398abf33e272e,Caderno Universitário 100fls,,papelaria,43,867,7,750,30,40,11
2700e8b4a64d5e7fae2677755e44b9d6,Cama Mesa Banho - 11kg - 54x30x45cm,,cama_mesa_banho,38,312,1,11450,54,30,45
3e80acb0c96aaa71dfc8a128d3ba1eff,Eletroportateis - 750g - 16x35x25cm,,eletroportateis,45,65,1,750,16,35,25
13b347f712ed4697097275485483326c,Luminária Pendente Vintage,,moveis_decoracao,51,264,1,5850,40,30,40
2f2155ee7545c9ca31ac68685224bc4a,Lixeira Automática 12L,,utilidades_domesticas,41,1965,1,550,20,20,15
8d29622ad4b816113fa721f21af4f667,Creme Dental Branqueador 120g,,beleza_saude,48,1444,1,4200,30,10,20
01084e8138d03dc691daa19aa6c12471,Prateleira Flutuante para Sala,,moveis_decoracao,60,926,4,1390,18,11,25
513d6bfa0cc5198ae04a6ebf0baeae98,Sanduicheira Elétrica Grill,,eletrodomesticos,52,465,1,350,16,15,20
ea99c9c7061d17bbfe7e85d842f2c3ee,Cama Mesa Banho - 1kg - 36x8x29cm,,cama_mesa_banho,55,137,1,1600,36,8,29
4c99d6df98c5f4960cae6fd9f8603bd3,Cortador de Grama Sem Fio,,ferramentas_jardim,53,75,1,700,35,20,40
e8df9b80f414e3e2d604977ac52932df,Luminária Pendente Moderna,,moveis_decoracao,56,796,2,550,65,11,11
7f593be3aee816905c8678b92239bb25,Bola de Futebol Oficial (Edição Especial),,esporte_lazer,58,570,1,575,19,15,17
270516a3f41dc035aa87d220228f844c,Shampoo Anticaspa 500ml,,beleza_saude,45,232,3,800,21,4,15
ccb162ed569f47d83f62aebd5700d7ad,Umidificador de Ar 2L,,climatizacao,56,671,4,8750,25,25,25
f8714e3b95aadcbfb57568c5e09df884,Fashion Bolsas E Acessorios - 150g - 16x15x15cm,,fashion_bolsas_e_acessorios,60,188,1,150,16,15,15
77e8ff91e2cccad62b30a0a83bec431e,Relógio Casual Masculino,,relogios_presentes,53,496,1,330,16,11,12
517dd1c1cda3892f83d386dcf9a4e9b7,Espelho Decorativo Ovalado,,moveis_decoracao,63,701,5,1750,35,10,35
4e1d8ab59a756d83db0a0902c1342e11,Película de Vidro Temperado Universal,,telefonia,60,823,2,100,16,22,11
87ecdbf76c33c8f2dabc40eeb821dc6b,Prateleira Flutuante para Livros,,moveis_decoracao,63,911,4,600,23,7,16
32c7991989ed600da3c3e313e96b440f,Sanduicheira Elétrica Grill,,eletrodomesticos,55,200,1,100,17,2,13
c99666957e5d14717bd1d5ba0fd33f53,Espelho Decorativo Ovalado,,moveis_decoracao,51,1492,3,2500,105,3,70
5b5293a5be515b28c5dce3858b88b2fe,Organizador de Gavetas 3 Níveis,,utilidades_domesticas,19,753,3,300,17,28,11
e860f15d3088aa6d981bf37b7d3e6020,Lixeira Automática 5L,,utilidades_domesticas,45,711,1,2000,25,60,25
577651d818a476142703089bae8e6f7c,Bola de Futebol Oficial (Edição Especial),,esporte_lazer,59,513,1,250,17,9,12
79fca321dbd3453bd8211690e39f1659,Berço Portátil Dobrável,,bebes,59,1045,3,1150,42,25,15
180534717d1776626e418844a26a7c8f,Relógio Casual Masculino,,relogios_presentes,59,153,1,1000,16,10,11
09b2a4f1ce3561a6562ffdccc0ca7c18,Cortador de Grama Manual,,ferramentas_jardim,47,508,3,1150,25,20,25
570c59d31475234150804a4ac2b3b9c3,Shampoo Anticaspa 500ml,,beleza_saude,37,401,1,450,16,10,20
35537536ed2b4c561b4018bf3abf54e0,Balão de Voleibol Praia,,esporte_lazer,59,1459,9,2100,36,9,14
5cb96c51c55f57503465e4d2558dc053,Bola de Futebol Oficial,,esporte_lazer,53,282,1,300,35,6,11
8d12ee985749e3ea570ed7f5c875479a,Batedeira Planetária 400W,,eletrodomesticos,50,872,2,150,20,13,12
4fbee589d3377144a90a338e4ae76dce,Balão de Voleibol Praia,,esporte_lazer,45,716,1,500,24,20,20
a70f58bd49225ad1d9f199d3766385a8,Teclado Mecânico RGB,,informatica_acessorios,54,2304,3,500,16,16,16
a78fa6c80b9cc50d0100e12a097b8417,Limpa Para-brisas 1L,,automotivo,43,1512,1,550,18,5,12
cf3ac799e2dc1bfbd6c97ea023171f9d,Cama Mesa Banho - 4kg - 36x15x45cm,,cama_mesa_banho,60,298,1,4700,36,15,45
8d23da47a7828cf786103f1c3fbeab43,Cama Mesa Banho - 3kg - 34x8x38cm,,cama_mesa_banho,57,663,1,3300,34,8,38
eb1e85561435be5d1760939dac8c881c,Agro Industria E Comercio - 400g - 30x20x11cm,,agro_industria_e_comercio,41,472,4,400,30,20,11
f422d0d9f8b5f7c27289382b14b61248,Trem Elétrico com Luzes e Som,,brinquedos,63,361,3,1800,38,12,35
283b761ae6738a52e9a64c4c6edb26d7,Perfume Aventus 100ml,,perfumaria,48,504,2,475,18,11,13
0f0d87a917b0f49861ef994dbc4daf08,Luminária Pendente Moderna,,moveis_decoracao,26,2595,1,10600,36,50,60
82a0f2bfaa026cb94f4f870afd51c6ad,Fralda Ecológica Tam M (50un),,bebes,29,1519,1,165,18,9,8
93c902b021a9e594f658ab1b0351602a,Fone de Ouvido Bluetooth 5.0,,eletronicos,60,390,7,1250,26,10,18
ec3a3abf1c577856f4dafa59c126dccd,Espelho Decorativo Ovalado,,moveis_decoracao,51,1941,4,2400,105,3,70
7edbd4d0335cf6faf31669f33312d142,Martelo de Aço 500g,,construcao_ferramentas_construcao,57,283,1,100,20,3,20
dde07b9fedc0682cc6acbd81d92ffe22,Suporte de Celular Articulado,,cool_stuff,51,466,1,500,20,20,30
fda2e10316a83bcf6ffa52fc891642f2,Shampoo Anticaspa 300ml,,beleza_saude,35,2489,1,1000,25,19,15
e54cb69cc7bf5d21921991aae48501fb,Cama Mesa Banho - 1kg - 50x12x12cm,,cama_mesa_banho,54,702,2,1000,50,12,12
d063fc697e5aa468ad1e689d5e6028fd,Limpa Para-brisas 500ml,,automotivo,53,403,3,1950,40,12,32
f216457c32ee07732482741ca33128c6,Livro O Poder do Hábito,,livros_interesse_geral,22,921,1,400,26,3,36
07c055536ebf10dfbb6c6db6dbfc36e5,Espelho Decorativo Ovalado,,moveis_decoracao,59,473,1,600,30,3,20
5ed9eaf534f6936b51d0b6c5e4d5c2e9,Camiseta Geek Estampada,,cool_stuff,51,693,3,600,20,20,21
d178793446cf02a02ef715cd5ab14ddb,Mouse Óptico USB,,informatica_acessorios,59,1994,4,950,25,11,15
9afc7bd1c6286201ccf4bf74ffc9ce6b,Tábua de Picar Bambu (3pç),,utilidades_domesticas,27,59,2,250,23,13,21
8dfb264673631eed595f12828b0ff2c6,Carregador Veicular Bluetooth FM,,automotivo,60,480,5,2600,37,13,24
8d2453bdd784cad1b09625bad27e3bd9,Relógio Casual Masculino,,relogios_presentes,55,679,3,600,16,13,13
b30bd2570ba0ad3ce06e785a7b23d544,Cama Mesa Banho - 2kg - 45x15x35cm,,cama_mesa_banho,55,315,2,2900,45,15,35
e23a34276c3979415a832cbd4d043952,Mouse Óptico USB,,informatica_acessorios,46,446,1,140,12,21,12
87838c210d9c925acac2619548950502,Prateleira Flutuante para Livros,,moveis_decoracao,56,770,1,11450,45,35,45
d1802b79d2e79841cc2cadedd8d4e6a3,Produto - 900g - 32x10x11cm,,,,,,900,32,10,11
6e6cc4bc64ffea91782dbc0cc7c325d9,Marcador Permanente Preto (5un),,papelaria,39,256,3,50,16,6,11
5c2bb11cf2149bd4d9fffcc1246458c3,Pacote de Canetas Esferográficas (10un),,papelaria,37,531,1,2283,27,35,35
e4aa3f3e3209009166c6b79afa8204bc,Kit de Poda (Tesoura + Serrote),,ferramentas_jardim,60,482,2,1600,16,4,30
b8316b6fcbdee6f6e8760865065dc0f5,Cama Mesa Banho - 600g - 20x2x20cm,,cama_mesa_banho,56,551,1,600,20,2,20
fc7c2a5b006ec4b9166c89db4c46bf78,Jogo de Blocos 100pç,,brinquedos,38,1303,1,2250,55,13,25
088c192c21da02dcb908f931d0fe324a,Fashion Bolsas E Acessorios - 150g - 16x5x20cm,,fashion_bolsas_e_acessorios,63,464,4,150,16,5,20
656e0eca68dcecf6a31b8ececfabe3e8,Teclado Multimídia ABNT2,,informatica_acessorios,45,236,1,173,18,13,12
4d483bc32420eaa4119978b42a7544d0,Martelo de Aço 500g,,construcao_ferramentas_construcao,59,272,7,850,18,7,16
abcde4527db854fbcf9ba5a0ebb571fe,Raquete de Tênis Júnior,,esporte_lazer,43,864,1,163,17,15,15
3ae3ff1822dea42b242b5902e605c1bd,Cama Mesa Banho - 3kg - 45x15x35cm,,cama_mesa_banho,62,313,1,3150,45,15,35
8d38fad1bc505b1b3f50612f1fdaecba,Andador Infantil Clássico,,bebes,55,1631,1,550,20,13,13
e1b7ea96e1ebb2524b943e22bf5e31b7,Espelho Decorativo Ovalado,,moveis_decoracao,64,427,2,1150,30,6,32
63c0e572201a0411c48dd051f0b316ad,Jogo de Blocos 100pç,,brinquedos,54,519,4,1200,38,26,45
c98bf47f7bea8f3aee82fa023786b8a1,Caixa de Som Portátil 10W,,eletronicos,33,63,1,6185,63,11,20
82183967d9fde935fc0b0189bb68ccec,"Mochila Executiva 15.6""",,malas_acessorios,41,132,1,500,22,46,34
052b8660ee8a9ee18815d9b276694a10,Perfume Aventus 50ml,,perfumaria,47,540,2,107,17,12,14
ef43a6c287409808c37a67734f21e264,Limpa Para-brisas 1L,,automotivo,48,175,1,4500,69,15,20
aaa391b7c35a628a6318851e8e933e0b,Produto - 200g - 16x2x11cm,,,,,,200,16,2,11
56324522787b0f1b85cc081fffadc3f8,Cama Mesa Banho - 2kg - 42x11x36cm,,cama_mesa_banho,56,663,1,2400,42,11,36
177a8cac0667c535478a8fdfd7d42191,Trem Elétrico com Trilhos,,brinquedos,37,267,2,200,20,10,20
8a8ca51f9f9e167a56b3469d64492632,Necessaire Viagem 5 Compartimentos,,malas_acessorios,53,246,1,675,29,23,18
10dfb99fdae9b721c39b7458564397f6,Cama Mesa Banho - 3kg - 50x10x30cm,,cama_mesa_banho,57,293,1,3450,50,10,30
e5c9a123f21eb2f3dbf0192935d476ea,Construcao Ferramentas Jardim - 350g - 16x16x16cm,,construcao_ferramentas_jardim,51,303,1,350,16,16,16
3cf83300f19d319b1a4b6c40f6734b06,Pulverizador de Jardim 2L,,ferramentas_jardim,60,545,1,475,19,8,12
fb23a21f32d00e71247da1188220cb33,Cadeira Giratória para Escritório,,moveis_escritorio,53,1147,1,13475,53,65,32
d43ee56f2821be64f6bd3c3af659789b,Creme Dental Branqueador 120g,,beleza_saude,32,530,1,200,16,17,11
b150110bc5afad8ff2cce5cd50c8e2a2,Creme Dental Branqueador 90g,,beleza_saude,50,614,1,367,24,14,23
6149b0a01ae42fccf651cfbef08979c7,Massa Corrida PVA 25kg,,casa_construcao,58,3222,4,4700,70,30,30
80b6ed0e8830e4532f348028372a3d42,Marcador Permanente Preto (5un),,papelaria,52,672,5,800,27,10,20
41225bba70a14ede03816d7baf0a88f8,Cama Mesa Banho - 1kg - 16x10x16cm,,cama_mesa_banho,49,746,1,1000,16,10,16
6392b413939939ce321eed54003573d6,Eletroportateis - 350g - 16x16x11cm,,eletroportateis,30,552,1,350,16,16,11
69af60118aac736afed734810bd88424,Bola de Futebol Oficial,,esporte_lazer,56,611,4,1200,35,15,15
a1dd59756b92c62cd39375d0b0222698,Cama Mesa Banho - 200g - 16x10x16cm,,cama_mesa_banho,52,153,1,200,16,10,16
e60af9d3fe480442e6ad248d497f6cf9,Artigos De Natal - 500g - 16x8x20cm,,artigos_de_natal,38,238,1,500,16,8,20
b1dddee0530f59d8b4808c007e8f14a8,Estante Organizadora 6 Prateleiras,,moveis_escritorio,45,2081,1,10850,58,20,58
2a15783d3cb601f8d9a6a86806b037b3,Andador Infantil Musical,,bebes,47,1080,1,600,38,5,33
fc6f75aed00a45312365ba4a37adb3f6,Shampoo Anticaspa 300ml,,beleza_saude,47,360,2,250,27,5,16
855c27cfc6220613d38cddc543932b4f,Caderno Universitário 100fls,,papelaria,38,118,1,100,16,5,16
22a0a4cfaf39559db703230823bdc13a,Telefonia Fixa - 429g - 18x13x13cm,,telefonia_fixa,38,969,1,429,18,13,13
c7e54083cd8be3b0906b7f34e4a61bfb,Raquete de Tênis Profissional,,esporte_lazer,60,492,1,250,19,10,15
b953d9a0d8c056d4144acbff1f0adc80,Aromatizante Automotivo Lavanda,,automotivo,59,763,5,1100,23,7,38
274d4e727ddbeb7c392ea2e551e3a77d,Ámbar Noche Eau de Parfum,,perfumaria,30,138,1,100,20,7,20
17636d19cec2b5a30a95e164fcd08325,Marcador Permanente Preto (12un),,papelaria,45,241,4,1500,60,2,15
974d9d3338a9d3d2b96ac5d5d9379968,Raquete de Tênis Profissional,,esporte_lazer,56,643,1,20650,28,11,28
47356bc50df2353e354ef15c95306567,Raquete de Tênis Júnior,,esporte_lazer,56,202,1,600,25,25,25
4c7d4a2efde21e3bf1660926fabc6a9d,Creme Dental Branqueador 90g,,beleza_saude,60,316,3,250,18,10,15
c6e37798f72f83c034ba97e2680cb5d5,Pendrive 32GB USB 3.0,,informatica_acessorios,54,267,1,200,23,16,16
bdbcda578f0215903f8bcd77ca591e0c,Sinalizacao E Seguranca - 200g - 26x5x12cm,,sinalizacao_e_seguranca,45,479,1,200,26,5,12
8db8fb254b643aad727afd54e618b34d,Cortador de Grama Sem Fio,,ferramentas_jardim,59,1257,2,600,22,13,22
466bf8874eb69e8561cf834878015050,Protetor Solar FPS 50,,beleza_saude,57,416,3,800,16,2,11
15ae68f4be12b1e7037da33a1ef9753a,Casa Conforto - 7kg - 50x30x40cm,,casa_conforto,58,216,3,7600,50,30,40
3bbb1f94c6871212f10e8c25012a8e19,Carregador Rápido USB-C 20W,,telefonia,39,365,13,200,16,3,11
768cb9a5290c41d7968447ae28c64cca,Fogão 4 Bocas Inox,,eletrodomesticos,58,535,1,15050,39,38,39
53c3fcae1475fdd6b315e8e6ff690fb3,Relógio Casual Masculino,,relogios_presentes,59,508,3,2100,16,2,11
34239894e175b17d8c84edc6c73b4dad,Fralda Ecológica Tam M (50un),,bebes,35,221,5,400,29,12,23
eee02ac99af9217137a2ef5eaad20376,Suporte de Celular Articulado,,cool_stuff,39,525,2,500,60,16,11
3168b2696b15ca440b92afa9e011a084,Ração Seca Cães Adultos 15kg,,pet_shop,51,2456,1,3200,52,25,29
af8533a77adce26dca87480c4c5c9af4,Suporte de Celular Articulado,,cool_stuff,60,1168,3,550,17,7,23
afbfd6b7742d136c2264a48e60a3fad6,Market Place - 650g - 40x31x14cm,,market_place,36,2217,1,650,40,31,14
53d71d8d9d6878f6f0b9fe0ed79445d5,Alimentos - 375g - 20x12x15cm,,alimentos,49,217,1,375,20,12,15
dbb9d74e911f8db0dd4d85878064ceb3,Caderno Universitário 200fls,,papelaria,53,388,2,450,38,33,26
f94d494034180bcbeb9c56cae79f6168,Moveis Sala - 4kg - 31x17x31cm,,moveis_sala,55,1143,3,4650,31,17,31
3ede26b9ff5be98aa46feaf2b1416ddb,Película de Vidro Temperado Universal,,telefonia,37,361,3,200,19,3,11
6ca32b4631431cb1fe976880797a0f5c,Arranhador para Gatos 60cm,,pet_shop,19,619,6,5350,50,30,40
cbdbabc3d8b1a111329afd03a9f6a8d6,Cama Mesa Banho - 3kg - 20x40x40cm,,cama_mesa_banho,55,108,3,3850,20,40,40
725e77eb7923719a251e7a4bd196ca6e,Fashion Bolsas E Acessorios - 100g - 16x2x11cm,,fashion_bolsas_e_acessorios,52,1490,2,100,16,2,11
cde7eb02af6868b9904f1ea2c7fdfdc3,Relógio Esportivo com GPS,,relogios_presentes,56,398,3,500,20,30,20
3d103df80d5d22d709244fe27bc29a8d,Produto - 200g - 16x2x11cm,,,,,,200,16,2,11
fa3bea10a666ef8afb1557f5e866b719,Raquete de Tênis Profissional,,esporte_lazer,9,254,1,150,28,6,14
070d4b13c8ef5cc3d81259789b3bd973,Cama Mesa Banho - 2kg - 55x15x35cm,,cama_mesa_banho,59,111,1,2200,55,15,35
093be8c4566a25d70e577faa3539d7d3,Luminária Pendente Moderna,,moveis_decoracao,55,2027,3,6700,90,4,50
6d7bc0518cc2406af3d486526806d50e,Teclado Musical 61 Teclas,,instrumentos_musicais,42,184,1,383,35,7,14
494f6aae5fcc59af1db7b6dc85df1977,Aromatizante Automotivo Lavanda,,automotivo,59,651,5,6675,71,4,44
62410fbefbe7df2abf7e6b23e64255ee,Kit de Poda (Tesoura + Serrote),,ferramentas_jardim,55,980,7,8050,43,32,22
ceea7d6ebaeb5a3620c2b43ff85dc13f,Parafusadeira Elétrica 12V,,construcao_ferramentas_construcao,50,490,2,550,35,8,30
bea68931a4e8aeb29404dfc74b4ce5fc,Cama Mesa Banho - 600g - 16x10x16cm,,cama_mesa_banho,50,315,1,600,16,10,16
2a5806f10d0f00e5ad032dd2e3c8806e,Mesa de Escritório 120x60cm,,moveis_escritorio,46,1350,1,11875,57,55,22
73df0070248804951b5c6ba9537c6fc3,Produto - 100g - 16x6x11cm,,,,,,100,16,6,11
a96e543f9cfb2ecdb07c59321ff0018c,Jogo de Blocos 200pç,,brinquedos,24,589,2,2700,51,35,26
fb09c649a144a9dfd4546612891e1f11,Produto - 2kg - 38x12x38cm,,,,,,2000,38,12,38
3630657a252ca88c694edfa53f2ad9f2,Pulverizador de Jardim 2L,,ferramentas_jardim,60,408,1,300,26,3,12
a8c6827a8a59c4b3bd37a9761715f3d8,Balão de Voleibol Praia,,esporte_lazer,53,985,2,3200,16,85,16
3779f2d78a8cc041bcce56232d83befb,Limpa Para-brisas 1L,,automotivo,58,1275,1,1125,20,17,17
a94036c0bb4dfce8d5762777c07b7be2,Cama Mesa Banho - 2kg - 43x8x33cm,,cama_mesa_banho,57,2473,2,2500,43,8,33
4d8c2f14df6a1429692e995d787613a5,Berço Portátil Dobrável,,bebes,50,304,1,350,23,4,23
665dcf48bfab7017f4ac917abaafac4f,Creme Dental Branqueador 120g,,beleza_saude,31,519,1,310,20,22,22
d5cf2d1224d6d3a279dc2593f5a824fa,Ração Seca Cães Adultos 15kg,,pet_shop,60,770,3,500,35,22,28
487ff90293c6b5484d060de3fe409557,Audio - 325g - 22x22x22cm,,audio,43,676,3,325,22,22,22
8bfcc2900410d032d52f24991311a009,Necessaire Viagem 5 Compartimentos,,malas_acessorios,45,261,1,450,18,48,32
bfd40187494874d9bda6626efbff3bd3,Boneca Articulada 30cm,,brinquedos,59,940,4,11200,16,50,80
dd8e3ce8409dea51c566f227a4fc34ba,Caderno Universitário 100fls,,papelaria,46,395,2,200,19,5,13
7ff7661b8c3f488705fcf1f407d04329,Alimentos Bebidas - 500g - 28x15x15cm,,alimentos_bebidas,55,3755,7,500,28,15,15
282b126b2354516c5f400154398f616d,Organizador de Gavetas 3 Níveis,,utilidades_domesticas,48,2396,2,3700,20,20,20
966a067b38634929844120e39b1576bc,Fralda Ecológica Tam G (50un),,bebes,34,496,2,2050,33,13,29
c1343b2f78e0f750b57cb917529039ee,Marcador Permanente Preto (12un),,papelaria,55,567,1,230,20,10,15
8c2ace0ccc2dc2fef3d1b481eebb592a,Prateleira Flutuante para Sala,,moveis_decoracao,59,1492,3,2525,88,4,87
0f96cb6fd0ba832f2d7a21d13b251526,Mouse Sem Fio 2.4GHz,,informatica_acessorios,49,1245,1,2200,18,25,18
5dc33472f14252b3f6085048159c9b96,Raquete de Tênis Júnior,,esporte_lazer,57,486,6,150,22,3,13
6c0d0bb889a282484443de64903f88ac,Kit de Limpeza Multiuso (5pç),,utilidades_domesticas,48,663,1,700,23,23,20
d309288ee9ab5d3d3326efb574f9b555,Creme Dental Branqueador 120g,,beleza_saude,60,161,1,150,25,6,15
b5015f9057f27b5bdefde4ca99368b54,Agro Industria E Comercio - 250g - 18x8x12cm,,agro_industria_e_comercio,45,461,3,250,18,8,12
ab7be0a001c3104b4931ce39ed70857d,Mouse Óptico USB,,informatica_acessorios,42,446,1,800,29,13,20
4d38e93bf8056fbb01a32e72f0257df8,Cama Mesa Banho - 1kg - 43x20x31cm,,cama_mesa_banho,54,309,1,1950,43,20,31
3288d87408bc4a61d7672f10aaa96e8e,Shampoo Anticaspa 500ml,,beleza_saude,60,1097,1,318,18,12,16
7334d00edefdee21be7eefd05f5433f6,Cama Mesa Banho - 800g - 16x10x16cm,,cama_mesa_banho,49,640,1,800,16,10,16
c1aae55ae7c285aa64e3f0ba1966dd44,Kit de Limpeza Multiuso (5pç),,utilidades_domesticas,57,1652,4,825,18,9,12
ffd34459c21034d1da6df9800de0d7a3,Protetor Solar FPS 50,,beleza_saude,33,816,1,150,23,7,17
fdbfd4cec6db6e89f22d9aa2c4839eed,"Sifão de Pia 1.1/2""",,casa_construcao,60,362,2,20050,55,25,55
a270b2f4aad055863b643395b987d151,Bola de Futebol Oficial (Edição Especial),,esporte_lazer,40,245,2,1000,60,15,15
c909912a223f3d98dd5c1eac6e93fecd,Creme Dental Branqueador 90g,,beleza_saude,58,753,1,300,20,10,15
e61f95fe83b531f0d8c152b6ad798eba,Espelho Decorativo Ovalado,,moveis_decoracao,58,461,2,417,47,4,35
cf02395ed36c61d5ce31bdecce9767a3,Raquete de Tênis Profissional,,esporte_lazer,58,1155,6,750,16,11,15
40c36dbe4fd510370d40e09ae7670a26,Fralda Ecológica Tam G (50un),,bebes,47,442,1,250,16,16,16
c477957dd9b5f51032f3631c50630585,Cama Mesa Banho - 1kg - 35x20x25cm,,cama_mesa_banho,29,796,1,1600,35,20,25
b1035b3d307f0aeb6157fdd3e09f8119,Capa para Samsung Galaxy S23,,telefonia,55,395,3,375,18,13,16
e7240b84eb702e0aea8a1a30a47ba204,Fashion Bolsas E Acessorios - 50g - 16x9x11cm,,fashion_bolsas_e_acessorios,40,409,2,50,16,9,11
81a3f1e46ec16acb4800a5002b014438,Perfume Aventus 100ml,,perfumaria,55,696,1,550,16,10,11
ee22145169e4612ac54f2b9282a8047a,Limpa Para-brisas 500ml,,automotivo,55,1911,1,750,16,28,16
c7858457bc43561ccb96aaa2932cb085,Produto - 10kg - 35x65x35cm,,,,,,10750,35,65,35
d558b2cfa18448af883b91439fb908ad,Fone de Ouvido Bluetooth 5.0,,eletronicos,48,1829,1,700,25,16,25
dcde96a5cda735816ac474de581a8a75,Bola de Futebol Oficial (Edição Especial),,esporte_lazer,34,1260,1,450,17,15,14
39342c8e5e512bb1757779a3821a450f,Cama Mesa Banho - 20kg - 45x15x30cm,,cama_mesa_banho,62,392,1,20900,45,15,30
6f8ea11c0086a0d13355abc5ee14cc7d,Balão de Voleibol Praia,,esporte_lazer,38,680,1,241,19,15,16
d2efc686acbf02ce6200ee423516f0d0,Limpa Para-brisas 500ml,,automotivo,56,344,5,100,19,7,16
d01361dc1752562049e33f0456109c7e,Marcador Permanente Preto (5un),,papelaria,52,180,7,3000,25,55,38
16734715511e4a408f9b534c748032f2,Violão Acústico Clássico,,instrumentos_musicais,42,1627,1,800,24,7,15
2504bf725d7aa06820b73b85c5ca6653,Organizador de Gavetas 3 Níveis,,utilidades_domesticas,44,250,2,1500,32,5,28
2284b28ca179d66957a67ef01a5b7d6c,Organizador de Gavetas 3 Níveis,,utilidades_domesticas,54,408,1,1600,34,21,23
460a66fcc404a3d7306d5f50fcb2d18a,Tábua de Picar Bambu (3pç),,utilidades_domesticas,51,720,1,350,16,16,17
94a75895c8f08d597e9a2d9447170fd4,Marcador Permanente Preto (5un),,papelaria,52,831,5,11500,40,40,40
bed8edcc8479914748b6e6173513b3eb,Organizador de Gavetas 3 Níveis,,utilidades_domesticas,45,567,3,3000,52,3,32
7f975a63ae36e04759dccaaf14a1d408,Lixeira Automática 12L,,utilidades_domesticas,37,1270,1,2500,25,12,18
8133993c7a2e443974f9c5509b09b0fd,Fashion Bolsas E Acessorios - 100g - 21x9x14cm,,fashion_bolsas_e_acessorios,51,186,1,100,21,9,14
a9c7217ed9d06840852bafec1dbe2e49,Fashion Bolsas E Acessorios - 300g - 16x2x11cm,,fashion_bolsas_e_acessorios,55,1399,2,300,16,2,11
7ad04045119d9f1c12c3c395ce9a6590,Carregador Veicular Bluetooth FM,,automotivo,36,934,3,17300,51,51,41
3e315c0ee386121f7723905ea2c2f76e,Luminária Pendente Moderna,,moveis_decoracao,60,87,1,1300,40,7,34
71e5d0eb5a5fcc829dc6c1bc1ecac7cf,Balão de Voleibol Praia,,esporte_lazer,36,2886,1,150,16,16,11
0b3c2ee3c7994b5b9ebdddb2372d6f9c,Cama Mesa Banho - 1kg - 45x10x15cm,,cama_mesa_banho,35,179,1,1250,45,10,15
61509eaebb2d4bd1a7511b1a75703f8c,Tábua de Picar Bambu (3pç),,utilidades_domesticas,50,500,1,300,25,2,17
97b1f3f9eeee9126dc8109846aa63ca0,Audio - 200g - 16x8x11cm,,audio,39,283,1,200,16,8,11
2362291929f77eccf5f5cb26029dcf90,Carregador Veicular Bluetooth FM,,automotivo,54,591,1,2400,52,8,52
c49bb7184818a1945f531caf0ab8c27c,Protetor Solar FPS 50,,beleza_saude,56,1979,3,550,16,7,24
0c574708dc913b3fa69635e044892864,Relógio Casual Feminino,,relogios_presentes,45,1926,4,350,16,13,12
e0cd006cb0ccbbf5e501be0df7c1e5f4,Andador Infantil Clássico,,bebes,36,80,1,195,15,11,12
7d1d3de69616eacb023e39204065a068,Estante Organizadora 6 Prateleiras,,moveis_escritorio,60,793,2,20850,100,10,55
635eab616d6a1f8033986a59061d6ede,Marcador Permanente Preto (12un),,papelaria,59,248,4,1800,45,8,30
10d9c039b5dcb3b2a4a4fd507fd187a0,Cama Mesa Banho - 900g - 50x5x50cm,,cama_mesa_banho,52,127,2,900,50,5,50
ef9ae4fb9a9005e8e463cc2616084276,Raquete de Tênis Júnior,,esporte_lazer,48,730,2,9000,44,35,23
db7a58cce179f80f562fb714ceee9319,Fralda Ecológica Tam M (50un),,bebes,51,132,1,1260,36,8,30
3daf6db466fe8366db873ecbb2fd45d6,Cama Mesa Banho - 5kg - 16x50x40cm,,cama_mesa_banho,56,680,1,5350,16,50,40
3522a64b7bad6fe22cc046584a9d3fb0,Kit de Limpeza Multiuso (5pç),,utilidades_domesticas,50,773,2,4383,43,17,37
f8a9ed2d85e69c00f817d88ee3de7333,Balão de Voleibol Praia,,esporte_lazer,36,264,2,2850,28,28,20
d3060c543b1b88a647cc284ed7a9dd4a,Coleira Antipulgas 8 Meses,,pet_shop,38,817,4,6200,69,10,49
0060b415594c5e1200324ef1a18493c4,Bola de Futebol Oficial,,esporte_lazer,59,3029,1,1200,20,20,20
2028bf1b01cafb2d2b1901fca4083222,Ámbar Noche Eau de Parfum,,perfumaria,54,1536,2,250,20,8,21
177ccb9eb4263c7f82f6c3b98980d26d,Sinalizacao E Seguranca - 575g - 19x16x18cm,,sinalizacao_e_seguranca,48,636,2,575,19,16,18
132166cc21f572ad76741f4487b49b49,Carregador Rápido USB-C 20W,,telefonia,54,699,3,250,21,12,21
26f7a99db23ac54731f6db28f99c5fc2,Colônia Nativa 200ml,,perfumaria,48,1037,5,250,26,12,18
5f0bdec2fb222061ed8fe52586a5957d,Capa para Samsung Galaxy S23,,telefonia,42,660,1,113,18,4,11
43840498716c5a01802df8992c619267,Espelho Decorativo Ovalado,,moveis_decoracao,49,718,1,200,16,16,16
d07cd460b9d3556ab8b59d0ab7163a0c,Relógio Casual Masculino,,relogios_presentes,59,192,4,200,16,2,11
7518c51f502ca391864ea9b073e634d6,Creme Dental Branqueador 90g,,beleza_saude,51,569,1,200,16,7,15
0cd1e5169a1ba33d42fc9f76345a4504,Teclado Musical 61 Teclas,,instrumentos_musicais,33,1415,4,700,17,8,12
da7813106f94601e6022f50017299e2f,Pendrive 32GB USB 3.0,,informatica_acessorios,49,567,1,1350,23,9,23
30364952b2a2bd659cfdda1b5112358c,Cama Mesa Banho - 2kg - 55x25x35cm,,cama_mesa_banho,49,206,1,2700,55,25,35
8b2a1e0d2ee4fa00cd00519b7881203a,Aromatizante Automotivo Baunilha,,automotivo,49,283,3,17400,50,40,40
3918bb60ff48662029ca9f1e1f7b9842,Fashion Bolsas E Acessorios - 550g - 43x16x27cm,,fashion_bolsas_e_acessorios,59,352,3,550,43,16,27
a07713fa6def350398642fcb700db2f9,Bota Social Masculina 41,,fashion_calcados,52,408,5,1400,22,12,33
58b566d4cc7237145b29b21e9699e15c,Necessaire Viagem 5 Compartimentos,,malas_acessorios,52,246,1,800,33,10,45
5929e483b6df44414c047cac38873fe6,Raquete de Tênis Júnior,,esporte_lazer,22,300,2,650,60,10,20
56303e28cce31802381aea252883b8b8,Relógio Esportivo com GPS,,relogios_presentes,49,569,1,200,20,7,15
c155c424ae428e87e3060b8cf9453d72,Colônia Nativa 200ml,,perfumaria,37,548,1,500,16,2,11
b92268ad64d3947c80fddbc3a82de845,Tábua de Picar Bambu (3pç),,utilidades_domesticas,55,134,1,8850,39,12,78
0ec63d4c614fff936b02b10d242bf955,Prateleira Flutuante para Livros,,moveis_decoracao,59,457,3,1350,45,15,35
e7d5464b94c9a5963f7c686fc80145ad,Relógio Esportivo com GPS,,relogios_presentes,42,938,5,275,16,14,14
33b67c1594a903b27b5163c0efb15a5d,Fashion Bolsas E Acessorios - 200g - 16x5x11cm,,fashion_bolsas_e_acessorios,63,627,4,200,16,5,11
50fffe898281813ffdfa38591b0f1927,Perfume Aventus 100ml,,perfumaria,40,152,1,400,21,11,17
9cd17b1cc8db0de6b175f213e9054c01,Jogo de Blocos 200pç,,brinquedos,50,903,5,2416,32,28,23
5554c5718f820a868853dbc5ca859b3b,Raquete de Tênis Júnior,,esporte_lazer,40,595,1,3100,19,19,11
441b44bcdcc4969bd3a9d67bbeed44f2,Industria Comercio E Negocios - 6kg - 45x12x44cm,,industria_comercio_e_negocios,47,1943,2,6000,45,12,44
624846a50026c57927e1156335b120f6,Balão de Voleibol Praia,,esporte_lazer,28,1050,7,350,50,20,22
97c57b8428f6b7a7597248a02938681d,Cadeira Presidente Ergonômica,,moveis_escritorio,51,2250,1,11400,58,21,57
0d27851a74a2b7abf8e6daa991d005f8,Creme Dental Branqueador 90g,,beleza_saude,54,384,5,350,25,15,15
8b51c6ccc9c0548c951214e1cd1547ff,Cama Mesa Banho - 1kg - 28x14x16cm,,cama_mesa_banho,58,678,1,1000,28,14,16
c71cb8cbef2337bd69b95a02e4e682d4,Marcador Permanente Preto (5un),,papelaria,58,392,3,2100,16,9,11
3ed43e8f95f9801cd8099b6f73e07335,Fashion Bolsas E Acessorios - 200g - 18x9x11cm,,fashion_bolsas_e_acessorios,27,209,4,200,18,9,11
3225c54bb2785c33f49f50398fcdb88c,Relógio Esportivo Resistente à Água,,relogios_presentes,47,547,1,269,17,11,13
1a6bdef0156314f8f852fe58564a31cb,Prateleira Flutuante para Sala,,moveis_decoracao,31,1330,1,100,40,2,30
4ebb5f04dcd97206fb7b41b340c86e23,Bola de Futebol Oficial,,esporte_lazer,47,304,1,500,35,10,20
d8187d92ba7b6cef0ed22c1e80bb729e,Artigos De Festas - 1kg - 34x11x34cm,,artigos_de_festas,53,317,1,1150,34,11,34
e37d07fe13615c6846d4b3911415d963,Fralda Ecológica Tam G (50un),,bebes,45,811,5,600,32,11,32
b0adc96f418350c23fa6ce8a1d0aa328,Creme Dental Branqueador 90g,,beleza_saude,49,221,1,613,20,7,11
941fede5c398c3c84cac6e6c832c2b11,Organizador de Gavetas 3 Níveis,,utilidades_domesticas,52,230,3,3000,25,16,25
9695ef7fc6824ad30eb18ab61ecf906a,Bola de Futebol Oficial,,esporte_lazer,50,706,1,7350,70,24,29
8d7d29e5fb9ff5333009326c87fc04e9,Cadeira Giratória para Escritório,,moveis_escritorio,56,1070,1,7433,57,68,31
496b2ebd2cc9b8b262c9705b1f3589ea,Relógio Casual Masculino,,relogios_presentes,43,381,4,350,20,20,20
94d1135483ece2c7493dd8f6b4ad7454,Telha de Fibrocimento 2.44m,,casa_construcao,55,1626,3,15000,60,50,50
20bcfbb4c385ac8feaab2bff523a5694,Trem Elétrico com Trilhos,,brinquedos,48,480,2,400,22,5,22
237711663569a9692ca68a102f51ab59,Fralda Ecológica Tam G (50un),,bebes,22,334,1,300,21,21,21
79eeb2d2e2c707454215fe450a5602b5,Relógio Casual Masculino,,relogios_presentes,55,207,1,200,16,10,11
40df4be4429553e18755913ac3cfeac5,Bateria Eletrônica Compacta,,instrumentos_musicais,44,546,3,1450,32,14,27
8828464e34fc3da3892f568218e14d61,Protetor Solar FPS 50,,beleza_saude,60,3244,1,3575,21,18,22
3713f19c71c4be21ced80738e2fa49bc,Gaveteiro 3 Gavetas,,moveis_escritorio,45,1094,1,8200,53,74,18
8e476588d51b7bcc56ee5d14bcf25f26,Trem Elétrico com Luzes e Som,,brinquedos,19,487,1,1300,25,9,40
67f9d01bcd84e2229ba6f8a75b635b40,Prateleira Flutuante para Livros,,moveis_decoracao,58,372,1,300,37,15,27
a90ef57c59c6996ab4d11165dda4ee6e,Shampoo Anticaspa 500ml,,beleza_saude,58,1233,1,300,20,20,30
f73be23829e192092569d5dda349f807,Raquete de Tênis Profissional,,esporte_lazer,48,789,1,2625,34,25,18
fb0a00a46641c9bc4fb44ce7f230de57,Perfume Aventus 50ml,,perfumaria,43,173,1,400,30,16,22
263a74f89c1404aeb0aa4f17bdf0e18e,Pacote de Canetas Esferográficas (10un),,papelaria,60,440,7,350,21,7,15
3ffa02e2ee2ce17abb51b4545f367e7f,Boneca Articulada 30cm,,brinquedos,25,242,4,200,16,8,11
808a67fcfceaae1ecb87b9e85260e593,Aromatizante Automotivo Lavanda,,automotivo,37,874,1,2875,60,21,25
d0f60ef2a4823f57f00f1bd5cb463148,Raquete de Tênis Júnior,,esporte_lazer,36,134,3,300,16,16,16
4613efcec95c18902f5e8b117df56188,Cama Mesa Banho - 666g - 36x5x27cm,,cama_mesa_banho,52,175,1,666,36,5,27
bd3024f7222c241a5e112251621397cb,Bola de Futebol Oficial,,esporte_lazer,28,247,3,150,22,6,15
25a600be07bdb3ee433243ba392924ea,Luminária Pendente Vintage,,moveis_decoracao,51,900,2,350,68,8,13
a0265e3673ba47db572b54978126f6ae,Cadeira Giratória para Escritório,,moveis_escritorio,50,344,1,15000,50,90,50
707f450cad7285fab5ad90bc3e7edb0c,Tábua de Picar Bambu (3pç),,utilidades_domesticas,59,604,1,1350,20,26,20
c43e56cd1eb509cca120446a61579ec0,Lixeira Automática 5L,,utilidades_domesticas,60,413,1,1800,30,30,30
f38c674135b439b1d2deb1d68da9f4e6,Carregador Veicular Bluetooth FM,,automotivo,57,1412,9,600,20,10,15
d8de812ed5d981fc6a3984f4caa2aa05,Balão de Voleibol Praia,,esporte_lazer,44,1854,6,525,29,16,20
8919fe2519b9ec1fb828896ac4f52959,Perfume Aventus 100ml,,perfumaria,21,50,1,400,16,16,11
b0633125352f6e66818a7ca9afae94ea,Luminária Pendente Vintage,,moveis_decoracao,16,113,1,550,24,26,24
a9a7d44cbdf7c47c958a585d66a0c3e1,Relógio Esportivo Resistente à Água,,relogios_presentes,36,622,2,146,17,12,14
41d506be95a4196a805249d2a21d5a1d,Mouse Sem Fio 2.4GHz,,informatica_acessorios,36,347,1,837,37,14,14
9393358ebcb4f182f4e42d0c3b863cea,Andador Infantil Musical,,bebes,54,438,3,11400,65,15,70
5e2ac503775a811be6aeeb9f87830e92,Cama Mesa Banho - 1kg - 19x17x22cm,,cama_mesa_banho,60,680,1,1250,19,17,22
ee7ddd73a334c7e3d03131492419d68c,Tapete Higiênico Cachorro 40x50cm,,pet_shop,57,695,3,3650,36,16,26
c3ae2001a36724730fbc90605b9278e2,Capa para iPhone 13,,telefonia,55,1311,2,50,18,6,11
c1bc9defa33e2379fa66e43dd1875480,Prateleira Flutuante para Sala,,moveis_decoracao,49,170,2,6000,60,30,35
84b07ca699022a5dde105eddb4aac42c,Protetor Solar FPS 50,,beleza_saude,35,1830,1,3400,21,25,20
0f789be671fe3bd93cabfbb4a710f282,Cama Mesa Banho - 450g - 20x10x12cm,,cama_mesa_banho,47,325,5,450,20,10,12
91a3881d2f8b6a993db6ba07284637f5,Bola de Futebol Oficial,,esporte_lazer,39,1195,1,600,16,16,16
b40fe421bacf70aea142a25d3ac7737b,Chave de Fenda 6x100mm,,construcao_ferramentas_construcao,54,294,6,1150,25,25,25
288355bec90ef746899dca8aba646bae,Boneca Articulada 30cm,,brinquedos,44,1157,1,1053,31,10,31
a131898c2e4bf38b5d4c0b27da5066f5,Cama Mesa Banho - 500g - 16x10x16cm,,cama_mesa_banho,55,224,1,500,16,10,16
40a4dfa74a737d541b3c2413edf9cdf6,Lixeira Automática 12L,,utilidades_domesticas,27,840,1,1000,22,10,18
f1bc55c22d7212dbec2c6d63e38f577e,Ração Seca Cães Adultos 15kg,,pet_shop,52,484,1,450,20,20,17
e9cbc0910ab050cbd92fbeb051c270ea,Produto - 600g - 32x15x28cm,,,,,,600,32,15,28
fa54ba82589db68838ebe0225c34f30a,Webcam Full HD 1080p,,eletronicos,34,212,1,16283,19,14,15
91aafdd30514579d1568b6f5ae9f4d46,Jogo de Blocos 200pç,,brinquedos,57,175,1,300,16,17,11
9c7a34846a13f5d0a066eb6af9ecbd87,Shampoo Anticaspa 300ml,,beleza_saude,34,585,3,900,23,5,15
a26401cdab37b65e545c1d3c6cf78829,Trem Elétrico com Luzes e Som,,brinquedos,47,458,6,200,20,9,12
d8c0c707d3724304033f593878cbf1e6,Perfume Aventus 50ml,,perfumaria,32,140,1,200,22,10,19
9800689d93f54df6dc7df4ebd0aade31,Fralda Ecológica Tam G (50un),,bebes,58,527,1,650,36,31,19
ac0878b52e5945bdee454c4115c40f41,Andador Infantil Clássico,,bebes,36,767,1,2550,56,61,28
c32884d4d3342f6417b68f1f46387a14,Bola de Futebol Oficial,,esporte_lazer,47,396,1,600,16,15,15
a35a59bff183b90417bbc511e1d82115,Caderno Universitário 200fls,,papelaria,36,293,3,500,16,11,11
989fd236458b9c0410bc6e1cf23cde4d,Caneta 3D Iniciante,,cool_stuff,36,777,4,1700,25,26,83
1f792af77962621fcc80d95c2897bb19,Cama Mesa Banho - 250g - 22x5x16cm,,cama_mesa_banho,40,590,1,250,22,5,16
38fe0e2fa28ed26b9d47b0cd5d15bf78,Caixa de Som Portátil 10W,,eletronicos,54,703,1,400,16,16,11
7bc54db14f2630ffad57c1a57fd16e97,Cama Mesa Banho - 250g - 25x10x20cm,,cama_mesa_banho,48,320,1,250,25,10,20
b8c89bc5fa5dc01a5d0e9d7ff0c6ecdb,Cama Mesa Banho - 700g - 50x16x16cm,,cama_mesa_banho,55,444,2,700,50,16,16
64436613065a92eedd50d29d4ec0cd43,Arranhador para Gatos 60cm,,pet_shop,53,1069,2,6700,50,20,40
01c9a70868bec5b748c67fcc26ce5895,Trem Elétrico com Trilhos,,brinquedos,39,601,2,750,30,17,30
bb812a3e630d1d023c592cbc7b3bd7fa,Prateleira Flutuante para Sala,,moveis_decoracao,58,1972,2,3000,69,11,11
0502d1a36be75bd36b452f31c6ed264a,Produto - 100g - 16x7x11cm,,,,,,100,16,7,11
bebbcfea18211f83db416d354127179c,Tábua de Picar Bambu (3pç),,utilidades_domesticas,53,1254,1,1450,31,25,27
1b34de23397f9ce6cd0f7afa27b60eac,Protetor Solar FPS 50,,beleza_saude,33,3664,1,430,22,17,21
7c1bd920dbdf22470b68bde975dd3ccf,Protetor Solar FPS 50,,beleza_saude,59,492,2,200,22,10,18
7cefa61c9500d9b227894dc48d8b5a0b,Lixeira Automática 5L,,utilidades_domesticas,54,544,1,300,25,10,36
0fa49c14fe89e1b01414391d78f7c1a8,Pulverizador de Jardim 2L,,ferramentas_jardim,48,595,4,200,30,10,20
bec00ee6877f9d594709ce242ee4d0ec,Martelo de Aço 800g,,construcao_ferramentas_construcao,59,2224,1,200,16,10,11
c89bd65c6473672b9808b1d1d4df79f9,Relógio Casual Feminino,,relogios_presentes,42,657,1,400,23,15,19
9373355c0da0bbda1d469b3504731ccb,Shampoo Anticaspa 300ml,,beleza_saude,15,552,1,50,20,20,16
9d1b18c0f7c3a2519bac1d098f945278,Bateria Eletrônica Compacta,,instrumentos_musicais,53,1852,5,1200,28,11,26
8974fd022d2eca68246a2f754bd7de23,Carregador Rápido USB-C 30W,,telefonia,26,345,1,200,27,5,20
1067af1d38844dcfaa3471839f922c27,Trem Elétrico com Luzes e Som,,brinquedos,33,254,5,9080,57,24,45
913dfc85a7c4fd983be2290f7436bedc,Película de Vidro Temperado Universal,,telefonia,55,568,1,225,20,5,13
db05ec86bc6eba7fe32b9c739d31b10d,Casa Conforto - 10kg - 45x30x45cm,,casa_conforto,46,406,1,10150,45,30,45
364c1b9489e407ae88e1d12e89514428,Livros Tecnicos - 1kg - 17x7x23cm,,livros_tecnicos,58,2533,1,1900,17,7,23
09e68b02ea2a0a677c692faac3735c9d,Bola de Futebol Oficial,,esporte_lazer,30,626,5,227,26,15,19
20856303113ea417297aa919436cf183,Kit de Poda (Tesoura + Serrote),,ferramentas_jardim,50,591,3,1450,20,20,20
bb09b0b5f3668effd704b1b2a83cae9b,Relógio Esportivo Resistente à Água,,relogios_presentes,57,616,4,400,16,2,11
5357939c29929b47a0e3923da9155fbd,Liquidificador 600W,,eletrodomesticos,57,144,1,400,27,13,17
a1efe4a86746c22541813e22e1d23e33,Cama Mesa Banho - 1kg - 34x9x33cm,,cama_mesa_banho,52,289,1,1950,34,9,33
cfef9c856c09723e61b5eeaed5aa2d55,Creme Dental Branqueador 90g,,beleza_saude,57,2556,1,300,16,6,11
7176644f1859de00c3d63b38ba606aee,Luminária Pendente Moderna,,moveis_decoracao,44,729,1,900,35,10,35
3c5ff6cfedc787b5fcef300fc43100c0,Aromatizante Automotivo Lavanda,,automotivo,53,2118,1,300,24,18,18
39e96bf755a2107369e9e9654476d831,Prateleira Flutuante para Livros,,moveis_decoracao,57,470,1,2200,50,20,40
951b0c4b9f14bd5f821ceffb3cd6bdeb,Creme Dental Branqueador 120g,,beleza_saude,34,267,1,606,19,12,16
4db04f1ae830079ac83e0fc9c63216a3,Relógio Casual Feminino,,relogios_presentes,41,681,1,167,21,13,16
66b1f09e746c05761bcaccf6339bde8d,Webcam Full HD 1080p,,eletronicos,36,816,1,3050,40,8,40
a1ac36693a5e8d933e05f9df9180c9af,Colônia Nativa 200ml,,perfumaria,51,534,1,1000,22,9,15
8f182b62914de7e1eac12f09b125e9a6,Cimento Portland 50kg,,casa_construcao,59,664,1,8700,30,35,30
53a0380bace091a275d6f6a7e46c07b6,Andador Infantil Musical,,bebes,46,251,1,213,17,8,12
ffa255211c5d16ec8ebadcb5729c96ce,Webcam Full HD 1080p,,eletronicos,46,223,1,100,23,8,12
4b2772e2e34787603725226af352e466,Protetor Solar FPS 50,,beleza_saude,30,150,1,200,16,9,14
1d7997c2448b27bd70c631b37acd27c2,Balão de Voleibol Praia,,esporte_lazer,54,1552,1,400,28,19,19
a8626e1c9d4273aa4bb5065747148d30,Chave de Fenda 6x100mm,,construcao_ferramentas_construcao,54,123,7,9500,44,15,33
3a135477bf41350a0b1d8afdf616d446,Jogo de Blocos 200pç,,brinquedos,56,928,3,600,52,9,19
bed95d69e90e758da84f50f57dc0e31b,Arranhador para Gatos 60cm,,pet_shop,50,1983,3,3000,105,16,16
739e8ddbbd7a0d61e33949614a14d8cb,Cama Mesa Banho - 1kg - 55x15x45cm,,cama_mesa_banho,44,473,1,1150,55,15,45
642e125cbc752b4eeb8faf442319c39f,Carregador Veicular Bluetooth FM,,automotivo,59,228,1,500,35,15,35
b2e9a7118faa5cc45d5bbaef6c53c40f,Carregador Veicular Bluetooth FM,,automotivo,55,551,1,100,23,5,23
e12b3c9c9c2dd369393d99e021901220,Carregador Portátil 10000mAh,,eletronicos,47,576,1,403,19,8,12
d66efed659bfd2df454da7f4c4dac4dd,Kit de Poda (Tesoura + Serrote),,ferramentas_jardim,50,1082,6,860,31,15,14
cdc9d87e17ccf98f35634e6c3b77073e,Raquete de Tênis Júnior,,esporte_lazer,57,1236,1,4250,20,20,20
c4c508eec81b6f7eb8153419004c6450,Necessaire Viagem 3 Compartimentos,,malas_acessorios,59,472,4,20850,50,50,50
ac81bacb0ef8c88048ad83765dfeefc1,Aquecedor Elétrico 400W,,climatizacao,56,1351,5,4500,55,16,26
bc0cf6f75f7db177ba3d47677f5e467f,Produto - 200g - 16x2x11cm,,,,,,200,16,2,11
e5eadf9be70a4a9fa514019542fc330a,Sanduicheira Elétrica Grill,,eletrodomesticos,48,543,2,1200,35,20,30
ebe731afbcf530cfaa1e5260be512e9b,Balão de Voleibol Praia,,esporte_lazer,45,941,1,1300,100,8,15
f9cba524b5d78761e38224422cc54272,Balão de Voleibol Praia,,esporte_lazer,51,1498,1,1500,20,17,17
8f5bd114ef009fccfa3fd221b6bf7465,Relógio Casual Masculino,,relogios_presentes,28,890,1,409,16,11,12
7fa79f73326e6b9b13b79f60a435d4a5,Raquete de Tênis Júnior,,esporte_lazer,45,570,2,725,19,14,15
9e261f5543c32312afa68843fabcc119,Brinquedo Mordedor para Cães,,pet_shop,33,964,1,4600,46,27,28
1468ae815f666819cd3fa15be0cc035a,Fone de Ouvido Bluetooth 5.0,,eletronicos,58,870,1,575,26,26,26
503a2b62d0d1faa8d1950c483231aeaa,Ventilador de Mesa 40cm,,climatizacao,39,132,1,375,24,12,17
2ccb88cb2c4943230baf9a184b76b76d,Protetor Solar FPS 50,,beleza_saude,29,817,1,550,20,14,14
e14717f9b1abbf7601efb99f26194d0f,Luminária Pendente Moderna,,moveis_decoracao,58,1103,1,1200,30,30,30
de2ac390da8e5e9cc2c6bc88d5c5357f,Relógio Casual Feminino,,relogios_presentes,41,438,1,400,20,14,16
8aeef27d525d6bfa3b48e599a6c15ffd,Fashion Esporte - 500g - 26x10x22cm,,fashion_esporte,51,567,1,500,26,10,22
8d29be6478bbde713745b8f567edc734,Raquete de Tênis Profissional,,esporte_lazer,33,556,1,600,23,11,20
a85e15cc715d8d8ce1d520208aa1304c,Bola de Futebol Oficial,,esporte_lazer,53,479,1,900,16,8,13
13c270dd3d811877114b2a225436a79a,Luminária Pendente Moderna,,moveis_decoracao,59,1972,4,300,69,11,11
5492f900418b499c9ea1479ebde6e1de,Bola de Futebol Oficial,,esporte_lazer,44,85,1,300,26,3,15
9c04b0496b6216fd87416d7fb07b4330,Raquete de Tênis Júnior,,esporte_lazer,52,671,1,600,20,13,13
a916a0b56448758409cb1147fa3d1f8b,Necessaire Viagem 5 Compartimentos,,malas_acessorios,49,905,6,575,44,8,33
cfe9e8e1f0400c8cc665d41722f34086,Luminária Pendente Moderna,,moveis_decoracao,44,696,4,1500,35,40,35
07675856c4bfe13a38ddb23da5c3b176,Relógio Casual Masculino,,relogios_presentes,34,513,3,500,38,12,38
4c8dfecc09a4b15b7c71b219278d9026,Caderno Universitário 200fls,,papelaria,64,582,1,700,19,44,31
c64c9d2312789dce6e9c70ebd1f20dfa,Caderno Universitário 200fls,,papelaria,39,112,1,250,20,20,20
5003ff32113b7b59ff731227f2681fbc,Cortador de Grama Manual,,ferramentas_jardim,47,304,5,1000,40,3,15
fe117e311878a71023889b7bb6a8f2c2,Prateleira Flutuante para Sala,,moveis_decoracao,35,393,5,300,16,6,20
eefc25bf3b54c979499864b77267ee2f,Caneta 3D Iniciante,,cool_stuff,52,1049,1,2300,42,25,15
63085bb4366ded27bcb63cbb59b4103a,Andador Infantil Musical,,bebes,53,872,2,13100,38,47,44
d6783a6e939059f756562de164efc447,Prateleira Flutuante para Livros,,moveis_decoracao,43,442,2,300,20,11,16
7c1001239dfe84755f6c35910436abd1,Limpa Para-brisas 500ml,,automotivo,58,1125,6,100,16,5,11
c077c1ab5ccc8f57fd2fb6fd2f0b03cf,Lixeira Automática 12L,,utilidades_domesticas,53,786,4,725,29,15,23
ee87cb643157a8d2ac8298461517533b,Moveis Cozinha Area De Servico Jantar E Jardim - 3kg - 85x8x26cm,,moveis_cozinha_area_de_servico_jantar_e_jardim,30,580,4,3400,85,8,26
ebe595e1317f86ea08bd4fbe8f92bc1b,Luminária Pendente Vintage,,moveis_decoracao,46,709,2,1300,50,30,30
3f99d6b2a7b33ab37d6efc8ad7e45e4a,Bola de Futebol Oficial,,esporte_lazer,56,615,1,10800,28,8,11
2a217b8a9a09c938d8db704d99d7f053,Jogo de Blocos 200pç,,brinquedos,54,77,2,3150,39,30,29
e4ca96fc59c4c8b33c732c377b5c773f,Shampoo Anticaspa 500ml,,beleza_saude,57,2576,1,1233,21,22,16
8345f12ea3fe16a74912415280296b3d,Moveis Quarto - 16kg - 65x35x35cm,,moveis_quarto,42,750,2,16300,65,35,35
2760b32bd7165bc5a03f2f0b53caa2d5,Massa Corrida PVA 25kg,,casa_construcao,56,773,3,1100,25,20,25
249360ba4e41990fed4dd4398fd1893a,Andador Infantil Musical,,bebes,53,1286,4,200,16,6,11
94a6c010ef78e62cab34c6caf0a69b5f,Mouse Gamer 16000 DPI,,consoles_games,51,113,1,100,20,3,15
9b2b4b4fb7f956d73db1052f952e14f8,Jogo de Blocos 100pç,,brinquedos,57,538,5,6050,81,8,56
35b265fd684b08f6f780239bf05a390b,Prateleira Flutuante para Livros,,moveis_decoracao,56,1042,6,1170,22,12,20
a06766fec51c96d4d0bce282906735eb,Cama Mesa Banho - 650g - 16x10x16cm,,cama_mesa_banho,55,626,2,650,16,10,16
8264f2dcca3aa83cb217d7f09e9c8cf8,Relógio Casual Masculino,,relogios_presentes,51,624,5,200,16,2,20
8229dca25207625966da8cffda27446c,Produto - 700g - 24x4x15cm,,,,,,700,24,4,15
a6b9a1c0a432a6c03bde26488dd46845,Balão de Voleibol Praia,,esporte_lazer,55,791,1,5750,33,15,18
0a7a5763f6ee3b862ca27208f8fbbdb7,Produto - 1kg - 20x15x20cm,,,,,,1000,20,15,20
86beb8b7298c47a334e6deb8545b2f06,Alimentos Bebidas - 350g - 16x2x12cm,,alimentos_bebidas,29,205,1,350,16,2,12
a5d722d3c7a01c224625d0881e630503,Mouse Sem Fio 2.4GHz,,informatica_acessorios,57,905,4,500,16,6,48
ae708dce075c96f220a0ad5adb2dc984,Fone de Ouvido Bluetooth 5.0,,eletronicos,51,1461,4,1117,19,14,19
38fbe42a76e0c841c9445467b7e5ab30,Cama Mesa Banho - 550g - 16x10x11cm,,cama_mesa_banho,45,734,5,550,16,10,11
5295e2ed3de019d54ea93507c27b3ded,Mouse Óptico USB,,informatica_acessorios,50,688,2,200,39,9,20
d966205671b5b10dd91ce7a8abde38af,Mouse Gamer 16000 DPI,,consoles_games,57,300,1,300,16,2,12
33b0f8037510c23d243bb510d7d6e07d,Cama Mesa Banho - 1kg - 20x16x20cm,,cama_mesa_banho,50,804,1,1200,20,16,20
3b17509fe0ed9bc707f338cdeed4fb45,Raquete de Tênis Profissional,,esporte_lazer,57,744,2,1100,47,10,15
541f87698fb1b63df63ba4989dcc25ce,Organizador de Gavetas 3 Níveis,,utilidades_domesticas,60,338,2,3100,18,18,18
f8912361eece17527c97b26793def92a,Lixeira Automática 12L,,utilidades_domesticas,55,429,1,2000,38,25,32
dc84e20150e6742b653dfdd592c4bd42,Raquete de Tênis Profissional,,esporte_lazer,56,279,1,175,18,9,16
a11b842166a17bc29bcdcb3cb45a50e3,Shampoo Anticaspa 500ml,,beleza_saude,45,806,1,19600,40,35,46
70fb1a4e096e46196c07bcb13f615a44,Limpa Para-brisas 500ml,,automotivo,58,784,3,5300,42,12,27
81a715d81e8758ea2cc757359c2272a4,Cama Mesa Banho - 1kg - 38x13x31cm,,cama_mesa_banho,54,265,1,1420,38,13,31
08edd1ffee7a3c812f5de54409d678fd,Raquete de Tênis Profissional,,esporte_lazer,47,277,1,9000,50,30,20
cb7c5ecc59b4812139816ae4fca6fc5c,Creme Dental Branqueador 90g,,beleza_saude,37,377,1,5400,38,18,22
759f2746cbd8fc01367864eccec63d46,Raquete de Tênis Profissional,,esporte_lazer,31,3889,1,300,20,10,15
167a7aad1e1e0717b9b5ab7d6c724ad5,Cama Mesa Banho - 850g - 25x5x25cm,,cama_mesa_banho,55,844,1,850,25,5,25
08ddfb809affc027d1aec6d639969dbc,Capa para Samsung Galaxy S23,,telefonia,60,2151,2,167,18,5,11
ff7fccf8513f360157f0660fe51d1d88,Bola de Futebol Oficial (Edição Especial),,esporte_lazer,59,1313,2,1500,80,14,16
02d48451331287e2bf12560d032d57a6,Webcam Full HD 1080p,,eletronicos,55,981,1,150,18,5,24
e33df02e384487f2bcd3788619f89215,Lixeira Automática 5L,,utilidades_domesticas,48,274,1,350,20,30,30
127a2524a6031c086994214acb167abb,Cama Mesa Banho - 900g - 37x23x35cm,,cama_mesa_banho,52,298,2,900,37,23,35
c0ac2a543ff5a5c714f9a013becd4b07,Película de Vidro Temperado Universal,,telefonia,60,818,6,350,17,4,12
6c81db10f914c4d032b14fa93aa0a818,Fashion Bolsas E Acessorios - 150g - 16x16x16cm,,fashion_bolsas_e_acessorios,56,198,4,150,16,16,16
2f8074adf7fe41641ddf0df320e6a7bb,Bola de Futebol Oficial,,esporte_lazer,31,1055,1,1050,25,20,20
a082e9e8862e9af2f5a67c2dd1594010,Raquete de Tênis Júnior,,esporte_lazer,54,1411,1,9200,48,26,29
283fdfa75f7a2ae01b4dec87edd065eb,Relógio Casual Masculino,,relogios_presentes,33,1128,2,250,19,14,16
c64fe38b4cd06cf7160d9505aa87b8c4,Luminária Pendente Moderna,,moveis_decoracao,54,691,1,1200,34,8,22
fb8e60e1a3c247d3a2e17f6986e71a40,Espelho Decorativo Ovalado,,moveis_decoracao,58,858,1,3250,31,43,21
364db9e9154fdb4355992287afa4f774,Cadeira Presidente Ergonômica,,moveis_escritorio,43,1394,1,13550,58,55,24
caa5c299fe513376ba573cfd401822c8,Carregador Rápido USB-C 30W,,telefonia,47,530,1,200,20,20,20
6d279e8024e26a17c156a724bbfc1e8d,Cama Mesa Banho - 950g - 37x23x35cm,,cama_mesa_banho,51,301,2,950,37,23,35
c59dfb699331407c6b2ab0c81b723a57,Cortador de Grama Manual,,ferramentas_jardim,55,681,4,2150,26,13,16
efef7693f29ade58f93ae5af15e7fa18,Relógio Esportivo com GPS,,relogios_presentes,58,612,3,400,19,10,15
661a91a30ea8c794b9f0b1797d8832c0,Creme Dental Branqueador 120g,,beleza_saude,40,1146,2,900,20,15,20
40609ed7bf566f65da3424c1f2d1949a,Creme Dental Branqueador 90g,,beleza_saude,48,832,1,350,20,15,15
28a165dbe64110f22085544d7129480c,Carregador Veicular Bluetooth FM,,automotivo,57,829,4,17950,60,60,37
94dda8dfb4b1536bf54afadab8759430,Caderno Universitário 200fls,,papelaria,44,721,3,1450,100,20,11
47531d889b34bc318d8594a7d53fcdb6,Lixeira Automática 5L,,utilidades_domesticas,56,644,3,650,24,5,18
b047c3de5919c05d6aa9e3ba5494b993,Relógio Casual Masculino,,relogios_presentes,42,712,1,350,16,12,11
c589625c8ccc7bfd2e8f1fb041e24c4a,Creme Dental Branqueador 120g,,beleza_saude,60,919,1,150,22,3,15
119618b5b8b80a24cd99506dd5424864,Shampoo Anticaspa 500ml,,beleza_saude,53,137,3,200,19,11,23
6609d9a71a607da16750629d52615b9e,Moveis Cozinha Area De Servico Jantar E Jardim - 1kg - 20x16x30cm,,moveis_cozinha_area_de_servico_jantar_e_jardim,46,964,5,1100,20,16,30
dddb4a3fd16bdf4c09003466f7e910cd,Carregador Portátil 10000mAh,,eletronicos,52,1653,4,3000,46,6,19
29e3ff0225dcccc5bce7606bdb6362ca,Pendrive 32GB USB 3.0,,informatica_acessorios,46,2329,1,250,16,3,11
b702f87f77d8feeade7ecf7598730aea,Ventilador de Coluna 45cm,,climatizacao,54,445,1,150,20,8,13
d1ca3c14afb720b5b5c29b3853ea91d6,Controle com Fio para Xbox Series X,,consoles_games,43,400,2,346,18,8,15
dfd2ea8377fb2838a47488c5b37558f1,Prateleira Flutuante para Livros,,moveis_decoracao,54,619,3,3100,36,14,26
3b82e71cc658bc6deadebef95075ac55,Fralda Ecológica Tam G (50un),,bebes,48,395,1,350,25,5,17
b65b2a89b987d90577d40783232a49c2,Aromatizante Automotivo Lavanda,,automotivo,57,305,6,100,30,5,20
1a42ea14c75ffc04ad584513567457dc,Espelho Decorativo Ovalado,,moveis_decoracao,58,1117,1,6050,36,23,14
7198684d5c66560fe6d2061944263991,Perfume Aventus 100ml,,perfumaria,55,983,1,195,16,11,14
12d4987d54a76e89154609f0314b0f2f,Luminária Pendente Vintage,,moveis_decoracao,63,627,2,1500,38,7,28
9aa9caee155847cddb376a05b9a39791,Capa para Samsung Galaxy S23,,telefonia,60,777,6,300,17,4,12
dc66bd48cefb7c7c6ad6684a305b6bf7,Cama Mesa Banho - 13kg - 55x40x40cm,,cama_mesa_banho,60,340,1,13050,55,40,40
1c9b5793de6c3d9117b6218552c87a8f,Colônia Nativa 200ml,,perfumaria,54,956,1,50,16,5,11
546c7560260f60e3e086d0d106ced4e5,Sinalizacao E Seguranca - 975g - 30x16x17cm,,sinalizacao_e_seguranca,36,426,5,975,30,16,17
01a52711e989a817ab8100ddcf8d2940,Shampoo Anticaspa 500ml,,beleza_saude,46,2771,5,1500,16,35,11
0cd64dc65679876c896236bea326589b,Cama Mesa Banho - 2kg - 37x23x35cm,,cama_mesa_banho,51,242,1,2100,37,23,35
aaa80d9e907a758e151586557e332acb,Kit de Limpeza Multiuso (5pç),,utilidades_domesticas,40,617,7,650,16,16,16
060f71666a632ac169814c0f1d715571,Cine Foto - 150g - 16x8x11cm,,cine_foto,60,2069,1,150,16,8,11
bd3a02d6af913ac8e4c07501e2a13dd5,Cama Mesa Banho - 2kg - 42x11x36cm,,cama_mesa_banho,55,702,1,2146,42,11,36
82df58fc3b035fa426a2b49c76d08183,Shampoo Anticaspa 300ml,,beleza_saude,46,580,4,350,25,15,15
d4a816cb2593a92590cabdaef6549b90,Creme Dental Branqueador 120g,,beleza_saude,60,1078,1,700,22,6,12
0c7f7adec80b0c8ee4b9703490bbb13b,Luminária LED Multicolorida,,cool_stuff,24,491,1,3400,28,24,14
5e7cc48697a854bbc6724010b0ef229a,Coleira Antipulgas 8 Meses,,pet_shop,59,3809,1,163,18,9,14
05aed8abae327b8ffd61bc5255566bcb,Relógio Casual Feminino,,relogios_presentes,34,386,1,288,18,12,14
ace1e48f1eaabcd539235e93e361133b,Prateleira Flutuante para Sala,,moveis_decoracao,29,356,3,400,25,5,17
02f8dd9b448d3ec2c73e65a22da1121c,Relógio Esportivo com GPS,,relogios_presentes,43,597,1,250,18,9,17
f0c093c76173e238666bd40e2bf6217f,Telha de Fibrocimento 2.44m,,casa_construcao,53,1135,4,2650,40,100,20
05216a143a65ab59fc48fb996e7c12d7,Fashion Bolsas E Acessorios - 200g - 16x2x11cm,,fashion_bolsas_e_acessorios,53,353,1,200,16,2,11
21b8d4953c15b92f2f965c89dc35f5ad,Caneca Criativa 350ml,,cool_stuff,53,615,1,2600,34,20,34
55908895fd7f77982b2d5a8aa1ad4fae,Construcao Ferramentas Ferramentas - 1kg - 30x12x20cm,,construcao_ferramentas_ferramentas,39,945,2,1550,30,12,20
915c18c67d0b3cd469475eccc0d1a7bb,Caixa de Som Portátil 10W,,eletronicos,46,391,1,150,18,12,13
ff62353dc0792586fbf5eefd8dc7d4f2,Teclado Multimídia ABNT2,,informatica_acessorios,54,107,2,100,16,16,16
ca3c22c251a7108b6b122830eb0c60be,Protetor Solar FPS 50,,beleza_saude,39,740,1,1307,23,26,20
2615fceb03b49ac6e17fa5b8f2e11b63,Carregador Veicular Bluetooth FM,,automotivo,58,951,1,900,25,20,25
de80c37c338574091896b7fdc81dc376,Shampoo Anticaspa 500ml,,beleza_saude,49,1045,1,333,17,17,15
4abee1df902ca6e48fbe864fce3859bc,Cama Mesa Banho - 30kg - 80x40x70cm,,cama_mesa_banho,48,610,2,30000,80,40,70
277d6549d32c2aa10255800083e9816b,Necessaire Viagem 5 Compartimentos,,malas_acessorios,52,1290,5,450,20,40,30
6822e9990a24f2d91e680ce5cf1731cd,Tábua de Picar Bambu (3pç),,utilidades_domesticas,58,269,3,1200,20,15,16
d0b7819045279ab3714828e45975b0f2,Geladeira Frost Free 400L,,eletrodomesticos,60,363,1,200,27,13,17
de080af2646decbba6b52a3213110d29,Pendrive 32GB USB 3.0,,informatica_acessorios,37,1227,1,300,16,16,11
685eb31be05f115e9263add7796ad95b,Aromatizante Automotivo Lavanda,,automotivo,59,687,1,6900,65,13,65
ca96d665a6e7038a569277e6e1d34cbe,Kit de Limpeza Multiuso (5pç),,utilidades_domesticas,44,676,2,500,37,13,37
d4ad0f0b0c607df43752eaa46d2ebae3,Luminária Pendente Moderna,,moveis_decoracao,58,2010,2,1550,69,11,11
d65575084607f3d226fb972abc1eb3ce,Balão de Voleibol Praia,,esporte_lazer,28,973,1,7400,49,22,41
c7947a8c9152878bc0db8043590fdca3,Colônia Esportiva 150ml,,perfumaria,60,863,4,1500,30,12,28
2d8b38d9f3b8fc6659cd5aa565ec6e7c,Capa para Samsung Galaxy S23,,telefonia,42,444,2,200,16,2,11
51f3e4065d72846204cb4f46d8d241cf,Eletroportateis - 4kg - 35x45x34cm,,eletroportateis,44,995,1,4925,35,45,34
b7ac8ecaf5ed4b43bdc03039a67550eb,Tábua de Picar Bambu (3pç),,utilidades_domesticas,53,1396,2,1750,70,15,20
87590844d536e6b92ecf707a50b1c2c5,Lixeira Automática 12L,,utilidades_domesticas,51,437,1,600,21,21,21
8c6d562d9dde3d9658cf7496f61c1bc0,Cama Mesa Banho - 225g - 21x10x14cm,,cama_mesa_banho,53,607,1,225,21,10,14
eef398550dd9575d23eb2d8be74bd45a,Produto - 1kg - 35x15x20cm,,,,,,1100,35,15,20
3d6ef61d81f0c2a0957ea6bb00ecfdb6,Andador Infantil Musical,,bebes,46,1658,3,10400,100,23,27
06605f576f31279bada4552051c88fa8,Protetor Solar FPS 50,,beleza_saude,54,1378,1,100,19,5,13
5bd6493a2d5a384987386f2696bae33d,Película de Vidro Temperado Universal,,telefonia,59,405,1,150,19,4,11
422b4786464320e3645a7e018ba60d8e,Cama Mesa Banho - 98g - 25x8x19cm,,cama_mesa_banho,40,175,3,98,25,8,19
09c2dde20d43a2b79ec17fa25a5ad6b6,Coleira Antipulgas 8 Meses,,pet_shop,55,703,1,1500,50,30,33
ba10a94473b332e323abe844988c8237,Mouse Sem Fio 2.4GHz,,informatica_acessorios,44,526,1,573,21,14,11
57c406b73a01242b1d0bd1bcae6d7cc8,Raquete de Tênis Júnior,,esporte_lazer,60,1063,5,350,30,10,20
1b8fb2ae90018c533840a8085ca9ad6b,Fralda Ecológica Tam M (50un),,bebes,40,1465,3,400,30,10,30
9e9289854d376ff8dc6d8200e4d1d754,Pulverizador de Jardim 2L,,ferramentas_jardim,60,208,4,1214,30,17,17
f15c46e2da924b1fc76fe638911262bc,Headset Gamer 7.1 Surround,,consoles_games,49,1944,1,650,16,16,16
b3e40ff639c185b9d726b4b19c17e6cd,Caneca Criativa 350ml,,cool_stuff,55,934,1,2150,42,25,15
d4bf1e29f41deda5c71da49e4d39fb1d,Cama Mesa Banho - 250g - 30x4x40cm,,cama_mesa_banho,42,119,1,250,30,4,40
2604055d4992311bc72b115b6d5adda9,Balão de Voleibol Praia,,esporte_lazer,60,1971,3,1600,80,20,25
7c0ff36de8af6f43eabd036729ff64a1,Relógio Esportivo com GPS,,relogios_presentes,57,373,8,100,16,2,20
0c104824e973388d487c67a3d346e96d,Protetor Solar FPS 50,,beleza_saude,45,3078,4,19300,26,61,40
9b239ddc71920a6c762514e65bd0b810,Protetor Solar FPS 50,,beleza_saude,53,172,6,50,19,11,23
f18b93fa1044028aa85eb5a0b3ac236a,Luminária Pendente Moderna,,moveis_decoracao,52,322,5,1150,30,20,30
12e479f1c2c0417147a3e36302485e30,Relógio Casual Masculino,,relogios_presentes,46,629,1,400,24,8,12
74c355c68504e6c4fbd038441ad49ff0,Camiseta Geek Estampada,,cool_stuff,41,939,1,300,16,5,16
04a3191f211edc97716020026d05d260,Cama Mesa Banho - 950g - 42x29x28cm,,cama_mesa_banho,56,595,2,950,42,29,28
820e8f306dc9ffcf6d0957516084cca1,Boneca Articulada 30cm,,brinquedos,43,932,2,888,25,21,20
a7d5fa700644b265f69df9ee7ed60b70,Bola de Futebol Oficial,,esporte_lazer,59,716,6,2650,20,20,20
658fc5dfe583ae91ca3268d4d3762a6e,Cama Mesa Banho - 700g - 20x10x15cm,,cama_mesa_banho,51,89,1,700,20,10,15
765a8070ece0f1383d0f5faf913dfb9b,Raquete de Tênis Júnior,,esporte_lazer,44,1186,1,683,20,19,19
f9ce5e5592c6836c379b156a1b043684,Balão de Voleibol Praia,,esporte_lazer,59,247,2,1250,60,15,15
57f2bc497c1a3ebe41ba7a06d78ed159,Relógio Casual Masculino,,relogios_presentes,55,336,4,250,16,2,20
0ae6a95572c97bf4c2552e0d27762c5b,Creme Dental Branqueador 120g,,beleza_saude,33,578,1,355,16,15,14
6aa994db5bc7ea9506451c75383e8769,Cama Mesa Banho - 850g - 45x15x35cm,,cama_mesa_banho,50,264,1,850,45,15,35
d14782a9f0856f169ee3b60303efa262,Luminária Pendente Moderna,,moveis_decoracao,56,509,1,500,55,6,11
a61e6f38c9e407c7d764ea09d34b0a76,Produto - 200g - 16x2x11cm,,,,,,200,16,2,11
ed422fce524c3594fa48735099ec0d6a,Espelho Decorativo Ovalado,,moveis_decoracao,42,392,1,5700,30,30,30
747152211829957938862c1c57a30f16,Prateleira Flutuante para Sala,,moveis_decoracao,59,1862,2,1550,60,14,14
d2e8130fbec52f5dac0571ea1993f28a,Teclado Mecânico RGB,,informatica_acessorios,56,1199,3,525,23,11,16
f0f8e8693b43bde9ee1a7eedfe3d067b,Construcao Ferramentas Iluminacao - 7kg - 20x16x59cm,,construcao_ferramentas_iluminacao,54,538,2,7900,20,16,59
3f9e3d09e34ab9b3235a0e9d584bba25,Luminária Pendente Vintage,,moveis_decoracao,40,94,5,400,16,5,20
6d092506d5b32a4d839e08c1983adaf8,Prateleira Flutuante para Sala,,moveis_decoracao,52,1085,4,400,50,3,25
a339bbe3ca97f9ea3c3828f4e7de5309,Shampoo Anticaspa 500ml,,beleza_saude,43,2356,1,725,20,16,19
bdeac558883a62ab1a048c8f3a0cdf3c,Tábua de Picar Bambu (3pç),,utilidades_domesticas,28,501,1,100,30,11,11
1a758361b1c10b3ffe3d3373332de319,Raquete de Tênis Profissional,,esporte_lazer,56,819,4,175,17,10,13
32b3bc24ea45a74dfa67d9cb1886a37e,Trem Elétrico com Luzes e Som,,brinquedos,53,327,3,600,35,12,20
701db8a1fbbd75d0f9bdd29c2b7f891a,Pendrive 32GB USB 3.0,,informatica_acessorios,58,305,1,300,21,7,14
00e2784f846618842151d40ec730ece0,Espelho Decorativo Ovalado,,moveis_decoracao,42,914,1,800,21,34,34
eefbc932268cd0bdde377b3d8ecdacaa,Prateleira Flutuante para Sala,,moveis_decoracao,63,2339,4,7700,22,19,22
052e139cd94698e09bb2502cdc7b9287,Lixeira Automática 12L,,utilidades_domesticas,55,323,1,2700,28,18,20
9d703ce870d13f6fca072b0fca977fc1,Eletroportateis - 350g - 27x5x12cm,,eletroportateis,51,909,2,350,27,5,12
bf1ce2996ddec3052749c74b73b02b86,Produto - 400g - 18x7x17cm,,,,,,400,18,7,17
d59267ac2ab76cbed276481ceb149023,Caderno Universitário 100fls,,papelaria,42,170,2,650,16,3,11
6f2d7833b8f0a094571ebddebdc6623a,Película de Vidro Temperado Universal,,telefonia,60,298,7,350,17,4,13
fcd119ff3868ddbb0013932039418ede,Livros Tecnicos - 550g - 24x3x17cm,,livros_tecnicos,46,545,1,550,24,3,17
05c693a8085dad009cebdcf2830ab738,Capa para Samsung Galaxy S23,,telefonia,52,525,2,200,19,4,11
8c8cb3d0f2853c44cbf9561c7d93beaa,Película de Vidro Temperado Universal,,telefonia,46,832,1,175,18,4,16
9a21b1152363a1bae31bf0165127b067,Sanduicheira Elétrica Grill,,eletrodomesticos,58,145,1,250,27,13,17
bc0d01d2910d7201e558804df7d7f5a4,Raquete de Tênis Júnior,,esporte_lazer,47,1128,1,300,33,21,27
78680f078476e5a28ec2c145ee75347a,Suporte de Celular Articulado,,cool_stuff,54,822,1,1100,30,12,16
c56bf3984c2d59f53233c4bd82e8a5d1,Prateleira Flutuante para Sala,,moveis_decoracao,62,3116,3,1500,53,8,11
b84c03edd6414193f906d543a479a0e6,Controle Sem Fio para PS5,,consoles_games,39,1028,3,400,20,30,20
491363806b8d8e7d7befa5635d415c45,Bola de Futebol Oficial,,esporte_lazer,54,795,1,200,18,8,14
fadc89c2a60ff96b18827644074dfd70,Lixeira Automática 5L,,utilidades_domesticas,52,827,1,1800,30,30,30
da501879ed2eaf908ff2efd3e8535abc,Mesa de Escritório 120x60cm,,moveis_escritorio,56,375,2,22550,79,12,40
fc04e723b53a7b372e081da67cf6aca2,Cama Mesa Banho - 1kg - 38x7x28cm,,cama_mesa_banho,63,643,1,1500,38,7,28
0a80523b7c5fcae062ee678d12df2a80,Organizador de Gavetas 3 Níveis,,utilidades_domesticas,29,765,3,700,35,12,28
52a5346c9dae9cd560b103875b94d123,Produto - 200g - 22x14x14cm,,,,,,200,22,14,14
ed71b39fde2f884a620dedc2053dcf86,Limpa Para-brisas 500ml,,automotivo,60,442,3,350,25,25,25
8171a6838a6c6eec7d768990eb7ecd42,Cama Mesa Banho - 300g - 31x6x26cm,,cama_mesa_banho,42,170,1,300,31,6,26
ffb64e34a37740dafb6c88f1abd1fa61,Raquete de Tênis Júnior,,esporte_lazer,26,417,3,700,43,15,35
b2f16abc8f4f288092e5d85939548637,Livro O Homem Mais Rico da Babilônia,,livros_interesse_geral,55,448,1,200,24,2,16
fbbccb1d65066d96ce4cc9edef2f5a0a,Coleira Antipulgas 8 Meses,,pet_shop,51,301,1,2500,65,50,45
683487a7a9ad71b5776c9b9bcad37eed,Fashion Bolsas E Acessorios - 200g - 16x2x11cm,,fashion_bolsas_e_acessorios,52,23,1,200,16,2,11
96277485af1fa20c328fa90e57754ead,Prateleira Flutuante para Livros,,moveis_decoracao,49,219,3,600,16,5,20
67837a6bc3074b80f6fe8efc4740d37e,Caneca Criativa 350ml,,cool_stuff,40,618,4,882,28,14,19
d3d4e7e463c2dfee7980633905a71cdd,Cama Mesa Banho - 300g - 26x3x26cm,,cama_mesa_banho,55,169,1,300,26,3,26
8466762a9393a2b2b1de73f3cf6081a3,Moveis Sala - 2kg - 47x6x47cm,,moveis_sala,29,104,2,2700,47,6,47
8f8e77fd044480226cd55c1ebb9df34a,Luminária Pendente Vintage,,moveis_decoracao,53,317,2,350,16,16,22
181097c3de536f867a3c1dcfb06970de,Cama Mesa Banho - 1kg - 38x20x25cm,,cama_mesa_banho,38,365,1,1200,38,20,25
4ef60b1f697ffec7b21fb506866496f6,Arranhador para Gatos 60cm,,pet_shop,44,1793,1,11350,80,26,26
7a22c18ef5b314ac41161a5598c05352,Aromatizante Automotivo Lavanda,,automotivo,60,841,2,1850,95,16,35
36e188142f61f077323f5d175e1af77e,Cortador de Grama Sem Fio,,ferramentas_jardim,52,1858,5,7950,53,30,31
89571bdf5db85184c4e877bf9dfaf92d,Carregador Veicular Bluetooth FM,,automotivo,60,1309,1,1300,16,30,12
2a592642399b33baf3a5729a6335b21c,Colônia Nativa 200ml,,perfumaria,47,1320,1,100,16,7,12
7a5bda98ff522182a08c469d2d160ab3,Teclado Mecânico RGB,,informatica_acessorios,33,277,1,450,18,9,16
0d8ce3ada96b62b2dd49290fceb45d0f,Construcao Ferramentas Ferramentas - 2kg - 29x17x17cm,,construcao_ferramentas_ferramentas,47,248,3,2708,29,17,17
d6b21712ba181dea6664f1b3e09d650e,Balão de Voleibol Praia,,esporte_lazer,30,1826,1,360,18,14,16
67fa36df2c5e624059dda016bfd72e15,Ventilador de Mesa 40cm,,climatizacao,53,286,1,150,20,8,13
6edc9b56c4c39bdb01f497fa86554003,Controle Sem Fio para PS5,,consoles_games,60,865,1,150,22,26,25
3117617b81eeaddd6d5a788a3d4230f1,Eletroportateis - 100g - 30x5x11cm,,eletroportateis,32,665,1,100,30,5,11
7eedc4bfd32856b0c2b78657036d203e,Cama Mesa Banho - 16kg - 45x15x25cm,,cama_mesa_banho,55,318,1,16000,45,15,25
72a137b85d5a1d82cde242493f118f43,Teclado Gamer Mecânico RGB,,consoles_games,55,411,3,600,24,20,27
f3f77f4a417da1f06a6e0eb648d20a87,Creme Dental Branqueador 120g,,beleza_saude,32,1053,1,1200,16,9,13
f5b42cb359c4fe66e9e90f93dc97e516,Protetor Solar FPS 50,,beleza_saude,53,654,2,450,19,11,13
c3f8ee7e05c01c61ab863e336b0f2e5e,Pendrive 32GB USB 3.0,,informatica_acessorios,52,381,4,24050,60,40,60
eb464e3e06e2701a532c9f08a774d0d0,Kit de Limpeza Multiuso (5pç),,utilidades_domesticas,50,440,1,148,25,27,22
a2246862425c12496bad1be2082015ab,Carregador Veicular Bluetooth FM,,automotivo,41,244,1,398,18,10,15
21e4321fa558327afe025bfb800a8bff,Produto - 1kg - 27x8x19cm,,,,,,1500,27,8,19
322083bacc83416f56c4110e0216c2e1,Luminária Pendente Vintage,,moveis_decoracao,43,789,1,1050,20,35,20
1a0f5bca5c36a68073930270bb47e314,Raquete de Tênis Profissional,,esporte_lazer,54,1403,1,15600,55,26,29
13a05309c09bd28a2d0418005ae7a55b,Necessaire Viagem 5 Compartimentos,,malas_acessorios,64,557,1,1200,19,44,35
9e61f47367a7a1d6cafa44817f88f8db,Shampoo Anticaspa 300ml,,beleza_saude,46,175,1,364,18,14,14
483691880798b6f0f657c203494cfe3a,Tábua de Picar Bambu (3pç),,utilidades_domesticas,55,582,2,1050,100,3,15
38651ca5be7f992345b0ea57bdf25719,Perfume Aventus 100ml,,perfumaria,41,634,1,113,16,4,19
82495477af19e76ed4b080e66298f2bc,Trem Elétrico com Luzes e Som,,brinquedos,56,645,2,900,19,33,46
ba3a1e2c6cc1fb7a27dd74916212e6fb,Jogo de Blocos 200pç,,brinquedos,41,192,6,700,29,7,16
4821fcfd5ac4f89ee295f3ac1f20c7a3,Lixeira Automática 5L,,utilidades_domesticas,45,567,3,2900,52,3,32
87b42927619008f877bfcdd5068e7edf,Espelho Decorativo Ovalado,,moveis_decoracao,40,94,5,300,16,5,20
138d7037b59dcee052810952c983033b,Bola de Futebol Oficial (Edição Especial),,esporte_lazer,50,621,1,1400,21,16,16
140820b3618107caaee76c5433aa4a95,Boneca Articulada 30cm,,brinquedos,59,973,4,1800,43,40,40
6a012e40ee0f3e0ca9b34bbdeedbdd2c,Limpa Para-brisas 500ml,,automotivo,55,1076,3,150,20,20,20
0214e4741dab5812bb31a61af1dc3de5,Cama Mesa Banho - 2kg - 45x15x35cm,,cama_mesa_banho,53,284,1,2100,45,15,35
6f1ccca9f878a413a495487eb649ab32,Luminária Pendente Moderna,,moveis_decoracao,32,240,1,700,40,15,11
a0425426bd812474106a782b2979e310,Bola de Futebol Oficial,,esporte_lazer,57,1417,3,950,35,14,15
fea7f0c147905a41ca324c0e3234a4c7,Mouse Óptico USB,,informatica_acessorios,60,2127,1,225,18,10,16
0f0c4960b05d6145bbb4b348423503ef,Carregador Portátil 10000mAh,,eletronicos,32,139,3,1700,32,5,26
5b917c70d9b106d8056bdde61c9850e7,Furadeira de Impacto 500W,,construcao_ferramentas_construcao,34,686,3,150,16,6,11
b1551ef44e04265b510840b991b24b51,Tábua de Picar Bambu (3pç),,utilidades_domesticas,55,1010,1,1000,43,11,37
d71dee111aab947d8d1216505f130d8e,Luminária Pendente Moderna,,moveis_decoracao,15,856,1,5300,57,15,37
0b48dc720b9a40d75ce14eda10be0922,Moveis Cozinha Area De Servico Jantar E Jardim - 6kg - 47x23x37cm,,moveis_cozinha_area_de_servico_jantar_e_jardim,59,558,5,6950,47,23,37
293ee8ac0a45f559cdeba37b938fdb66,Cama Mesa Banho - 8kg - 40x32x40cm,,cama_mesa_banho,51,290,1,8550,40,32,40
8fe93eb771226eeff303130838348e81,Jogo de Blocos 200pç,,brinquedos,54,1113,2,3250,32,14,17
a80b3c9fe4065f8159d873438f88be4e,Creme Dental Branqueador 120g,,beleza_saude,28,166,2,300,23,7,12
171f04960543d71ad6ae0cfd444b369c,Bola de Futebol Oficial,,esporte_lazer,60,2099,1,3600,30,32,30
31352e05b5f8620929e1b8bbbeda5578,Organizador de Gavetas 3 Níveis,,utilidades_domesticas,58,80,2,2050,25,10,25
22d180b9ee4f302fea5be73325dfea3b,Cama Mesa Banho - 18kg - 41x15x51cm,,cama_mesa_banho,59,2736,4,18900,41,15,51
e49a57a6afd465b7d3cd109daf09ca98,Produto - 220g - 21x11x16cm,,,,,,220,21,11,16
37bd6327d499dd991f2da7681625bb3c,Luminária Pendente Moderna,,moveis_decoracao,44,208,3,100,16,5,11
11cf21fc07b965dd7f4bf7a2c3e5f1c4,Liquidificador 600W,,eletrodomesticos,51,280,3,450,27,13,17
c3a52053718435a35e070b991ff546ec,Tábua de Picar Bambu (3pç),,utilidades_domesticas,44,329,6,400,16,12,12
5bf57bdef224b9486b45ebba37ec6191,Cama Mesa Banho - 1kg - 38x7x28cm,,cama_mesa_banho,47,232,1,1300,38,7,28
3a8b4f569449a1671e0d172023030113,Luminária Pendente Vintage,,moveis_decoracao,25,427,2,400,65,11,11
19884358087155dcb193ae99f344fa30,Cama Mesa Banho - 1kg - 40x10x30cm,,cama_mesa_banho,56,405,1,1550,40,10,30
0f840300fe45ba963a5d215b62e6f767,Jogo de Blocos 100pç,,brinquedos,50,167,3,350,16,13,16
3f2c4414409c0a99c34cc0a7753e37d3,Brinquedo Mordedor para Cães,,pet_shop,57,498,2,200,20,20,20
7766894470ea995b418764065e6bf9ba,Kit de Limpeza Multiuso (5pç),,utilidades_domesticas,46,648,1,500,20,20,20
f838e96e79703e5e94c13c86609530c5,Perfume Aventus 50ml,,perfumaria,53,957,14,1800,27,18,32
3c81b58ed91e248ab04898f42e223b1c,Raquete de Tênis Profissional,,esporte_lazer,40,428,2,600,20,20,20
9ea1152d6d52dc57ab2ea49aa626adc1,Creme Dental Branqueador 120g,,beleza_saude,49,3037,1,1067,22,19,19
015527ec9502daa03dfd0e22ef1d1288,Kit de Limpeza Multiuso (5pç),,utilidades_domesticas,30,583,1,200,25,10,11
fa89410dfdb2990c73083756cefe198b,Cama Mesa Banho - 550g - 40x5x30cm,,cama_mesa_banho,57,216,1,550,40,5,30
b3d40bac9e6f347b2db2bd3c6897d08b,Fralda Ecológica Tam G (50un),,bebes,54,298,5,100,16,6,11
89e0afa29b7165f7a6a95381418dd471,Aromatizante Automotivo Baunilha,,automotivo,52,251,1,21000,65,44,44
0f9a07df17934769a978a9b2917ba8a3,Aromatizante Automotivo Baunilha,,automotivo,58,579,4,550,33,27,26
05bbe113b2037f89552c644c5cb33ecf,Lixeira Automática 5L,,utilidades_domesticas,57,1366,5,10100,48,30,16
2b0fac480ecacabf93bee47ad17c0b0c,Jogo de Blocos 200pç,,brinquedos,57,492,2,900,35,8,36
9b88165228ce22d96f9e9275c59783d6,Lixeira Automática 12L,,utilidades_domesticas,54,435,1,900,31,13,15
81d2fa5b1805af5f9e0d08af321b2f35,Creme Dental Branqueador 90g,,beleza_saude,49,198,2,100,20,15,15
0bed2811f66d80c67e51d3d9a5127233,Carregador Rápido USB-C 30W,,telefonia,41,689,1,100,24,2,18
a44f944687bbcf1d5e4f2af94a55dc05,Berço Portátil Dobrável,,bebes,63,1380,3,5900,30,50,40
e71979722971f0e661a45658746f8af7,Cama Mesa Banho - 950g - 34x7x32cm,,cama_mesa_banho,54,236,1,950,34,7,32
062e425d963f3eac04709162c3ce6782,Tênis Esportivo Feminino 35,,fashion_calcados,58,404,4,450,25,15,35
679bb6cbef77322da2a4719b6d7d0a96,Suporte de Celular Articulado,,cool_stuff,44,117,1,600,25,37,36
e4f2856ddacde505a7d8a1faa4bf2c7d,Mouse Óptico USB,,informatica_acessorios,50,498,4,100,16,3,13
ae81ec7bba7a30b0b609ecc9513699d4,Prateleira Flutuante para Sala,,moveis_decoracao,33,510,4,700,22,12,15
78d9cee7386ff7a3fb916ee1c076a278,Carregador Veicular Bluetooth FM,,automotivo,59,651,5,8400,77,4,47
ff0253002f8f3b78103899fc6f6ba120,Prateleira Flutuante para Livros,,moveis_decoracao,52,1673,2,50,52,11,11
01b660ebc1a0c293ccf9b117fa6dd8bb,Lixeira Automática 5L,,utilidades_domesticas,26,1175,3,350,60,10,15
5f96ea82b7c80d875fd5337033db3b6e,Fashion Bolsas E Acessorios - 200g - 16x9x11cm,,fashion_bolsas_e_acessorios,57,382,6,200,16,9,11
47523004e8ae631103108af56e8076a2,Carregador Rápido USB-C 20W,,telefonia,58,828,2,300,17,4,12
3e767be391eb16817e11f752578e6c17,Eletrodomesticos 2 - 14kg - 34x34x56cm,,eletrodomesticos_2,59,507,1,14150,34,34,56
597730d1cc674def6ae75c213c7da08b,Alimentos - 140g - 23x14x18cm,,alimentos,60,489,1,140,23,14,18
ac20a9614b6db9e7289b85c4f4b6216a,Batedeira Planetária 400W,,eletrodomesticos,59,190,1,1250,65,8,38
d41a23bd2bc3ec10cfffc66c0611a290,Prateleira Flutuante para Sala,,moveis_decoracao,56,297,2,1000,100,5,20
3a33c980b62eb1ef3b8ae61b6fc6fe55,Trem Elétrico com Luzes e Som,,brinquedos,51,465,1,2363,23,27,19
246e1686bfd115c87718db59425dfa1d,Balão de Voleibol Praia,,esporte_lazer,50,1204,2,267,16,9,11
0c3ed87d108f627980e66e9258f9c305,Trem Elétrico com Luzes e Som,,brinquedos,56,342,2,800,35,25,25
e3d080fd5b3ce383ec62cf67d4cb8238,Creme Dental Branqueador 90g,,beleza_saude,58,1360,2,150,16,13,11
e8f2a49b96a3da4142c6bb44902b1d78,Cama Mesa Banho - 1kg - 30x20x25cm,,cama_mesa_banho,58,103,1,1500,30,20,25
8c1e9287e6b9508f4663a1bd31d2d837,Pacote de Canetas Esferográficas (10un),,papelaria,48,298,1,600,16,4,11
f1f0860095cfa6521eb73bd997599888,Gaveteiro 3 Gavetas,,moveis_escritorio,35,2245,1,15200,58,28,58
173b3c971bbd7b0d48b9d87a96d10783,Kit de Poda (Tesoura + Serrote),,ferramentas_jardim,40,166,1,350,21,14,14
9fe7b856a0ad542b2234c745ffc12409,Shampoo Anticaspa 300ml,,beleza_saude,34,1175,1,400,24,24,16
4886ee6eaf4ab72e0e91ed0c42815f49,Cama Mesa Banho - 1kg - 40x3x40cm,,cama_mesa_banho,58,729,1,1950,40,3,40
96b200840d3b01d948ee9d507f6bcb3e,Cama Mesa Banho - 950g - 16x10x16cm,,cama_mesa_banho,56,638,2,950,16,10,16
981f6a96c09b7d28e5c5f2fbb282fcde,Cama Mesa Banho - 1kg - 50x10x40cm,,cama_mesa_banho,41,596,4,1750,50,10,40
2f13d1dc8b4e1d9d8027be50339546a9,Espelho Decorativo Ovalado,,moveis_decoracao,48,895,1,2650,30,30,30
9565229244e9341fb8c8069879cf73cd,Cama Mesa Banho - 1kg - 34x7x32cm,,cama_mesa_banho,60,234,1,1700,34,7,32
1f9799a175f50c9fa725984775cac5c5,Cama Mesa Banho - 1kg - 40x5x25cm,,cama_mesa_banho,51,82,1,1000,40,5,25
bea920589ef5e1949b4627e0574b877b,Organizador de Gavetas 3 Níveis,,utilidades_domesticas,41,356,3,200,30,10,16
c7296f9449f86afc5688984ed1c170a2,Fashion Roupa Masculina - 800g - 45x10x35cm,,fashion_roupa_masculina,25,648,6,800,45,10,35
19f27a3b9d40e71e14679fe2f75bd41a,Teclado Multimídia ABNT2,,informatica_acessorios,50,264,1,368,19,11,14
c5685881d53e0b14945be0bee2678b2c,Batedeira Planetária 400W,,eletrodomesticos,48,453,2,8050,35,46,35
7855801875dac05bda454284be8be7db,Lixeira Automática 12L,,utilidades_domesticas,58,1854,1,3500,36,30,32
d6443622b97746fcd40fefeac38a9964,Shampoo Anticaspa 500ml,,beleza_saude,56,1897,1,293,21,12,17
e6a1b235646d1c1004b38e39f7796c2f,Eletroportateis - 3kg - 43x43x20cm,,eletroportateis,23,419,5,3900,43,43,20
064d09b1de34c17dbacfa4096f79f256,Cortador de Grama Sem Fio,,ferramentas_jardim,55,992,1,400,16,7,16
b8eb8663142255eb7ab4526b3ee1c7fd,Mouse Sem Fio 2.4GHz,,informatica_acessorios,57,207,1,400,28,6,13
774e44c7114a86fdacbc4f2c762be83b,Shampoo Anticaspa 500ml,,beleza_saude,49,569,1,150,16,7,15
50565731f3aeea3f334d15ab5bb98546,Lixeira Automática 5L,,utilidades_domesticas,57,399,2,400,20,11,11
ddbd0c1c8d8bf3e9142fc3b9751a476a,Fralda Ecológica Tam M (50un),,bebes,51,1140,2,550,30,10,20
e8d7b12572b213ba22acebb8983a4615,Organizador de Gavetas 3 Níveis,,utilidades_domesticas,48,221,1,800,21,22,20
d86408ff5f272d41f18d18f8cbefa1a3,Coleira Antipulgas 8 Meses,,pet_shop,27,2918,1,5300,30,30,35
73e3a34b5edba4b4b715a0fc46024230,Cama Mesa Banho - 2kg - 40x6x30cm,,cama_mesa_banho,55,313,1,2150,40,6,30
ee6c49af1a2de55aa0e076257ab4ab99,Mouse Óptico USB,,informatica_acessorios,47,956,1,140,22,14,14
c3674fb8631d709e138f75fad3bf1b01,Shampoo Anticaspa 500ml,,beleza_saude,42,1213,1,1607,22,16,18
ff0c8d7cbe636d47cf905e12dfee9927,Fone de Ouvido Bluetooth 5.0,,eletronicos,51,1110,1,500,41,5,16
2b5c35cbb60bd98cf07a4cd51e95783e,Ventilador de Mesa 40cm,,climatizacao,51,553,1,500,19,16,16
0e687d00ba3214b4aca6397a14d49373,Eletrodomesticos 2 - 7kg - 55x10x82cm,,eletrodomesticos_2,52,1012,4,7500,55,10,82
c44f25ecf77c3fdd779c0fcac33aef1f,Bateria Eletrônica Compacta,,instrumentos_musicais,64,996,10,1400,50,18,45
ffe013e1b4603e3b0b02fbb159d5b400,Raquete de Tênis Profissional,,esporte_lazer,43,281,2,6600,22,12,12
f80903ad4fa58fd23ba18f970d258cd1,Fashion Bolsas E Acessorios - 200g - 17x9x17cm,,fashion_bolsas_e_acessorios,56,758,4,200,17,9,17
ba77d921f1966cc601feb066362548d4,Jogo de Blocos 100pç,,brinquedos,59,28,1,250,25,30,20
36ca9a8843947771769143fd2ce148dc,Prateleira Flutuante para Livros,,moveis_decoracao,53,966,2,1250,65,11,11
529a32307961a32ec5b6fe0a5bd17fba,Limpa Para-brisas 1L,,automotivo,49,925,1,4250,65,25,25
3596313732572c949495070ab59bbb4f,Prateleira Flutuante para Livros,,moveis_decoracao,56,1892,7,3000,69,11,11
37c871f73c08339b2ee4b6c03337837d,Aromatizante Automotivo Baunilha,,automotivo,56,363,1,100,16,10,15
428f11967f2d855633c7857078c16fd6,Espelho Decorativo Ovalado,,moveis_decoracao,51,1758,3,350,22,22,18
4d1b2536bba4a66c9360d6d63327c44c,Lixeira Automática 5L,,utilidades_domesticas,56,1075,1,9550,40,40,40
72f78c618c8f81c2b8f0ffd2a51293b4,Raquete de Tênis Júnior,,esporte_lazer,49,493,5,1800,52,8,21
e70d8bce868310111ec36d96f6d80a9c,Caderno Universitário 100fls,,papelaria,35,332,2,100,16,6,11
9e05b007ff9fc11a8da4d97fcafcc7a7,Pendrive 32GB USB 3.0,,informatica_acessorios,60,181,2,200,25,8,11
723f08b94cabe91ad292a3084725903b,Fashion Bolsas E Acessorios - 50g - 17x3x12cm,,fashion_bolsas_e_acessorios,35,385,1,50,17,3,12
f97194491a605b1d0e50d631e443cb5a,Raquete de Tênis Júnior,,esporte_lazer,52,525,1,1300,31,35,31
52e1cb842e4584f2ef09b4a3a68ac929,Fashion Bolsas E Acessorios - 100g - 16x5x16cm,,fashion_bolsas_e_acessorios,48,821,1,100,16,5,16
b48d3e49914549b781c0b59f819b398e,Shampoo Anticaspa 500ml,,beleza_saude,24,338,2,1200,20,20,20
17469cd3d2559b93669a813860296b8e,Boneca Articulada 30cm,,brinquedos,60,1212,4,1200,28,13,21
0bf311dc96c3ce0503cb03068588c196,Geladeira Frost Free 400L,,eletrodomesticos,56,204,1,300,18,8,13
ef2eed3e42cdbeedcd515745b23d7ccf,Bola de Futebol Oficial,,esporte_lazer,54,2648,8,1800,30,24,28
7500a93e5485588cedc511badf55e56e,Marcador Permanente Preto (5un),,papelaria,59,669,5,750,25,10,19
2d9ea8e50b1cfa0b4e2678e63ffaf630,Lixeira Automática 5L,,utilidades_domesticas,60,208,5,17500,66,23,51
e3e3c2fbbc1c7c16edf72ab9f70127d3,Luminária Pendente Vintage,,moveis_decoracao,58,1993,3,1400,69,11,11
27152d405eaca93403563ce6acfccfa6,Relógio Esportivo Resistente à Água,,relogios_presentes,53,323,3,900,23,15,19
5a59edc52ccb88898efddbfc52f3cbaf,Prateleira Flutuante para Livros,,moveis_decoracao,18,278,4,100,16,3,16
594e6c5d1c4a58f7936b5a7134f53c80,Carregador Veicular Bluetooth FM,,automotivo,55,1172,1,1400,105,7,25
bb08ae1ab72eab2720e31508966b7742,Livros Tecnicos - 250g - 21x2x14cm,,livros_tecnicos,24,2472,1,250,21,2,14
8726429de3797e35c022a32137909d2b,Trem Elétrico com Luzes e Som,,brinquedos,60,1661,3,6500,60,20,40
5237a911446da6c2a3cb764f7ea0e5c5,Jogo de Blocos 100pç,,brinquedos,24,254,1,200,16,10,11
71f0bc096460c175e49cb3826bc8761a,Prateleira Flutuante para Livros,,moveis_decoracao,59,284,2,5700,20,30,20
c4e4a69d5b6ca483ab74aa846587d11f,Perfume Aventus 50ml,,perfumaria,56,548,1,450,23,8,15
93323c2cfff65a81c9da5566fcdde69f,Carregador Veicular Bluetooth FM,,automotivo,49,1183,3,600,20,20,20
2109e8aeedbade2096a471740fb9e798,Espelho Decorativo Ovalado,,moveis_decoracao,45,640,1,10150,45,30,45
ec2d43cc59763ec91694573b31f1c29a,Cama Mesa Banho - 800g - 20x20x20cm,,cama_mesa_banho,38,735,5,800,20,20,20
d442547d29ffa7f96220b65fac2d8db3,Mouse Sem Fio 2.4GHz,,informatica_acessorios,53,269,4,9050,45,48,25
40f999464ef29d2a07cfaca1eea4c210,Aromatizante Automotivo Baunilha,,automotivo,44,334,2,125,16,20,20
544ffb995c65fbbe68f36f36e388dede,Mouse Sem Fio 2.4GHz,,informatica_acessorios,60,290,1,800,33,12,12
6a614599fc79123b71a5dd22cbb6eab5,Balão de Voleibol Praia,,esporte_lazer,45,521,1,700,16,15,15
51239b9414a75bd33453d33d177475d5,Luminária Pendente Vintage,,moveis_decoracao,57,566,2,333,52,5,37
705affd495e328b5af6d73bc403c6bcf,Eletroportateis - 13kg - 40x30x40cm,,eletroportateis,59,2213,4,13700,40,30,40
3c8e648d4adaad3ae92da5799093a8f3,Fashion Bolsas E Acessorios - 200g - 16x2x11cm,,fashion_bolsas_e_acessorios,59,749,2,200,16,2,11
241a1ffc9cf969b27de6e72301020268,Limpa Para-brisas 1L,,automotivo,48,260,2,400,16,4,11
e0bd815514869624f892b0230926a2d7,Creme Dental Branqueador 90g,,beleza_saude,45,640,1,675,31,21,21
1a6706786a1ae8f9e6e4e36a3bed68ed,Cama Mesa Banho - 1kg - 40x27x17cm,,cama_mesa_banho,47,634,4,1100,40,27,17
7fb9118562782456232ad0c6e54386be,Creme Dental Branqueador 120g,,beleza_saude,54,1256,1,2200,36,11,19
ef305675b4b5113913f5998336fbd86a,Organizador de Gavetas 3 Níveis,,utilidades_domesticas,53,2869,1,925,22,8,32
898ce6644632917718b73d9141c28344,Raquete de Tênis Júnior,,esporte_lazer,49,327,1,100,16,5,16
3aa038240692a414f33eaf1d12a44ed1,Parafusadeira Elétrica 12V,,construcao_ferramentas_construcao,32,120,1,3050,16,16,16
e9eebb8e8ba0fadb9020f8ba1c003b48,Perfume Aventus 50ml,,perfumaria,36,210,1,541,21,15,16
daa7499d1e545811c843e8189cd30286,Fashion Bolsas E Acessorios - 250g - 16x2x11cm,,fashion_bolsas_e_acessorios,41,1359,1,250,16,2,11
9ab817d90bc61ed772ffea01b4cdcdb6,Creme Dental Branqueador 90g,,beleza_saude,57,1262,1,450,20,12,12
3282c3c8f2354dfff84997a238f91f10,Marcador Permanente Preto (12un),,papelaria,46,503,6,850,21,7,15
b112694f32005c5254383ccf38bfd11f,Mouse Óptico USB,,informatica_acessorios,60,254,1,850,30,15,15
736f1b87428f9cfe5f5184c4ac0fbe05,Cama Mesa Banho - 1kg - 40x15x32cm,,cama_mesa_banho,46,684,1,1500,40,15,32
d27ad56cae0ec64023ccd98a9f4e2500,Prateleira Flutuante para Livros,,moveis_decoracao,55,935,1,600,17,17,17
4b8241107656c46b2a8d89586bf2a893,Caixa de Som Portátil 10W,,eletronicos,48,622,2,500,22,11,11
1cc7fc7841f9dacfbb9ec2a43276bf5f,Relógio Casual Feminino,,relogios_presentes,50,309,1,350,18,9,14
1963cf66a18eaa163005e27cc39d9793,Kit de Poda (Tesoura + Serrote),,ferramentas_jardim,31,176,1,300,27,4,11
fdfe4f462b8972c3455163e3fa7653c6,Limpa Para-brisas 500ml,,automotivo,59,695,6,7000,56,11,32
abaa4c2633cbc40dda16b575531db57b,Relógio Esportivo Resistente à Água,,relogios_presentes,59,1015,1,500,20,12,15
b72a8fd99d59007948419121f2a5056e,Carregador Veicular Bluetooth FM,,automotivo,59,669,2,425,20,5,19
b37b72d5a56f887725c2862184b8cab8,Capa para Samsung Galaxy S23,,telefonia,59,566,1,150,19,4,11
5a68d72870a735b2e7ec0277013f7aa6,Shampoo Anticaspa 300ml,,beleza_saude,54,1298,1,150,16,11,11
2ae40c35ef6620f730a55329d0cd3301,Bola de Futebol Oficial,,esporte_lazer,37,968,9,700,30,36,20
0bff7ada15fd3840490f79b2612db33b,Marcador Permanente Preto (5un),,papelaria,42,440,2,1775,39,22,22
5b55f963a5c26f723ea1b5d7872557d3,Caderno Universitário 200fls,,papelaria,20,98,1,300,25,20,20
bec79420ffee0e0e76e3b4cce2c4b1a9,Creme Dental Branqueador 90g,,beleza_saude,45,690,1,1200,18,14,14
00088930e925c41fd95ebfe695fd2655,Limpa Para-brisas 1L,,automotivo,56,752,4,1225,55,10,26
7c3cbbd1a99a73b3dd683eb7c0570801,Caneta 3D Iniciante,,cool_stuff,55,831,1,1400,42,25,15
322c315bc0661c64fdcab7a70dbc0354,Mouse Gamer 16000 DPI,,consoles_games,60,578,4,1000,20,30,20
2083a6feb4bbb31f6abc92fc24e468c0,Carregador Rápido USB-C 20W,,telefonia,56,3135,2,150,19,15,15
414ae37d87aac46914dddd6e972b0b58,Fashion Roupa Masculina - 650g - 20x20x20cm,,fashion_roupa_masculina,39,322,1,650,20,20,20
1c86a1539e8f7551ac5c09a15b6a3c88,Cama Mesa Banho - 1kg - 45x10x15cm,,cama_mesa_banho,41,172,1,1150,45,10,15
d4ef01e7655c13ceef1d7d248e0fdd99,Cama Mesa Banho - 195g - 32x4x23cm,,cama_mesa_banho,55,211,1,195,32,4,23
c7d75b3bafed2b1d9475c4876b1c46b8,Carregador Veicular Bluetooth FM,,automotivo,38,317,3,100,17,17,17
557313563f418e18cc4a19159774cecd,Cama Mesa Banho - 600g - 70x10x40cm,,cama_mesa_banho,57,184,2,600,70,10,40
fe06d596708c590bf178cdb82aa7d48d,Teclado Musical 49 Teclas,,instrumentos_musicais,64,569,5,850,26,4,22
e64befe356dccc6ed0073c124147269f,Produto - 200g - 25x5x15cm,,,,,,200,25,5,15
de9305867467640bebc680708d43f27a,Raquete de Tênis Profissional,,esporte_lazer,49,1263,2,17550,105,65,25
6994675fdff4377e6e1b738094977cf4,Lixeira Automática 12L,,utilidades_domesticas,47,718,1,6900,24,12,24
183210d186d30d050604f96ef87af803,Aromatizante Automotivo Baunilha,,automotivo,50,651,5,4350,78,4,47
7cd30e51e926f2dbc750dc2443d60434,Trem Elétrico com Luzes e Som,,brinquedos,41,490,1,700,37,7,25
61b5c300f3e56ac6bda4cb54de396f9b,Película de Vidro Temperado Universal,,telefonia,33,286,1,200,25,2,18
15804bf9d24b0ff5a052ef9280ad6e63,Espelho Decorativo Ovalado,,moveis_decoracao,46,464,3,7300,66,12,45
e090b9bd2ef7d60d3b0ee3399c79ee3d,Pendrive 32GB USB 3.0,,informatica_acessorios,55,402,1,1217,27,22,25
ab9730d0380f2a4bb056dbed9417478a,Boneca Articulada 30cm,,brinquedos,27,260,1,550,19,8,11
783dae38feb9e3a364e24e25168cfa8a,Kit de Limpeza Multiuso (5pç),,utilidades_domesticas,55,842,1,14350,50,50,50
679a3e5e1d2bb68982be5734c6e55e63,"Sifão de Pia 1.1/2""",,casa_construcao,57,565,4,800,38,38,22
9853476587e82bdf31cd50479173e1c3,Protetor Solar FPS 50,,beleza_saude,58,1323,1,675,16,14,15
bac155b95a240e42f840f622bde271d1,Aromatizante Automotivo Lavanda,,automotivo,56,721,4,400,24,5,11
6d15ca3157a742ef1911e16ab7b180b4,Cama Mesa Banho - 1kg - 34x5x26cm,,cama_mesa_banho,50,505,1,1000,34,5,26
4afba85a48ad3d91d79215ba93ddb023,Lixeira Automática 5L,,utilidades_domesticas,46,166,3,800,25,25,25
d9bba71d1d1ad35925593d365a2ab43e,Carregador Portátil 10000mAh,,eletronicos,58,1473,1,1850,56,12,39
f2b67cf6ef88cbc9c2f3e482f558b318,Colônia Nativa 200ml,,perfumaria,45,977,2,117,16,11,13
6e415cdc78febbdbe465df65d52dbc19,Andador Infantil Musical,,bebes,60,1110,3,450,25,16,29
555605f730aad3262ccaeec528f65766,Tapete Higiênico Cachorro 40x50cm,,pet_shop,59,814,1,217,17,11,13
516efbd604d9a7325f93967192ff86b7,Cama Mesa Banho - 745g - 32x4x26cm,,cama_mesa_banho,49,519,1,745,32,4,26
2885aad25d7d1963d3731a9a6ec86306,Livros Tecnicos - 250g - 40x2x12cm,,livros_tecnicos,26,562,1,250,40,2,12
02a93c4e95263ca545e9f46ca2b59833,Luminária LED Multicolorida,,cool_stuff,52,134,6,1700,65,25,25
c351fada6ffa67ee3876b1cc568a90b0,Bola de Futebol Oficial,,esporte_lazer,46,2393,2,300,20,5,20
be40dfccc49c5959cc0cc2f6447acc38,Balão de Voleibol Praia,,esporte_lazer,48,855,1,1000,16,20,16
1e071ffaca5d72ab7d58901d01b38280,Creme Dental Branqueador 90g,,beleza_saude,53,735,1,300,21,8,27
ebfe7a4ca40dd34375e373405a114c32,Lixeira Automática 12L,,utilidades_domesticas,49,79,2,417,19,11,18
6c40c98da8f33daca57f0e9b78eae09d,Jogo de Blocos 100pç,,brinquedos,35,594,2,2900,54,41,25
e66daaafff14b87ad5ebf02f6bf4dc42,Trem Elétrico com Trilhos,,brinquedos,41,860,1,245,20,17,9
559602c54359e6b67d7cb7fa336d0ca9,Kit de Limpeza Multiuso (5pç),,utilidades_domesticas,32,197,1,1100,50,16,25
136b005b69367b661e552c94cd28a37e,Creme Dental Branqueador 120g,,beleza_saude,42,1514,1,2200,20,20,20
46ae1c0789fb281be43fdb50797c9f2e,Mouse Gamer 16000 DPI,,consoles_games,48,236,1,400,30,7,25
78f3531b3a1bfef3513d4f344e0c88d0,Luminária Pendente Moderna,,moveis_decoracao,56,183,1,2300,40,10,30
553261019b28923d564e3fc159e4ff3c,Pendrive 32GB USB 3.0,,informatica_acessorios,60,655,2,200,20,6,11
2e0a8fea09b84a86e1fef3fcdf244668,Raquete de Tênis Profissional,,esporte_lazer,57,597,4,7750,52,22,32
8fd3860e3ab6a97c681d58366f981a07,Aromatizante Automotivo Baunilha,,automotivo,59,719,6,5950,53,43,11
9f01cb375b4185be6cb9d2f7588c5b46,Cama Mesa Banho - 1kg - 45x10x15cm,,cama_mesa_banho,55,179,2,1100,45,10,15
94db23ef7b9dfd4774a38942cee3e05f,Pulverizador de Jardim 2L,,ferramentas_jardim,56,2130,3,10700,46,40,46
473e6d1c85bacb1bc3280dcda0f5321c,Livros Importados - 1kg - 29x3x21cm,,livros_importados,40,289,1,1000,29,3,21
c5edc6d6a54cbcc12367409391fdfc50,Luminária Pendente Moderna,,moveis_decoracao,39,210,2,400,40,11,35
82df2add69e03f9b165a7e46429c9484,Prateleira Flutuante para Sala,,moveis_decoracao,57,1492,3,2600,105,3,70
53374f156a1ace240c1db1d30de7f110,Cortador de Grama Sem Fio,,ferramentas_jardim,44,293,2,3000,50,17,38
167b946cfe5de05aadc151871edf7bb9,Limpa Para-brisas 500ml,,automotivo,54,1008,1,1100,17,12,16
fb19ac22e32dfecea21afbdde4b97b5f,Película de Vidro Temperado Universal,,telefonia,54,804,2,100,16,13,16
65bfaa2fff2cfb55a0b7a466549e6758,Shampoo Anticaspa 300ml,,beleza_saude,29,1773,1,2000,30,12,16
6cb17f17ee982e47c1b99fc0d67b1a8b,Teclado Multimídia ABNT2,,informatica_acessorios,55,907,3,1400,16,17,23
991dc21288b4d582f86f85f7af02aba5,Cama Mesa Banho - 800g - 25x5x25cm,,cama_mesa_banho,55,844,1,800,25,5,25
394ccaadf8429703362e1796dccbf4d9,Alimentos - 1kg - 16x20x15cm,,alimentos,38,1345,1,1400,16,20,15
03d817e5e392e78674ed0bd8195f9159,Teclado Mecânico RGB,,informatica_acessorios,56,590,1,1350,23,9,23
98c0c93d863d3da23549a04d45033e06,Organizador de Gavetas 3 Níveis,,utilidades_domesticas,37,813,1,17950,56,28,56
f5aabe40f3dfd95db498f07a13919204,Relógio Casual Masculino,,relogios_presentes,48,528,2,1100,30,15,30
4e7e434548eab61622e345ad85090742,Bebidas - 1kg - 23x23x23cm,,bebidas,59,1355,1,1360,23,23,23
6610913b9a847f8fc5f66f13dad12680,Prateleira Flutuante para Livros,,moveis_decoracao,28,535,2,150,22,22,22
62962adb9db1eeb96d0dd8fd2eb87875,Teclado Multimídia ABNT2,,informatica_acessorios,51,1331,1,900,32,11,11
e0195a27314c382f2ab4c2bbebee854f,Fogão 4 Bocas Inox,,eletrodomesticos,52,620,2,100,20,2,26
4a9ba6f126261f91a91af268158e1ea4,Limpa Para-brisas 1L,,automotivo,56,703,6,7300,47,19,23
09b0d15a8cc9a84e7af7e0225f67dc45,Espelho Decorativo Ovalado,,moveis_decoracao,52,252,1,1400,20,20,20
8afd99798fadd878e37b5bca830e6525,Cama Mesa Banho - 3kg - 45x15x35cm,,cama_mesa_banho,35,347,1,3400,45,15,35
fe547f9a78a612634a416e6be45fe693,Cama Mesa Banho - 3kg - 44x16x40cm,,cama_mesa_banho,56,605,2,3718,44,16,40
3d4e6c456d3ec15021dd8b42b9ce7ffc,Bola de Futebol Oficial,,esporte_lazer,55,1119,4,2150,50,30,30
50e015dd53fdcfa8502a7e6827e1fbe6,Alimentos Bebidas - 1kg - 23x19x22cm,,alimentos_bebidas,35,330,1,1250,23,19,22
94e87c8d2cac9ca6fa8c91b99712caaf,Telefonia Fixa - 675g - 20x23x19cm,,telefonia_fixa,47,178,2,675,20,23,19
8adfef9b7c8f92b52ef0d9fb88ee9997,Estante Organizadora 6 Prateleiras,,moveis_escritorio,41,1348,1,9300,53,74,18
0701bc9fbbb6612a2e7427a3e7ddbf6e,Webcam Full HD 1080p,,eletronicos,54,312,1,300,24,11,16
a47a2ff12ffe20f1a2a85fb37d2712ec,Raquete de Tênis Júnior,,esporte_lazer,60,3146,4,1000,94,15,15
9330504b97ecb321002b3f0af1f0f467,Cama Mesa Banho - 467g - 45x4x35cm,,cama_mesa_banho,58,624,2,467,45,4,35
ee98d78ba152f752429f6bc86297841f,Construcao Ferramentas Seguranca - 3kg - 40x21x32cm,,construcao_ferramentas_seguranca,47,2003,1,3125,40,21,32
85d8ae64b3b59814a1136254a96f5693,Fashion Bolsas E Acessorios - 150g - 43x16x27cm,,fashion_bolsas_e_acessorios,56,354,3,150,43,16,27
f82db1a0fde998180d60adea56e1acf4,Lixeira Automática 5L,,utilidades_domesticas,34,92,1,1300,38,6,38
ac1789e492dcd698c5c10b97a671243a,Luminária Pendente Moderna,,moveis_decoracao,41,432,2,300,35,35,15
cf82a4158ba3a1135ca9618d4ad1b204,Cama Mesa Banho - 1kg - 40x6x30cm,,cama_mesa_banho,51,231,1,1800,40,6,30
495bddc7440e227dcf4af56f47749587,Shampoo Anticaspa 500ml,,beleza_saude,42,743,1,867,13,14,12
c58fc7dab2a718f8aa5522dd57c2b18d,Cama Mesa Banho - 1kg - 45x25x35cm,,cama_mesa_banho,58,396,1,1900,45,25,35
775882cccdd5199956853d6117b0e650,Fogão 4 Bocas Inox,,eletrodomesticos,48,196,3,300,24,11,16
3881e42dae9f77fcbaf9f23020b7ef44,Necessaire Viagem 3 Compartimentos,,malas_acessorios,45,218,1,800,46,10,34
dabdc2874e4fc6d00d647f150317d29d,Shampoo Anticaspa 500ml,,beleza_saude,53,853,1,300,19,17,15
0f0143975760d1205a4285a4e2a1bdea,Cama Mesa Banho - 1kg - 16x10x16cm,,cama_mesa_banho,50,747,1,1050,16,10,16
d239ed6ed6dabbcbfd8a3b776e1ca50c,Lixeira Automática 12L,,utilidades_domesticas,59,1199,10,30000,60,60,60
3c9ddb88ecde498679b5c3b5f9b0a213,Jogo de Blocos 200pç,,brinquedos,56,378,3,270,26,9,16
c5e40a9da6e1df4edf4c4e95d7c4bf0c,Protetor Solar FPS 50,,beleza_saude,56,2908,2,250,26,26,11
52ed6cbde6c5bee6f2ea166bf4c1d972,Prateleira Flutuante para Livros,,moveis_decoracao,38,161,2,550,16,12,21
f86ab4e67c4b9e24b61a0abab8cba388,Cama Mesa Banho - 500g - 45x15x35cm,,cama_mesa_banho,55,262,1,500,45,15,35
f2f411f86bd5bd427e28e2a30771761f,Cama Mesa Banho - 1kg - 44x2x35cm,,cama_mesa_banho,58,188,1,1150,44,2,35
b63b2afaf851b15bdec6e67c553c0ece,Prateleira Flutuante para Livros,,moveis_decoracao,44,462,1,100,19,3,12
41f0468311f84a21f55c7f09f6c8fa67,Pendrive 32GB USB 3.0,,informatica_acessorios,55,1994,2,400,16,10,11
ee385c61faaa052a8d58dc2a88b66f82,Kit de Limpeza Multiuso (5pç),,utilidades_domesticas,56,645,2,650,24,5,18
a0a6ba377d74146f38d2de3fca3817ae,Lixeira Automática 5L,,utilidades_domesticas,56,684,1,9350,40,35,40
6a041eb6fc1af9d2634e039453f67598,Protetor Solar FPS 50,,beleza_saude,57,1066,1,2000,30,12,16
7020952e39b390bfe87c475d4c99b3d7,Organizador de Gavetas 3 Níveis,,utilidades_domesticas,42,299,1,3700,40,34,21
92762f3fd2e9105edc850be0f5b3c51e,Luminária Pendente Vintage,,moveis_decoracao,54,413,2,500,32,18,18
c8df81dfad2ad37b2194a2798ec06bce,Boneca Articulada 30cm,,brinquedos,58,1584,3,1150,44,14,30
96cfc21d191df7257d9a6dfef4d897fd,Cama Mesa Banho - 550g - 30x3x19cm,,cama_mesa_banho,55,458,1,550,30,3,19
989caa6177866c67ca1935b442479111,Bola de Futebol Oficial,,esporte_lazer,57,1585,6,300,16,4,20
71d3eb56de43c35d4386dcb564a0fc92,Creme Dental Branqueador 90g,,beleza_saude,30,602,1,650,20,14,15
fa157aa51a996cc533b9048c3c8118a0,Ámbar Noche Eau de Parfum,,perfumaria,37,431,1,200,20,10,15
77dcfc5b971dc8c9efed8eebca4af2d5,Necessaire Viagem 5 Compartimentos,,malas_acessorios,57,417,1,700,100,11,11
07b6a3b7bd0e9c54119f7c679edccca4,Relógio Casual Feminino,,relogios_presentes,47,511,1,400,16,11,11
f9888c7f6af544006f91ca92833d3507,Limpa Para-brisas 500ml,,automotivo,59,873,2,2000,54,17,24
c202b596f6f2dafcad69ea9d86fbaaff,Shampoo Anticaspa 500ml,,beleza_saude,30,648,1,350,19,13,14
636f5be2cd52da4047bb73b7b15329e3,Audio - 300g - 16x9x11cm,,audio,31,315,6,300,16,9,11
c1ad8ac66c91ad301cefc322ba2adf31,Relógio Casual Feminino,,relogios_presentes,44,371,2,757,19,14,15
001c5d71ac6ad696d22315953758fa04,Cama Mesa Banho - 1kg - 47x21x41cm,,cama_mesa_banho,50,381,1,1800,47,21,41
dd5a5e7b2b76089d6415070e8d6d5456,Lixeira Automática 5L,,utilidades_domesticas,52,4,1,1450,27,29,26
9f621d1fd090c5ca124462612ceabd96,Lixeira Automática 12L,,utilidades_domesticas,48,878,1,3200,30,13,28
b72569983090c8bcd75fe577f5be5934,Geladeira Frost Free 400L,,eletrodomesticos,60,62,1,350,16,35,25
f32ac4ba1acc078eadefc29c8d76a9e2,Aromatizante Automotivo Lavanda,,automotivo,46,2304,4,250,16,6,15
30a6a74ad9391b95bfc088f875ce8cfc,Balão de Voleibol Praia,,esporte_lazer,21,160,1,360,30,13,22
9fe7f92d158e1d98ee0b32849b893677,Andador Infantil Musical,,bebes,47,1407,7,26000,84,25,50
ab3c88a070e61288a0f37d8ea38e7cbe,Espelho Decorativo Ovalado,,moveis_decoracao,49,666,1,3450,30,35,30
2f4fe9fe975fa20adbb6d6f38c5fab3b,Kit de Poda (Tesoura + Serrote),,ferramentas_jardim,43,1530,6,300,17,6,11
19a6ffd4e245a92747a693805163a60f,Mouse Gamer 16000 DPI,,consoles_games,28,790,3,150,23,3,18
cfcb14e1f3b7ac5213b4e2ae7697598b,Livros Tecnicos - 350g - 21x2x14cm,,livros_tecnicos,20,608,1,350,21,2,14
50b0e47f8219992ae98677122c483fde,"Mochila Executiva 17""",,malas_acessorios,53,700,1,9500,76,32,49
b02a3f9824b29932f36a74d811f1b14c,Produto - 2kg - 58x18x45cm,,,,,,2500,58,18,45
332b3e10a1e54aa72c52f41221eb53ab,Caneca Criativa 350ml,,cool_stuff,38,870,1,1800,27,12,21
19ae99a380c31edb46ed9e7dc1e9931c,Kit de Limpeza Multiuso (5pç),,utilidades_domesticas,58,1206,1,17950,43,68,41
3e3c08f8d0d3bbe5094186e4562b6651,Carregador Rápido USB-C 30W,,telefonia,23,879,1,200,18,5,12
d66eeeb49d2801f33401c8c6828aee40,Carregador Veicular Bluetooth FM,,automotivo,23,312,1,700,25,20,20
5b276c5a1bbe9381dd336487c3b0dea1,Violão Acústico Cutaway,,instrumentos_musicais,57,968,8,1650,52,5,47
ce4819dda4ac7cf24daf8f88eb5b70af,Necessaire Viagem 5 Compartimentos,,malas_acessorios,44,215,1,700,46,10,33
8c59dc491e73996f708d433188285ed1,Cama Mesa Banho - 850g - 30x10x25cm,,cama_mesa_banho,55,315,2,850,30,10,25
f1bad58626618e14b6b25b096acee146,Protetor Solar FPS 50,,beleza_saude,60,918,1,150,22,3,15
119cfca51257edda1acecb4b8576ec48,Caneca Criativa 350ml,,cool_stuff,59,1618,3,600,16,14,15
710e89a75e7f980a83c21d9f884ae13a,Relógio Casual Feminino,,relogios_presentes,59,502,6,300,16,2,20
503a975b7fd96719d7cdb8b88e7f5d0e,Cama Mesa Banho - 20kg - 45x15x35cm,,cama_mesa_banho,52,354,1,20900,45,15,35
42a2bd596fda1baef5719cb74f73030c,Cama Mesa Banho - 1kg - 44x2x35cm,,cama_mesa_banho,60,188,1,1300,44,2,35
483bc1cbabb3fd0c16d82d2f162852c4,Bota Social Masculina 41,,fashion_calcados,60,402,2,2000,32,12,37
770c09cc394c3244d902afda4ea364bc,Prateleira Flutuante para Sala,,moveis_decoracao,47,709,2,1500,30,25,25
69268ea255c0a531db56f066777fdcf1,Livros Tecnicos - 1kg - 29x3x21cm,,livros_tecnicos,53,1232,1,1300,29,3,21
6e24ce18a756dce11359936057941ad6,Bola de Futebol Oficial (Edição Especial),,esporte_lazer,43,1765,1,6850,20,30,20
f38ded084a0a2da8b32fda4789f494a3,Bebidas - 1kg - 33x13x33cm,,bebidas,20,1426,1,1003,33,13,33
d64615580eb89e5d9a6ae0e37135a5fe,Produto - 300g - 16x7x11cm,,,,,,300,16,7,11
aa8bc5595ba5d066c744e14995402cdd,Ámbar Noche Eau de Parfum,,perfumaria,56,680,1,333,20,13,14
c414790bdf0857692c821035bc3f6a0e,Fone de Ouvido Bluetooth 5.0,,eletronicos,53,273,5,400,26,8,18
820f00b477e89a3bccfeb1e994a4a663,Eletroportateis - 7kg - 41x26x27cm,,eletroportateis,59,909,1,7500,41,26,27
0366dd798c6de7ec8d16c23de6a82cfd,Coleira Antipulgas 8 Meses,,pet_shop,53,830,15,3500,39,20,46
95d4404184aa5ce72e590362cc471d62,Cama Mesa Banho - 1kg - 37x23x35cm,,cama_mesa_banho,52,297,1,1300,37,23,35
29b65c78c1d8d70da25c6a553e1bfdb1,Colônia Nativa 200ml,,perfumaria,59,402,1,350,16,16,16
b39da6a215a2f5ef47103501b37e19d2,Boneca Articulada 30cm,,brinquedos,45,347,3,1200,32,50,20
4d78056b9f9774c590e778a5fbdb7150,Necessaire Viagem 5 Compartimentos,,malas_acessorios,52,425,2,600,80,11,11
43f911ac50adc19a96cd523ade4e7cca,Shampoo Anticaspa 500ml,,beleza_saude,58,963,1,1617,19,15,18
1aa2ed670a95e9f475723707a7c3f386,Cama Mesa Banho - 1kg - 38x6x29cm,,cama_mesa_banho,50,234,1,1000,38,6,29
5cca824e6a0eebe738c8a6381d0d9349,Mouse Óptico USB,,informatica_acessorios,63,978,1,200,16,23,19
914cb9a32dcc2be329cd84c5012edc5d,Moveis Quarto - 1kg - 54x7x15cm,,moveis_quarto,28,458,2,1700,54,7,15
3625fbaf8284047185fb0351f2f84ae3,Balão de Voleibol Praia,,esporte_lazer,55,815,4,1600,25,8,25
4724ffa427f315c485e39b02e21859b2,Shampoo Anticaspa 300ml,,beleza_saude,52,1059,6,550,16,9,11
a2db3ea3100e9950a30b8f0af164ed6f,Mouse Óptico USB,,informatica_acessorios,42,578,2,200,32,12,12
0ecb699933e1e9cc336bf7569ad72e84,Luminária Pendente Moderna,,moveis_decoracao,24,1707,2,600,30,15,15
f2a286e75c6c6022c0e7242e12a39079,Relógio Casual Masculino,,relogios_presentes,58,623,2,140,16,14,14
2fc738cd8396c43c0235072751a180cf,Trem Elétrico com Luzes e Som,,brinquedos,52,210,1,350,16,16,16
5ccc345baeee162f46c5b18f7c5ccde1,Balão de Voleibol Praia,,esporte_lazer,57,372,1,3000,36,22,24
f4b4b654b5d11b8e56d603ffc530ddd9,Carregador Rápido USB-C 30W,,telefonia,45,1173,1,200,16,15,15
36f8f85fb4edf9d4e94bf65e8d3298d4,Cama Mesa Banho - 950g - 29x4x21cm,,cama_mesa_banho,52,234,3,950,29,4,21
18e2f2853af64a5c039fb829e8609da1,Relógio Esportivo com GPS,,relogios_presentes,55,457,1,600,16,11,11
ec1a2701e8f1d9d8703e876f5c0342d4,Cama Mesa Banho - 3kg - 34x8x38cm,,cama_mesa_banho,57,665,1,3600,34,8,38
71f4e8616f830f33d1059bad50cacf99,Raquete de Tênis Júnior,,esporte_lazer,48,886,1,200,33,4,13
5e702ce174d6c9fe3eaea9a5bde40a14,Lixeira Automática 5L,,utilidades_domesticas,56,691,3,7100,25,52,37
17c52ae67ff6a495f5c73e4fe7beb56a,Fashion Bolsas E Acessorios - 300g - 16x5x14cm,,fashion_bolsas_e_acessorios,44,371,5,300,16,5,14
9f9a7e97e09d403a01120dc5f4ebf36b,Construcao Ferramentas Jardim - 215g - 21x7x15cm,,construcao_ferramentas_jardim,55,2039,6,215,21,7,15
34cca2ce290bf56db69e0f6d2104fc37,Creme Dental Branqueador 90g,,beleza_saude,41,756,1,150,23,4,17
22f9bcc7235913f6ae3011796a4f4bbe,Bola de Futebol Oficial,,esporte_lazer,53,868,1,1625,21,28,17
f8cd8a989b03ce1808d9d8d76668ea51,Prateleira Flutuante para Livros,,moveis_decoracao,52,1216,4,3000,70,15,15
a038fb43df28bc37115e29e63d9809b7,Cama Mesa Banho - 1kg - 38x10x38cm,,cama_mesa_banho,55,246,1,1050,38,10,38
b357dcb28df5d58381e1c9d6541f8064,Caneca Criativa 350ml,,cool_stuff,57,1826,6,250,16,3,11
27274145782d0048827cb28b7786323b,Portateis Casa Forno E Cafe - 5kg - 48x36x16cm,,portateis_casa_forno_e_cafe,50,2626,6,5217,48,36,16
e493c5e2a707b9eb0f6d01041c86856e,Lixeira Automática 12L,,utilidades_domesticas,55,343,2,5550,40,10,30
a0b14f5ef88242a8cec43b93f9d0fd6f,Bateria Eletrônica Compacta,,instrumentos_musicais,44,317,5,550,16,6,12
87689c3ea34514e449355126a5fc299e,Sinalizacao E Seguranca - 350g - 23x4x20cm,,sinalizacao_e_seguranca,58,626,3,350,23,4,20
fa381a4a9af65ea5fc8f3829214045f9,Balão de Voleibol Praia,,esporte_lazer,60,1351,7,3050,62,10,22
822448321a1c019d77daab0994ffee35,Livros Tecnicos - 1kg - 29x3x21cm,,livros_tecnicos,37,1176,1,1250,29,3,21
4f0e806431f76599423676fd485109ae,"Mochila Executiva 17""",,malas_acessorios,49,343,1,700,17,44,37
46c01e269265ddd1b66ccc8b4588a411,Tábua de Picar Bambu (3pç),,utilidades_domesticas,34,767,2,4150,29,28,23
c1b908d9b4d79147d9ce5f0289745353,Shampoo Anticaspa 500ml,,beleza_saude,56,1670,1,300,28,24,11
e9e7c466f491674b6f283e2d2c8da88a,Raquete de Tênis Júnior,,esporte_lazer,45,380,1,1250,32,15,36
2d4d78eecba060a7127c5f6a21cdb0c7,Boneca Articulada 30cm,,brinquedos,28,137,1,2444,45,22,41
b114bf337c0626166abe574eee9e3f32,Cadeira Presidente Ergonômica,,moveis_escritorio,47,1398,1,13350,57,56,22
765b1b0a0b478b2e57a71fcd873ab4a2,Organizador de Gavetas 3 Níveis,,utilidades_domesticas,59,452,1,600,26,21,21
7d6ff8668892b298e80202cbb7099272,Carregador Rápido USB-C 30W,,telefonia,39,1311,1,231,18,13,14
79cdc73931bb8e30077784ebbd2a16fc,Marcador Permanente Preto (5un),,papelaria,50,337,1,1900,20,50,38
d048c384871633c66df10bc4d05e2345,Aromatizante Automotivo Lavanda,,automotivo,51,1657,6,16900,40,30,30
49c668b9d350a5836df4594378b09f0f,Sinalizacao E Seguranca - 150g - 23x8x16cm,,sinalizacao_e_seguranca,60,1144,1,150,23,8,16
3743820de2227103b72b029a352fb98b,Teclado Mecânico RGB,,informatica_acessorios,38,391,1,183,16,16,11
84a517a0e06ef2a45abff3cab3f0ad0e,Teclado Multimídia ABNT2,,informatica_acessorios,46,643,2,225,16,15,13
fb9b26e56f7f624662ef9df82889f63d,Fashion Bolsas E Acessorios - 50g - 16x5x16cm,,fashion_bolsas_e_acessorios,29,830,1,50,16,5,16
67677f0c9d58c64d17cdbad0abe40285,Teclado Multimídia ABNT2,,informatica_acessorios,56,276,3,200,16,4,20
3c4fa3a3881df35a8f19bec369491d50,Creme Dental Branqueador 90g,,beleza_saude,34,426,1,606,19,11,16
32c871f1791d0176b14c3081c3cf3e74,Prateleira Flutuante para Livros,,moveis_decoracao,51,1006,2,2000,11,11,52
144266e1585320d057797a369596bb8b,Luminária LED Multicolorida,,cool_stuff,39,765,2,1925,30,32,27
ee5329ffbe604bebcf84b2fd7792024e,Creme Dental Branqueador 120g,,beleza_saude,53,84,1,250,23,7,15
eeee41946ce5551470e97aef50ccf4c4,Berço Portátil Dobrável,,bebes,49,1522,4,600,23,18,26
ad53b74739180a632354ce9cb16bbdde,Carregador Veicular Bluetooth FM,,automotivo,53,2974,1,50,30,30,30
bb5c167b9d0732488b3b5a0b173cc41d,Kit de Limpeza Multiuso (5pç),,utilidades_domesticas,22,268,1,550,27,5,20
79e42c4fa2bde6e0c828d23c4fb7df35,Violão Acústico Cutaway,,instrumentos_musicais,57,962,4,900,42,8,40
bfb85a2851757334da980ac9893a6261,Produto - 200g - 16x2x11cm,,,,,,200,16,2,11
38bd9bace6634c6a98f17942fb637acf,Fashion Bolsas E Acessorios - 400g - 20x20x20cm,,fashion_bolsas_e_acessorios,13,218,1,400,20,20,20
8a9405a507847ccf7d53141b2b16909d,Teclado Musical 61 Teclas,,instrumentos_musicais,46,3360,6,1900,35,15,20
2a1dc7b4d777085804b1a6389639870c,Batedeira Planetária 400W,,eletrodomesticos,59,302,1,500,20,13,15
34d0ca9f9eb36d00ed5f2039c161ba8e,Luminária Pendente Moderna,,moveis_decoracao,59,2010,2,1350,69,11,11
9b056287fe05c2dfb1394ff376621eca,Shampoo Anticaspa 300ml,,beleza_saude,40,657,1,800,21,20,16
0347f9daa0a33f82b4c9c0821450cc8a,"Mochila Executiva 15.6""",,malas_acessorios,58,1038,5,9075,29,39,45
60d1e2123927bc621354b0ab11cc8fd5,Produto - 300g - 16x19x16cm,,,,,,300,16,19,16
89bbac967e47033f5d8c15527de1ef9f,Casa Conforto - 3kg - 40x20x40cm,,casa_conforto,57,217,3,3500,40,20,40
6ce07ff93c0dbafa9df5c10038e41287,Cama Mesa Banho - 4kg - 26x26x36cm,,cama_mesa_banho,33,1061,1,4150,26,26,36
4cbe2c068a0dedc1d12e126a2e7a15e3,Raquete de Tênis Júnior,,esporte_lazer,21,606,1,8700,32,10,11
b3dc35a7b0042136507e1c174bd7cd2d,Carregador Veicular Bluetooth FM,,automotivo,59,2951,2,150,16,7,11
d8d11b0dfd20afdb942dabc4ddb5fe24,Carregador Rápido USB-C 20W,,telefonia,48,451,2,100,19,3,11
16ba44d9231d19fc57e0a4188d0ce1cf,Espelho Decorativo Ovalado,,moveis_decoracao,50,488,1,303,25,2,17
266bd39cb9a2ea456f82d4175e6306c4,Balão de Voleibol Praia,,esporte_lazer,44,979,2,7150,90,20,25
48b61c49e5be4efe8b3247569ed59332,Relógio Esportivo Resistente à Água,,relogios_presentes,57,228,1,1000,16,10,11
3aa3fb2fdb16c7383879e48a574fc8ab,Prateleira Flutuante para Livros,,moveis_decoracao,42,87,3,11850,74,8,74
254e83d8714765408ae71c07e6a972e0,Capa para Samsung Galaxy S23,,telefonia,60,438,2,651,20,15,22
01b8234bc0c131e61acb47932d0bc25f,Balão de Voleibol Praia,,esporte_lazer,37,161,3,200,20,15,20
de4fdf07188007d3f9847a7ebe30039c,Shampoo Anticaspa 300ml,,beleza_saude,41,262,1,450,16,15,15
7fa573c197477e03953feaa1d44bf28b,Andador Infantil Clássico,,bebes,49,1386,9,15200,48,61,47
6eefea74d72822573892405c674918e6,Suporte de Celular Articulado,,cool_stuff,56,1114,5,21900,105,31,31
a357f84a03304a2b4e051596920249eb,Creme Dental Branqueador 120g,,beleza_saude,31,1267,1,850,25,13,16
73c5d3186138770b5ae53055adf10ad9,Produto - 300g - 78x10x22cm,,,,,,300,78,10,22
b61c2827d3a8043826c9132d88188744,Balão de Voleibol Praia,,esporte_lazer,45,407,1,329,19,13,16
40b09f33e646d488df2ca6fec4082d50,Marcador Permanente Preto (5un),,papelaria,56,275,5,7150,60,20,29
6c5572c3342540c8847e2c17ea817038,Creme Dental Branqueador 120g,,beleza_saude,58,330,1,5150,16,16,16
cc137d09f2cf12a1a498c9775c966a09,Teclado Gamer Mecânico RGB,,consoles_games,17,440,5,250,20,3,16
fc9ccf6863eb3c05fbaa46d4382540e7,Limpa Para-brisas 500ml,,automotivo,46,458,1,400,40,20,30
1f7164d40ac0579d08c5b77af30f8dd0,Cama Mesa Banho - 7kg - 16x56x50cm,,cama_mesa_banho,57,414,1,7850,16,56,50
50b82b74dfaf7b1e257d85b3e58bb977,Shampoo Anticaspa 500ml,,beleza_saude,47,186,1,300,19,7,12
ae9618492353b838afaf28bc414be248,Kit de Limpeza Multiuso (5pç),,utilidades_domesticas,57,1236,1,750,23,18,23
633cb41f42ef3dcfc01174d27637d0ad,Capa para iPhone 13,,telefonia,56,341,2,100,19,4,11
6f7326be4926840cfcd094d2629f1049,Tábua de Picar Bambu (3pç),,utilidades_domesticas,57,2812,7,1000,30,12,30
827f677ed9cd1e18a5f4e8ecd4eb7489,Película de Vidro Temperado Universal,,telefonia,42,351,1,200,19,3,11
a6f2ba5bb6d6d36ac92ed1faf4d123f2,Shampoo Anticaspa 500ml,,beleza_saude,52,1153,1,450,20,15,15
0a96387463e89f518bec31ed12378aea,Espelho Decorativo Ovalado,,moveis_decoracao,34,257,2,3400,30,40,40
16fdfb4f828bedbe3ad9a00162bd5339,Carregador Rápido USB-C 20W,,telefonia,46,393,1,100,19,3,11
09dbbe2c4f26cad4d560aea043f9632c,Fralda Ecológica Tam M (50un),,bebes,32,1531,2,800,40,30,50
6f46359e56f51d5deded13adcd1c255c,Shampoo Anticaspa 500ml,,beleza_saude,42,437,1,650,16,16,16
9e6b8ecc9fe47cf9c40c3709b67089e0,Espelho Decorativo Ovalado,,moveis_decoracao,63,285,1,2500,47,21,41
d46fdf0e0cf02b09e384924d6ba77e57,Livro O Poder do Hábito,,livros_interesse_geral,47,706,1,450,23,4,16
bd41529f5f1face3f1d0d72ae81188a6,Coleira Antipulgas 8 Meses,,pet_shop,54,353,1,450,23,4,21
b8411dee248601bc460bac8e1fb8a102,Cama Mesa Banho - 525g - 24x7x29cm,,cama_mesa_banho,56,471,3,525,24,7,29
f52b6b9e0bc35ec9d682eea89b27ef38,Kit de Limpeza Multiuso (5pç),,utilidades_domesticas,59,1794,1,2800,50,50,50
cff277cb1dc167f45eb05eccefbe4b04,Teclado Mecânico RGB,,informatica_acessorios,52,365,1,200,20,12,12
89c759803e084e177bd98baad6fe67fb,Capa para Samsung Galaxy S23,,telefonia,58,818,4,200,17,4,12
aaa86a9a394d5df9490a43aa78b4a59d,Carregador Veicular Bluetooth FM,,automotivo,54,445,5,50,24,2,17
79938780eb7ffb7289f59a9a283bc06b,Creme Dental Branqueador 90g,,beleza_saude,54,1739,1,1300,20,20,20
9376771cb92c045ec36c97fb810f1f90,Kit de Limpeza Multiuso (5pç),,utilidades_domesticas,57,1246,1,175,24,18,24
875db2194361bf1a20064ccd2c697532,Alimentos - 930g - 28x12x12cm,,alimentos,58,2576,6,930,28,12,12
994f625d5c932719310d0a2f43acc714,Relógio Casual Feminino,,relogios_presentes,53,556,2,280,16,7,14
c344623528c017d4fa7c51cb56d17a98,Colônia Nativa 200ml,,perfumaria,32,703,1,552,23,14,19
c86dde6d75b1c5f5c6ac95000a63b7a7,Cama Mesa Banho - 1kg - 50x5x50cm,,cama_mesa_banho,55,384,1,1650,50,5,50
37fe4cdce8bd0f643d3f943a6a3b8e89,Cama Mesa Banho - 1kg - 40x10x30cm,,cama_mesa_banho,45,501,3,1000,40,10,30
a870c32995bde3e0c9b4da66da762f99,Andador Infantil Musical,,bebes,55,330,2,2200,16,35,49
4f28b40a0f7af9ad723f8787a46a4643,Andador Infantil Clássico,,bebes,30,2262,1,650,20,8,14
2d1d20d3c91d3940c6079a3bad529402,Colônia Nativa 200ml,,perfumaria,56,2133,1,150,22,18,17
f15982438cbe439923dbc01e8ee1b6e8,Cortador de Grama Manual,,ferramentas_jardim,50,718,1,9200,33,7,33
b94d8ea73a0921d4019e67239784e7f6,Luminária Pendente Vintage,,moveis_decoracao,51,1554,6,900,28,15,18
627dc84ce949186519dbddc2f58fbdfc,Fashion Bolsas E Acessorios - 200g - 16x11x11cm,,fashion_bolsas_e_acessorios,30,401,3,200,16,11,11
f1262e6654054656c38563755bce3976,Perfume Aventus 50ml,,perfumaria,45,276,1,150,17,7,12
6feee83828f0c900f61f578bbab17911,Raquete de Tênis Profissional,,esporte_lazer,35,401,1,1300,20,20,20
9bc56dc1c13a3dd110faa962cabf1531,Casa Conforto - 950g - 30x20x30cm,,casa_conforto,58,217,3,950,30,20,30
a42d0a44db77a6ed7945bb5c78da1398,Protetor Solar FPS 50,,beleza_saude,42,418,1,200,20,10,15
72c271a278c54c171d6d007eeac8cf24,Marcador Permanente Preto (12un),,papelaria,53,696,5,350,26,36,11
a3bb3642ad1170e55d345dbf5953f38d,Teclado Multimídia ABNT2,,informatica_acessorios,55,713,3,500,25,5,15
254689a977285f8dd17c32b30870e933,Berço Portátil Dobrável,,bebes,57,2883,4,16500,43,83,43
c9af29e8a0c52866bb2c9f5f6344d9b2,Luminária Pendente Vintage,,moveis_decoracao,58,2037,2,650,69,11,11
a694f2632fae82ef419fd71587103dc9,Raquete de Tênis Júnior,,esporte_lazer,44,461,1,5100,60,30,30
75aabc8e1a57380a968e40965ccd0139,Marcador Permanente Preto (12un),,papelaria,57,224,3,300,24,7,14
09c3a2ea33f044aebffecd6681e00133,Prateleira Flutuante para Sala,,moveis_decoracao,45,494,1,1150,35,23,35
23e7b9a386cb15c0b5063bf0d45982a5,Mouse Óptico USB,,informatica_acessorios,29,1431,3,200,18,4,14
6f790ed0f75949b7fa234ec087aed912,Fralda Ecológica Tam G (50un),,bebes,48,1171,1,23033,49,84,49
0f24b7516c5b67c9c686848db9759d88,Boneca Articulada 30cm,,brinquedos,50,1099,2,430,38,12,20
8701ef265f73fd18064df16faa4104ae,Alimentos - 250g - 20x6x11cm,,alimentos,47,890,1,250,20,6,11
85df978207ed4024ea16570dbb64fd6e,Camiseta Geek Estampada,,cool_stuff,33,385,2,100,20,6,15
f90c81e1fa9b03873a387e7919e99b59,Protetor Solar FPS 50,,beleza_saude,40,1672,3,310,16,12,9
c6fdec160d0f8f488d9041316c85051d,Moveis Sala - 30kg - 80x60x60cm,,moveis_sala,57,1107,1,30000,80,60,60
fca62108387e25005784da2f551466a1,Prateleira Flutuante para Sala,,moveis_decoracao,42,87,3,14600,84,8,84
22ca1399dde9714934f8ec09b6aca2fe,Shampoo Anticaspa 500ml,,beleza_saude,55,782,1,1650,31,26,29
c438c9c697a57d265dbb6edd8b174b2b,Trem Elétrico com Luzes e Som,,brinquedos,56,807,5,150,16,12,18
11c3ff6555092bf425ea842a023a7809,Caneta 3D Iniciante,,cool_stuff,46,507,1,1650,23,68,25
2de5c479fb0c490a0f2a2f3ab36e71b6,Pulverizador de Jardim 2L,,ferramentas_jardim,56,511,6,1050,22,21,16
fde7de6bf5508a0001da45dbe6c80b22,Lixeira Automática 12L,,utilidades_domesticas,44,242,3,900,25,15,15
f25bb6afe10215e774d598f4f79d74e8,Trem Elétrico com Trilhos,,brinquedos,54,491,4,1400,41,4,41
3b8b957801a5b4bca1a4f5d1f5d32aef,Carregador Rápido USB-C 30W,,telefonia,30,350,3,100,20,4,15
ad183bca8419cc4a34c0ed87d44b07c7,Teclado Mecânico RGB,,informatica_acessorios,50,1704,3,600,35,18,35
679804d4938f8bf53025298b725f2eb6,Market Place - 500g - 16x16x16cm,,market_place,63,677,1,500,16,16,16
18870238fd023ef96e834a59dbd4405f,Perfume Aventus 100ml,,perfumaria,57,698,1,563,25,11,18
7b1acf905953e320243e6d2e166d852d,Webcam Full HD 1080p,,eletronicos,47,305,1,150,21,7,14
f1f90547cd55861d02c56010c10fa8a5,Prateleira Flutuante para Sala,,moveis_decoracao,29,571,1,7500,47,37,38
eaeb396efeff789c9e55a5126a2c6885,Cama Mesa Banho - 550g - 25x2x20cm,,cama_mesa_banho,59,396,1,550,25,2,20
7569eb05a9b91e5137cd9cf7494043e5,Shampoo Anticaspa 500ml,,beleza_saude,34,1943,3,434,21,14,21
30cf0776f894ba06d8c30bc552330a90,Película de Vidro Temperado Universal,,telefonia,51,302,3,100,19,3,11
8d7ab3701456fdbfe2526636ce15327a,Necessaire Viagem 5 Compartimentos,,malas_acessorios,52,408,1,325,18,18,16
b1ae85955829e28646e38ed2ff6ae776,Cama Mesa Banho - 600g - 60x10x40cm,,cama_mesa_banho,57,184,2,600,60,10,40
9e658d39c905e71cc35ec057b88b185b,Bola de Futebol Oficial (Edição Especial),,esporte_lazer,27,716,6,675,41,21,21
a7a9c0eede9320acf479daf444835d90,Fone de Ouvido Bluetooth 5.0,,eletronicos,38,879,1,501,19,10,91
869e769127ff8442f28e7e782ae62d8f,Fashion Bolsas E Acessorios - 200g - 16x5x11cm,,fashion_bolsas_e_acessorios,45,416,4,200,16,5,11
7b813bcc93ea73f063db20ce6c3911c4,Creme Dental Branqueador 120g,,beleza_saude,59,493,1,537,23,8,14
33cd5581eb3d0497d9af68a34603ec7e,Relógio Casual Masculino,,relogios_presentes,60,724,1,400,28,10,18
a2ff5a97bf95719e38ea2e3b4105bce8,Eletroportateis - 11kg - 40x43x36cm,,eletroportateis,40,849,2,11800,40,43,36
27c0cea4dc76549f5bd124d9cad0ae3b,Berço Portátil Dobrável,,bebes,57,346,2,13700,55,30,55
5919b992cefc81ed9074411c99401add,Violão Acústico Clássico,,instrumentos_musicais,44,872,2,550,17,7,12
729a75e5cb63f785e67ebd8c44a5c0ee,Relógio Esportivo Resistente à Água,,relogios_presentes,37,621,1,350,23,12,15
ae04d3b0fa8cd38fa974ec0c4c03c5ce,Caixa de Som Portátil 10W,,eletronicos,49,429,3,5525,20,18,15
30699bee01692428398004b3308133e4,Sinalizacao E Seguranca - 2kg - 49x50x30cm,,sinalizacao_e_seguranca,35,264,1,2775,49,50,30
e3a3f867448d4e54c737944db7122dbd,Camiseta Geek Estampada,,cool_stuff,33,895,1,1100,42,25,15
03ac940e93916395ea0483161cc84d5c,Kit de Poda (Tesoura + Serrote),,ferramentas_jardim,47,1489,1,6800,77,14,34
1613b819ab5dae53aead2dbb4ebdb378,Aromatizante Automotivo Lavanda,,automotivo,60,982,2,50,17,10,15
e868c0f77a736432fd2f4f905858ef26,Mouse Sem Fio 2.4GHz,,informatica_acessorios,34,232,1,1425,23,18,18
333f69c22d63fc171fccf98d48ee742b,Mouse Óptico USB,,informatica_acessorios,56,303,5,667,17,9,16
4407440c06d8c11ce1b2e61c4382a8f3,Colônia Nativa 200ml,,perfumaria,29,450,1,450,21,14,15
4c88eca6c1faef5911374843849bd577,Relógio Casual Masculino,,relogios_presentes,53,838,1,287,18,13,14
0654d3c1e3efc7e7cd9dbde9cb743df2,Cortador de Grama Manual,,ferramentas_jardim,52,368,2,700,20,18,19
63c91bb26c656cd5fe0d2ca82b632c84,Raquete de Tênis Profissional,,esporte_lazer,57,1278,3,850,44,22,32
4182ad8f6fd91b6064f2d1097d8a4291,Creme Dental Branqueador 90g,,beleza_saude,38,929,1,1097,18,18,16
7aa53bb43cb5b12d70be2a69d1e3c364,Necessaire Viagem 5 Compartimentos,,malas_acessorios,58,487,3,16200,26,57,39
e068d6beb383500788df589d811cbda0,Cama Mesa Banho - 1kg - 45x15x35cm,,cama_mesa_banho,53,244,1,1900,45,15,35
55cfb8318af6fe90dfacf0892abb2cee,Luminária Pendente Vintage,,moveis_decoracao,58,2010,2,1500,69,11,11
af9418dfcdd7f19b51906a2f32cd6bc0,Cama Mesa Banho - 2kg - 34x9x33cm,,cama_mesa_banho,59,289,1,2150,34,9,33
3b2d562ba6c9d15492a868f38b896e84,Telefonia Fixa - 900g - 21x8x22cm,,telefonia_fixa,60,950,1,900,21,8,22
cda3337475782af1a6a9e5580ca94b7e,Marcador Permanente Preto (12un),,papelaria,53,818,1,400,35,16,16
0ba8d6ed826271d06a9ebd6e3c3e8b3e,Protetor Solar FPS 50,,beleza_saude,45,181,4,400,25,5,12
e06ff9a961edac4a89f5451882861adf,Organizador de Gavetas 3 Níveis,,utilidades_domesticas,48,1430,2,800,30,10,25
562f4fcb4d0fb2cd4b547e42e5bfd2e6,Carregador Rápido USB-C 20W,,telefonia,50,3135,4,400,20,11,13
f0059d6f29674e2ee22b3d3b4dc560f9,Prateleira Flutuante para Livros,,moveis_decoracao,60,2007,4,2750,69,11,11
2ace3826b9a1b13030adc77ae9ae7902,Telefonia Fixa - 750g - 30x10x20cm,,telefonia_fixa,58,438,2,750,30,10,20
9e3a963e739c0a28056ba2ab33dc3ec2,Creme Dental Branqueador 120g,,beleza_saude,55,540,3,1500,20,22,22
16042ffa9e13c9207641ee169b044346,Eletroportateis - 2kg - 19x20x18cm,,eletroportateis,47,616,2,2167,19,20,18
1550a0fe151b511cb7cb327c55c865d3,Fralda Ecológica Tam G (50un),,bebes,56,1386,9,10875,68,44,35
afc0353fe79b04ccc1c58929acbbe62a,Furadeira de Impacto 500W,,construcao_ferramentas_construcao,56,1776,6,2100,34,18,18
f3412532ea4da687eaa6943639812bc3,Fraldas Higiene - 700g - 35x7x29cm,,fraldas_higiene,49,1151,8,700,35,7,29
ef69da85d3bc28e624e5bc8fd34456c7,Cortador de Grama Manual,,ferramentas_jardim,43,165,1,14350,40,50,40
a0aa27e9f5d02670c0bb803f98863d43,Pendrive 32GB USB 3.0,,informatica_acessorios,59,391,1,939,26,17,18
f3466e14c29ba0ba18ff6362c94ecdfa,Relógio Esportivo Resistente à Água,,relogios_presentes,38,397,3,560,18,11,16
9df7a56fa4352899fa6976c54a35ae3a,Relógio Casual Masculino,,relogios_presentes,57,588,2,400,16,11,11
fac45b7ba2d8cbbf4d7ab67256745106,Bola de Futebol Oficial (Edição Especial),,esporte_lazer,53,754,1,4950,90,21,21
9bd6de7d37cef435aacc25680a69db61,Sanduicheira Elétrica Grill,,eletrodomesticos,50,130,1,8400,55,13,46
a2d0e33d71561d8116565565a6f68578,Produto - 150g - 16x16x16cm,,,,,,150,16,16,16
7f27a510cfe7b7c16bdba4e185dd7940,Luminária Pendente Moderna,,moveis_decoracao,36,237,2,7400,45,45,45
ab29bedd6685cf84ec913965978c9d3a,Limpa Para-brisas 1L,,automotivo,58,1276,4,1350,21,21,21
1c5e5b3851dcb42f81def7b900898c83,Shampoo Anticaspa 300ml,,beleza_saude,56,1296,1,300,16,16,16
33fac76e7f17367dedaef7954bbb33b4,Shampoo Anticaspa 500ml,,beleza_saude,63,1113,2,550,20,20,20
e09d5f4f915241efd18cd37fa543d7fa,Bola de Futebol Oficial,,esporte_lazer,46,283,2,2350,60,15,15
7e0f1b886ed1dd65930f3b9a30d563d2,Creme Dental Branqueador 120g,,beleza_saude,37,361,2,900,94,31,41
0aa63972ae4967bb6874df796163549d,Tapete Higiênico Cachorro 40x50cm,,pet_shop,63,1440,3,5000,40,20,50
52064f1a0937c3c72679b986b8ad7661,Cama Mesa Banho - 1kg - 45x15x35cm,,cama_mesa_banho,56,262,1,1850,45,15,35
a0cf997ca06fc964e6c1f03d9a5e7752,Luminária Pendente Moderna,,moveis_decoracao,63,695,6,1500,25,33,25
186052b3f166a0f7227e78b2d27652d3,Casa Conforto - 3kg - 20x30x46cm,,casa_conforto,56,162,1,3200,20,30,46
2c004d873fda9131eb12f6b71538087a,Cama Mesa Banho - 1kg - 32x5x29cm,,cama_mesa_banho,54,683,1,1517,32,5,29
531e80cf1d0a71c020c1814e474a2045,Cama Mesa Banho - 1kg - 28x25x11cm,,cama_mesa_banho,53,1814,1,1650,28,25,11
e6746d9281278108ca3319c4f0e6d05e,Colônia Esportiva 150ml,,perfumaria,12,417,1,463,17,14,13
5eaec7fd1d19f063638a519d473cb200,Suporte de Celular Articulado,,cool_stuff,54,190,1,200,20,5,15
4f45fa1109c51a1b799a8fe7a3f9a854,Fashion Bolsas E Acessorios - 150g - 16x9x11cm,,fashion_bolsas_e_acessorios,36,352,3,150,16,9,11
bc43d9cc64d7ff9093e8dd66b4d87665,Raquete de Tênis Júnior,,esporte_lazer,57,969,1,1125,31,29,29
b833b995caddd97b8786370988e32ee4,Organizador de Gavetas 3 Níveis,,utilidades_domesticas,54,351,2,200,20,15,15
e5458c88e2edc3d9d1109ae906fdbc62,Limpa Para-brisas 500ml,,automotivo,58,117,1,350,30,15,25
51e3084a334ce75dc646c9c6eea90e37,Raquete de Tênis Profissional,,esporte_lazer,58,390,1,175,22,7,15
eccec1984cb1d214cc91f3168b113958,Relógio Casual Masculino,,relogios_presentes,59,89,3,200,16,2,11
e3f398034e0ebbe5e0d3fb91036258e9,Teclado Mecânico RGB,,informatica_acessorios,49,1053,3,217,17,9,14
bf818ef79f0bf94fcefe6d0f1c707cda,Cama Mesa Banho - 2kg - 35x9x25cm,,cama_mesa_banho,60,230,1,2075,35,9,25
01cdc6fbdb39fc792bb4c40164ce2331,Aromatizante Automotivo Baunilha,,automotivo,44,1085,1,7050,102,4,41
7c6ae4d12d2754ca0826ad17792c554e,Bola de Futebol Oficial (Edição Especial),,esporte_lazer,55,2848,1,2000,33,30,30
ea5dab9d789df7f5cef0e41002bdf47b,Capa para Samsung Galaxy S23,,telefonia,57,631,2,200,19,4,11
f66b9de04ca29b4039377a323e949dc0,Moveis Cozinha Area De Servico Jantar E Jardim - 25kg - 45x86x27cm,,moveis_cozinha_area_de_servico_jantar_e_jardim,37,62,2,25400,45,86,27
afa29d87f14911e7ddf199438b208e37,Mesa de Escritório 120x60cm,,moveis_escritorio,39,2137,1,7500,58,28,58
f20a0bbd61ffeff9d684961e2d9a5be0,Luminária Pendente Moderna,,moveis_decoracao,63,462,6,500,20,5,48
a0ef8572cd061badd81ffc48dc04d1fa,Prateleira Flutuante para Sala,,moveis_decoracao,55,130,1,2000,40,11,34
ed3ad08bb1996a67332591b7b1a6cff1,Mouse Sem Fio 2.4GHz,,informatica_acessorios,48,350,1,1850,30,16,16
e35f45a92b1a28c527d6e9edfec12af9,Mouse Sem Fio 2.4GHz,,informatica_acessorios,55,2277,1,8900,19,13,32
65223c26538a2226610efc437e488b77,Cama Mesa Banho - 300g - 16x10x16cm,,cama_mesa_banho,56,382,1,300,16,10,16
c0a3d13743c894a0bd017a85acb658f3,Cama Mesa Banho - 1kg - 49x16x39cm,,cama_mesa_banho,51,305,1,1500,49,16,39
20daef67faad9f39084ec8812b1dc6b4,Shampoo Anticaspa 500ml,,beleza_saude,59,1868,3,100,25,2,15
e726b00d6143d630f1635740d8a265c2,Fashion Roupa Feminina - 200g - 16x2x20cm,,fashion_roupa_feminina,36,886,2,200,16,2,20
0ae10ca52e6cb8745e17c11e7c43907c,Produto - 700g - 30x30x30cm,,,,,,700,30,30,30
de7e97827841985dae27ef4c4769da95,Limpa Para-brisas 500ml,,automotivo,57,852,4,900,18,7,14
7210a4f2afef1f72df88723e733ef68b,Shampoo Anticaspa 300ml,,beleza_saude,46,944,1,150,26,7,16
1cc6c532b1ed8a5250688f8136e01cf7,Limpa Para-brisas 500ml,,automotivo,56,656,1,150,16,6,11
b85fbb3b8e4ab010a2d49430298f65bc,Prateleira Flutuante para Livros,,moveis_decoracao,51,264,1,800,25,25,25
1c38f26a1dba8b5325c3b434679bfea2,Cortador de Grama Sem Fio,,ferramentas_jardim,51,518,1,363,18,26,17
5c12fb778168a77e3ffc8d7dd7a689fd,Perfume Aventus 100ml,,perfumaria,63,815,4,400,16,10,11
085481a1b9ec9eaa346ae0a39bd3c340,Prateleira Flutuante para Livros,,moveis_decoracao,58,297,1,5070,56,38,48
786beca54c998fdceea61e0a80250abf,Kit de Limpeza Multiuso (5pç),,utilidades_domesticas,41,150,6,300,16,6,12
5f16ef3125578cddb22c481431d8d0b4,Cama Mesa Banho - 1kg - 20x16x20cm,,cama_mesa_banho,54,639,1,1050,20,16,20
8bff0b13faf092077c3bba691c07ff16,Shampoo Anticaspa 300ml,,beleza_saude,33,396,4,879,31,15,24
9bc7d25a36d620cf449cfdebe3de132f,Creme Dental Branqueador 90g,,beleza_saude,45,287,4,500,20,7,20
14449f70527389068db24e234b28a37d,Shampoo Anticaspa 500ml,,beleza_saude,58,2076,4,300,20,2,25
66a5f1151e5e84215b3c3ee6592f2b15,Fashion Bolsas E Acessorios - 150g - 16x9x11cm,,fashion_bolsas_e_acessorios,59,116,5,150,16,9,11
64e296f9cbda172ddde4c59be4bb1120,Relógio Esportivo com GPS,,relogios_presentes,50,668,1,500,23,16,16
9bd5c7549aa6419f890cd8301f8faf53,Boneca Articulada 30cm,,brinquedos,53,902,3,621,34,8,31
ee72ae8f6d0b11d7f04230fc894d7e39,Construcao Ferramentas Jardim - 1kg - 22x22x14cm,,construcao_ferramentas_jardim,46,1077,1,1700,22,22,14
badbf5d003888b6338ea8774b4ac9717,Martelo de Aço 500g,,construcao_ferramentas_construcao,46,893,1,2750,16,2,11
59f42de833f91d27e377bf831fa9c1e0,Camiseta Geek Estampada,,cool_stuff,38,601,4,13400,52,44,27
1f5542855786adc0116f56cfd6f9f830,Produto - 150g - 20x5x20cm,,,,,,150,20,5,20
c8e85f0e77fc6b81698e9ea2269988fd,Teclado Musical 61 Teclas,,instrumentos_musicais,30,1271,4,14100,61,58,24
34e83bed8d615779f4ed501e7033fc60,Camiseta Geek Estampada,,cool_stuff,38,1639,1,100,16,15,11
2610a3a6c0250a7f4411801a8cf376c7,Shampoo Anticaspa 500ml,,beleza_saude,56,1697,5,750,19,13,15
39678bc6ddb608fa59c306b78f51efe8,Fone de Ouvido Bluetooth 5.0,,eletronicos,46,442,1,150,25,7,16
ac6c24af9f913c9375a3ea77883bda6e,Aromatizante Automotivo Lavanda,,automotivo,28,325,6,300,35,3,26
ba7298ca5084d1819f739b41083054d2,Teclado Mecânico RGB,,informatica_acessorios,35,661,2,100,25,3,19
81a266bbf4c7aa3113db84e81ca899b8,Prateleira Flutuante para Livros,,moveis_decoracao,63,254,2,1800,41,9,34
85ae33cb0cb21c6fe6b021faf074a682,Capa para Samsung Galaxy S23,,telefonia,58,424,1,150,19,4,11
b77f596e85780e540958a58d35836e96,Limpa Para-brisas 500ml,,automotivo,58,174,2,200,16,10,16
251c15f2037e7977ac4b9df235e9b591,Berço Portátil Dobrável,,bebes,54,1317,4,1050,42,25,15
d33f55fbec1f19c63fc6854c2fd65925,Cama Mesa Banho - 14kg - 16x10x16cm,,cama_mesa_banho,55,426,1,14050,16,10,16
7d603b9650fad957621945c193cc2df3,Lixeira Automática 5L,,utilidades_domesticas,45,1232,2,917,29,16,16
df969ce58d2f301f941a09bc75558cd4,Berço Portátil Dobrável,,bebes,51,446,1,350,30,30,20
20fbf8f8316bd76f105599ecc7e485f7,Tapete Higiênico Cachorro 40x50cm,,pet_shop,58,754,6,1450,40,20,30
0fa81e7123fd0ebe03adbbe99d912827,Cama Mesa Banho - 1kg - 46x2x36cm,,cama_mesa_banho,60,189,1,1350,46,2,36
e135dad580bf1f80d9e2828e5e85e7a6,Creme Dental Branqueador 90g,,beleza_saude,56,1363,2,200,16,14,16
f6c0bce2838cf1bdab4958c4cb8b946e,Relógio Casual Feminino,,relogios_presentes,46,635,1,233,17,11,15
5ea135a7b8448e88c3fa7696860b3c3d,"Mochila Executiva 15.6""",,malas_acessorios,44,132,2,400,20,10,16
2b1736cd698222fad698e3c1be9dd4a3,Aromatizante Automotivo Baunilha,,automotivo,48,689,5,2550,20,20,20
4b26e5a29c80bb0a05e5094928a97537,Lixeira Automática 12L,,utilidades_domesticas,60,128,1,3700,50,32,70
18b0e642cbae7251e60a64aa07dd9eb9,Teclado Multimídia ABNT2,,informatica_acessorios,24,718,2,200,41,2,29
a2f28e3d47bd6d7d334089ebebdd55e2,Brinquedo Mordedor para Cães,,pet_shop,36,883,1,4417,27,27,13
2ac41de9b0580f84618e017249626a72,Luminária Pendente Vintage,,moveis_decoracao,37,320,1,2700,47,10,35
d763e6048c898edf2640a38fcd29588f,Pendrive 32GB USB 3.0,,informatica_acessorios,55,211,1,1200,38,24,12
66ffe28d0fd53808d0535eee4b90a157,Cortador de Grama Manual,,ferramentas_jardim,54,978,4,3950,16,64,38
c114a4721cfa58d98265d2074e53de44,Ventilador de Mesa 40cm,,climatizacao,39,444,2,600,27,13,17
710b7c26b7a742f497bba45fab91a25f,Organizador de Gavetas 3 Níveis,,utilidades_domesticas,59,1933,1,1850,16,25,12
062d69b626c072fa369799d0018c95d7,Relógio Casual Masculino,,relogios_presentes,48,345,4,6750,46,20,44
fed5c40c27e1c88560a9e92d82ee0825,Carregador Portátil 10000mAh,,eletronicos,53,109,1,150,24,12,18
574498be1ecac5af243037bfcc6f8b22,Cama Mesa Banho - 1kg - 30x5x30cm,,cama_mesa_banho,35,236,1,1000,30,5,30
2d89e78798ca1f317b4d3a96c74248ba,Creme Dental Branqueador 120g,,beleza_saude,51,2468,3,200,23,7,15
68c01f1f3e73b30776f7d737f6a012ac,Creme Dental Branqueador 120g,,beleza_saude,44,1028,1,350,18,11,11
bc4cd4da98dd128c39bf0b8c2674032f,Pcs - 2kg - 16x31x39cm,,pcs,55,3610,4,2650,16,31,39
400a9b04cf215f1074b01b1d6c6104a4,Shampoo Anticaspa 300ml,,beleza_saude,49,3901,8,2250,35,8,35
3822a27bc32b4e20694f1819c6d6e7ec,Cama Mesa Banho - 6kg - 30x6x25cm,,cama_mesa_banho,56,310,1,6400,30,6,25
cbe73e033835920bea2c769177237510,Tábua de Picar Bambu (3pç),,utilidades_domesticas,59,470,1,950,28,18,28
58fd8873cf12a178215b4339d2b34ec5,Cama Mesa Banho - 4kg - 42x12x42cm,,cama_mesa_banho,59,299,1,4900,42,12,42
d68016a0051f17a09f4491ab62e2bd28,Shampoo Anticaspa 300ml,,beleza_saude,40,847,1,800,30,30,30
6f4ed02e363461e27168f72bc33ffb80,Cama Mesa Banho - 12kg - 60x23x54cm,,cama_mesa_banho,59,344,3,12000,60,23,54
efcef300fe9b2c558a8ea258127f6e6f,Brinquedo Mordedor para Cães,,pet_shop,43,480,1,7300,25,25,25
038c0dd7c1e48a1588f8919a0c305727,Liquidificador 600W,,eletrodomesticos,45,78,1,100,20,13,15
53ecc2857666872f67f44e60b13d2ed2,Cortador de Grama Sem Fio,,ferramentas_jardim,32,390,2,353,26,14,14
1873d47fb47e167da1520bd9ffbb8f79,Shampoo Anticaspa 300ml,,beleza_saude,45,1031,1,1250,16,32,12
4ffe5c9bcc2524a17ce23973b55d8b24,Aromatizante Automotivo Lavanda,,automotivo,60,695,6,3800,47,19,23
867c96d2bb67aba6500a4c509cf76072,Espelho Decorativo Ovalado,,moveis_decoracao,54,1988,3,2450,65,8,45
aeb2e29472cc0ee1cd8711e8b7c0bf47,Bola de Futebol Oficial,,esporte_lazer,47,414,1,700,48,15,32
0388b93e2992639ef7de7b35b2ba91b2,Fashion Bolsas E Acessorios - 2kg - 16x5x11cm,,fashion_bolsas_e_acessorios,50,427,3,2100,16,5,11
4f8b31aef15b3f6b4c3cd34e74976494,Boneca Articulada 30cm,,brinquedos,56,194,1,475,54,13,26
4298b7e67dc399c200662b569563a2b2,Teclado Multimídia ABNT2,,informatica_acessorios,58,420,1,200,21,14,15
1b7b45fba5ad23e8117914f8b36e6772,Bola de Futebol Oficial,,esporte_lazer,46,1277,5,1600,42,10,22
f06301dd6d54c3e4300920991f2af380,Cama Mesa Banho - 700g - 50x16x16cm,,cama_mesa_banho,44,444,2,700,50,16,16
ef92defde845ab8450f9d70c526ef70f,Kit de Limpeza Multiuso (5pç),,utilidades_domesticas,36,558,1,450,24,8,15
0e54696a1223698bef52eeff59a10098,Protetor Solar FPS 50,,beleza_saude,56,1190,1,1250,26,21,16
fc9f1b7e877d87c6e78cc32686a73a27,Cama Mesa Banho - 1kg - 50x12x12cm,,cama_mesa_banho,56,701,1,1000,50,12,12
391ae69031bcca826279a84f5c4034e8,Kit de Limpeza Multiuso (5pç),,utilidades_domesticas,56,613,5,3950,65,15,35
032e8352e7d34cc2558d4ae22132866c,Luminária Pendente Vintage,,moveis_decoracao,55,1617,3,4450,105,5,69
c8ab4e1fd53092c488c0a1777d522b41,Boneca Articulada 30cm,,brinquedos,50,591,2,6350,55,25,20
774dd887b3739f005c7097b568000536,Cama Mesa Banho - 1kg - 36x12x26cm,,cama_mesa_banho,28,306,3,1650,36,12,26
bfa56a308202301eca94dc7f8b5c3dca,Creme Dental Branqueador 120g,,beleza_saude,31,1608,1,350,16,7,11
1701185747f4a378004088c1e14d0555,Aromatizante Automotivo Lavanda,,automotivo,59,241,3,10550,70,30,30
8bb27b1d96be90b36b8d0c7f30931d52,Lixeira Automática 5L,,utilidades_domesticas,30,622,1,5950,33,26,33
733ff3db55dc1476774dc5a3f0621fe3,Caderno Universitário 100fls,,papelaria,25,736,3,1100,42,20,31
16e148a208d0f11df31eaf2f731ee460,Necessaire Viagem 3 Compartimentos,,malas_acessorios,38,216,1,700,49,10,34
488edbf15626ebb4b69d6c4600602ba3,Alimentos Bebidas - 472g - 19x16x16cm,,alimentos_bebidas,40,907,1,472,19,16,16
f92ece990baf778926b7349c309b55f7,Arranhador para Gatos 60cm,,pet_shop,38,734,12,7300,49,29,34
d1c11e104455ab36d3e5b7458a9189d2,Arranhador para Gatos 60cm,,pet_shop,47,933,1,417,19,17,16
501ae028cdc334d0292eb35591ccb5d6,Tábua de Picar Bambu (3pç),,utilidades_domesticas,27,144,1,9600,25,32,24
d88df6347b8ee090e7a79d4493e1abe2,Industria Comercio E Negocios - 400g - 20x20x30cm,,industria_comercio_e_negocios,54,1001,1,400,20,20,30
e0fb7b66c3ac0b1e5b49a218a065e816,Colônia Esportiva 150ml,,perfumaria,54,675,3,613,18,16,18
8dc41bbd4f596aff149d8aa3e29521e7,Cama Mesa Banho - 4kg - 54x19x42cm,,cama_mesa_banho,46,288,1,4325,54,19,42
a62f968b257e3759b2ec9bf2c71358b0,Caneca Criativa 350ml,,cool_stuff,58,934,1,2250,42,25,15
c5736c891e81c20ebc49de62980c1136,Suporte de Celular Articulado,,cool_stuff,43,421,4,500,27,5,27
0d95dd6703959afe6f64c7ebd49bd9e9,Marcador Permanente Preto (5un),,papelaria,51,261,1,1250,16,39,37
ad4f8de0139c69d7b3efb5ee2efb77f7,Eletroportateis - 3kg - 35x40x34cm,,eletroportateis,58,520,1,3600,35,40,34
5ed8f8ea5365a7ac8c451e7c8e836231,Relógio Esportivo Resistente à Água,,relogios_presentes,29,147,1,521,18,11,14
05cf9ac595f28386ee763c98cbc2bad0,Produto - 150g - 20x3x13cm,,,,,,150,20,3,13
8dcffcf214d4c6e34c8cc2895e0d2427,Caderno Universitário 200fls,,papelaria,43,47,1,158,16,5,16
d1ea79912538f8c08574d206777837bf,Livro O Homem Mais Rico da Babilônia,,livros_interesse_geral,54,429,5,650,25,12,20
5bbebc281f50fcd65e31a103730bb64e,Batedeira Planetária 400W,,eletrodomesticos,60,648,2,500,19,13,20
51d1db0b0ed8fee9994a5bae549a6160,Agro Industria E Comercio - 5kg - 58x44x28cm,,agro_industria_e_comercio,41,288,1,5047,58,44,28
6868e3f08c6acd37b48c785aedddfdb7,Produto - 1kg - 29x5x27cm,,,,,,1000,29,5,27
7935326a359d2560cdb8a81b1e2e46c8,Perfume Aventus 50ml,,perfumaria,48,693,1,600,18,18,18
6d1befe53a3d28e0d0d8b3bfcce11195,Limpa Para-brisas 500ml,,automotivo,56,1235,1,1800,34,40,19
86047e935e01608082bdae92e41a11db,Produto - 1kg - 30x19x20cm,,,,,,1045,30,19,20
8f8cb7e4a7f16d339f87f8aa2711a003,Boneca Articulada 30cm,,brinquedos,36,529,2,650,28,13,15
08a59a7c557b1b8d49e5029a337d83fd,Produto - 400g - 28x6x27cm,,,,,,400,28,6,27
e11f4a093cbabf75a2eb06a5748bf359,Raquete de Tênis Júnior,,esporte_lazer,36,1360,1,2450,25,8,25
5f76bb88bf4410580362879247ef7248,Tábua de Picar Bambu (3pç),,utilidades_domesticas,46,1342,1,9700,28,26,26
cbece6847b36d3dc8a96c42da245ca80,Construcao Ferramentas Iluminacao - 750g - 16x20x16cm,,construcao_ferramentas_iluminacao,59,985,1,750,16,20,16
413c11f2f70bb6e0d20172905d3995fb,Raquete de Tênis Profissional,,esporte_lazer,51,1552,1,350,31,18,18
4925baf29078761c66f5f32ac8568abe,Caderno Universitário 200fls,,papelaria,57,687,4,300,30,15,18
025249b91a565601dc1b8f47ee7a230e,Relógio Casual Masculino,,relogios_presentes,49,589,2,500,16,13,13
fd1eb7fd67e76cf3283618735a57cbcd,Ámbar Noche Eau de Parfum,,perfumaria,57,2670,3,1600,45,10,24
77ae02eaaa26f680c28c257388c2e1f9,Carregador Veicular Bluetooth FM,,automotivo,55,446,5,50,24,2,17
fc8e852906ed3985a6e1ea67eb1dfdf9,Luminária Pendente Moderna,,moveis_decoracao,47,2064,2,600,68,8,13
fbecfbe44e34c5291e5499870cd5db2e,Market Place - 5kg - 40x40x40cm,,market_place,20,43,2,5000,40,40,40
cf5f0f6ba7c1477ba6aca74da24faba5,Andador Infantil Musical,,bebes,53,1601,5,29250,42,58,60
101f391b9c83dc14c8f6147dcb70bfd3,Luminária Pendente Moderna,,moveis_decoracao,48,873,1,6200,18,5,20
f0f34793b31e7353a0d77fed40bdb196,Luminária Pendente Moderna,,moveis_decoracao,59,946,2,25325,95,25,64
69c3a9ec3f1094ad11505df27ddad569,Shampoo Anticaspa 500ml,,beleza_saude,53,713,2,150,20,10,20
b84a91f1e58b1f44daf3a9b74a83f1d8,Relógio Casual Masculino,,relogios_presentes,58,967,3,400,19,15,20
8c232245c53bdacb8760186225de609c,Lixeira Automática 12L,,utilidades_domesticas,43,319,1,450,25,22,24
84dacba9d49f304ee015bc094083df20,Lixeira Automática 12L,,utilidades_domesticas,54,341,2,16300,80,23,33
27051f70cfcbd63fec388f34e1f0d2a2,Ar Condicionado Portátil 12000 BTUs,,climatizacao,46,293,1,5524,42,37,28
576412dcec722c0f1f28ac7ee9acef54,Mouse Sem Fio 2.4GHz,,informatica_acessorios,60,611,2,2500,31,12,31
146f38b5c222913dbe6606e5a25cd318,Balão de Voleibol Praia,,esporte_lazer,54,454,1,3400,36,41,36
bc527b3cbbc09017b7153bda2be5fad5,Luminária Pendente Vintage,,moveis_decoracao,55,2165,2,650,68,8,13
a6c23736e4df6d6659ccc0c2e26954bb,Colônia Esportiva 150ml,,perfumaria,47,727,6,300,16,16,16
ce582a7aa032280b20a5f169195202e7,Andador Infantil Musical,,bebes,30,309,1,150,16,5,16
fcbdd87d29fc2d2fe700a7459d43445a,Caderno Universitário 200fls,,papelaria,39,310,1,300,16,4,11
43cc8e4d981bc04b9d78b12e8a908d41,Creme Dental Branqueador 90g,,beleza_saude,44,1793,1,11450,80,26,26
0678913581818c6056713a9b02f5ceef,Limpa Para-brisas 1L,,automotivo,58,1934,2,250,19,19,14
0687ef6a91e16db4955fecac89ad73cd,Fashion Bolsas E Acessorios - 50g - 17x4x13cm,,fashion_bolsas_e_acessorios,16,132,2,50,17,4,13
24648c567b1a06a750a8042a774ba5c9,Relógio Esportivo com GPS,,relogios_presentes,48,460,1,400,16,12,12
741e14d6cfe9c7dfcace49c4a0989bf3,Andador Infantil Clássico,,bebes,52,704,4,1350,60,20,50
0b2a1288e8ba64c797e7586c8df75602,Agro Industria E Comercio - 3kg - 33x36x33cm,,agro_industria_e_comercio,38,397,1,3450,33,36,33
8e05862e7dc54d6ad3571fb0749427d7,Caderno Universitário 200fls,,papelaria,55,184,4,250,24,7,14
3c4e3782469a0f1ac459dc6c47ebef31,Raquete de Tênis Júnior,,esporte_lazer,56,235,1,500,30,5,20
a8177d9ba119fc738d8c3e06c6197106,Livro O Homem Mais Rico da Babilônia,,livros_interesse_geral,44,618,1,1200,16,2,11
bd7805f8852673c30434a7cdbda6845d,Teclado Mecânico RGB,,informatica_acessorios,42,418,1,950,30,16,16
12a8571feabc765bfe057c37217daf75,Cama Mesa Banho - 1kg - 29x49x58cm,,cama_mesa_banho,56,390,1,1983,29,49,58
51847bb213d8d5d22fd786d07a658968,Cortador de Grama Manual,,ferramentas_jardim,38,244,1,600,25,32,25
0414ce6ba3643b59fd1e5c8e146c1d8d,Tapete Higiênico Cachorro 40x50cm,,pet_shop,48,466,2,2700,43,39,20
1f75be631e988bb0ad750e60e18d043b,Protetor Solar FPS 50,,beleza_saude,29,378,2,200,25,10,15
a0c6107c67d8dc850d070c70c7d32000,Teclado Mecânico RGB,,informatica_acessorios,57,489,4,350,19,3,13
25eb0a9d681b3515ff680cb41e69f58e,Berço Portátil Dobrável,,bebes,23,1059,2,100,22,23,16
3bc16db3924d3cf2ced69b26691f3d77,Cama Mesa Banho - 1kg - 40x15x32cm,,cama_mesa_banho,53,704,1,1650,40,15,32
0e56789eca7cb6089cbcb26cdae08012,Luminária Pendente Vintage,,moveis_decoracao,32,1405,3,200,35,2,25
92144cc00a16129494387f172aa54198,Bola de Futebol Oficial,,esporte_lazer,55,1392,1,1350,16,16,20
5baf264237a4433f3646393b53c8adc8,Bola de Futebol Oficial,,esporte_lazer,30,73,3,200,25,25,25
d3153ef55a46de1972249b0a044c5bd7,Shampoo Anticaspa 300ml,,beleza_saude,56,1266,1,1400,20,20,20
ad3cad415b6ec472fcdeff903a4a2567,Kit de Limpeza Multiuso (5pç),,utilidades_domesticas,51,386,2,2700,44,34,16
563e96ec3515e6a7048ebcebffcaf1ba,Chave de Fenda 6x100mm,,construcao_ferramentas_construcao,60,147,6,10100,60,20,40
b551128533846968d8752358d1f7f365,Bola de Futebol Oficial,,esporte_lazer,43,170,2,2400,40,10,40
6a1281ddeb8279b7748a31ffe3e479b4,Eletrodomesticos 2 - 6kg - 42x42x26cm,,eletrodomesticos_2,33,111,1,6600,42,42,26
2f280e90c002526eeef2deff70199cc0,Perfume Aventus 50ml,,perfumaria,35,906,1,325,33,33,31
e034c021254ff4d8da4e936e047967af,Creme Dental Branqueador 120g,,beleza_saude,42,2877,1,150,19,14,16
5343876e3ae357d3e47e3bf3c89dfc86,Fralda Ecológica Tam G (50un),,bebes,59,224,2,1400,75,15,50
b812780d29a366e40afd8d49b17b6d01,Limpa Para-brisas 1L,,automotivo,48,749,1,800,41,45,11
34c8873cadb5465f46b7a20b6eb0215b,Fashion Bolsas E Acessorios - 50g - 17x4x13cm,,fashion_bolsas_e_acessorios,15,132,4,50,17,4,13
cdd68c0ef3e507db79631336cf9ec285,Espelho Decorativo Ovalado,,moveis_decoracao,49,494,2,450,30,20,20
f7d2c621aa931cf19b039d6089c106ad,Caderno Universitário 200fls,,papelaria,33,640,4,100,16,6,11
d065729477709c73459cad1d32cf311f,Jogo de Blocos 200pç,,brinquedos,43,225,1,650,45,15,35
8efcb24ccca088a16dab13882f1c45e0,Caneta 3D Iniciante,,cool_stuff,46,573,1,300,26,5,21
7be2cf904217376863ada2c9df82c8f2,Lixeira Automática 5L,,utilidades_domesticas,51,663,4,3000,62,12,25
51f3479189a7783a3a617acd8e44be48,Pendrive 32GB USB 3.0,,informatica_acessorios,52,516,2,450,42,3,15
0c96091f6f20b1d2c946a933370782a4,Raquete de Tênis Júnior,,esporte_lazer,48,683,1,200,20,4,15
c9fbc1aa8e59ad7525f82fd8a5cb2337,Mouse Sem Fio 2.4GHz,,informatica_acessorios,40,2206,2,749,25,13,24
e71f3cd0a0ef69b7fd173b32322dc6da,Lixeira Automática 12L,,utilidades_domesticas,32,251,1,600,30,30,30
bb741dd30a6663863873c51be6c1061c,Teclado Mecânico RGB,,informatica_acessorios,57,95,1,300,32,5,16
89f1e78cec2da8a550bc341cfc36c066,Bola de Futebol Oficial,,esporte_lazer,16,1135,2,100,16,13,16
20b7215f127656c56776983719ba603a,Luminária Pendente Vintage,,moveis_decoracao,58,1056,2,650,65,11,11
6d0064c2c27664982756ef1dabd3ba8a,Protetor Solar FPS 50,,beleza_saude,27,980,1,1150,19,15,15
c3df8a716bc06d8fed63c0ed6e2c904d,Carregador Rápido USB-C 20W,,telefonia,53,505,1,350,16,6,11
6dadaa59ab994917024e4774316a840c,Espelho Decorativo Ovalado,,moveis_decoracao,56,666,4,950,68,30,11
da3d93a1cb86a9e0369c04900f413a5d,Cortador de Grama Manual,,ferramentas_jardim,39,1053,2,2660,34,25,16
e89d73f0944595de1d84663f975ae7b4,Relógio Casual Masculino,,relogios_presentes,50,708,2,325,19,8,14
3817b9ab15f83deb6e7b1fb0285a560a,Carregador Veicular Bluetooth FM,,automotivo,49,1101,1,2100,28,32,38
78c4f2e6da6786ab39f8806a75c3db33,Relógio Casual Masculino,,relogios_presentes,53,486,2,240,19,13,19
98354dc7140f034f3b55ec6fc45dd174,Lixeira Automática 5L,,utilidades_domesticas,29,363,2,1000,25,30,25
b4ae18d0fc2d655133d1e1da2ec5c62d,Luminária Pendente Moderna,,moveis_decoracao,59,618,2,867,52,6,42
68120d970296eb097cc07cbfce29475b,Jogo de Blocos 100pç,,brinquedos,50,679,4,500,30,20,20
04a58e66cae7d954a87cb7fbb67b204c,Aromatizante Automotivo Baunilha,,automotivo,59,1773,1,6600,44,25,39
d6bcc9649c52a826c656563ffb87a036,Produto - 200g - 16x2x11cm,,,,,,200,16,2,11
2ac5c215e10e7251979c895510de4121,Caneca Criativa 350ml,,cool_stuff,23,572,2,200,23,15,15
d1a790e97df2101ed61553a5fc1cfe02,Organizador de Gavetas 3 Níveis,,utilidades_domesticas,36,566,3,300,40,5,40
96bbf32ba8cc8686a26742f4ede4aa34,Fashion Bolsas E Acessorios - 900g - 43x16x27cm,,fashion_bolsas_e_acessorios,59,745,3,900,43,16,27
d6aa421b9567e3e2a3a0caf8fb846cbc,Lixeira Automática 5L,,utilidades_domesticas,48,546,1,5675,25,25,60
e870001ffe8a98a3318c48957bd271ca,Aromatizante Automotivo Lavanda,,automotivo,58,1658,3,200,25,7,12
77440e31527d8fa95aaf43bef08068fe,Creme Dental Branqueador 90g,,beleza_saude,51,641,1,500,20,12,13
3c7c75671b25b927f05e68b233263e5f,Luminária Pendente Vintage,,moveis_decoracao,56,1722,2,600,52,11,11
1a3ed2c0aa5c7beccd817b6b71282e99,Caixa de Som Portátil 10W,,eletronicos,54,799,2,600,16,16,11
3a5dc69f4360ae2f4561d165c2ee8fae,Andador Infantil Musical,,bebes,51,410,1,550,43,25,33
9456c129f470955000d28c94f73340cd,Raquete de Tênis Profissional,,esporte_lazer,60,794,1,400,27,9,14
e5d6523f4cd63e1347ca8407deda4ba3,Luminária Pendente Moderna,,moveis_decoracao,60,2138,2,400,69,11,11
5911ffedc1c50c813140e8a27035f2bf,Shampoo Anticaspa 300ml,,beleza_saude,49,3265,2,633,18,16,14
3863a6df816f3b8ce0358a1243541fcb,Construcao Ferramentas Jardim - 1kg - 45x28x28cm,,construcao_ferramentas_jardim,52,646,2,1225,45,28,28
6a1c65dbbecc1ece8c22856122a774ac,Luminária Pendente Vintage,,moveis_decoracao,53,770,1,13650,45,35,45
aaac8216e02ae792b8d28c6bead83ee6,Relógio Esportivo Resistente à Água,,relogios_presentes,58,171,2,200,16,2,11
c02a30b665557ab97c1b79c9aaaeafd4,Teclado Musical 61 Teclas,,instrumentos_musicais,58,652,1,2138,71,13,47
33bd5538a16d23f0a39da1c9bfd20980,Casa Conforto - 2kg - 54x9x28cm,,casa_conforto,52,181,1,2200,54,9,28
112626d1abc7dfaab81063699f0e5600,Organizador de Gavetas 3 Níveis,,utilidades_domesticas,52,267,2,10550,30,50,30
0ed0b763ec2b2da79223ed78dfc0263b,Creme Dental Branqueador 120g,,beleza_saude,27,1198,2,1150,26,12,24
e7a1555b071186b8184e2fe0e647181a,Tábua de Picar Bambu (3pç),,utilidades_domesticas,43,475,1,600,25,8,15
ceb9134650bd7cae74affc51800f309a,Creme Dental Branqueador 90g,,beleza_saude,46,648,3,1100,32,8,38
8fd665e89eee18f08d9973b0602e1387,Balão de Voleibol Praia,,esporte_lazer,33,829,1,600,22,14,22
98fa242dbcad30eeec98b1187ef08db3,Fashion Bolsas E Acessorios - 200g - 16x16x16cm,,fashion_bolsas_e_acessorios,50,504,2,200,16,16,16
ad2184066b4e4686938c277100198f56,Caderno Universitário 200fls,,papelaria,57,513,9,600,35,35,20
2d2fbde9939c282238dc0847b04c5018,Teclado Mecânico RGB,,informatica_acessorios,48,343,4,300,22,12,20
d961667356e6dffef33c0d0eb4c327cc,Organizador de Gavetas 3 Níveis,,utilidades_domesticas,53,537,1,1150,25,6,20
fb00f51d564e36645bf7eab56ce5fd43,Caneca Criativa 350ml,,cool_stuff,26,2532,1,2035,27,13,15
928c2c0fdf465581daac95380af04b3e,Espelho Decorativo Ovalado,,moveis_decoracao,59,729,2,2300,33,12,33
abf923da81737ee0bde792182948a693,Jogo de Blocos 100pç,,brinquedos,42,314,2,450,27,11,13
0e839be47c2dc028ca3d90e65732b14c,Prateleira Flutuante para Livros,,moveis_decoracao,52,2057,2,700,60,7,14
c166595bd1ea20e060090a5b91145196,Bola de Futebol Oficial (Edição Especial),,esporte_lazer,56,1026,1,150,17,15,16
29d78eec0b549067b52a07635d049c8b,Kit de Limpeza Multiuso (5pç),,utilidades_domesticas,31,1507,3,9900,53,30,34
1707ef553eb000d860fff09e3d08b037,Teclado Mecânico RGB,,informatica_acessorios,58,565,2,250,16,5,11
8347d3b517ab185dea43991aebb46737,Cama Mesa Banho - 200g - 32x3x23cm,,cama_mesa_banho,50,228,1,200,32,3,23
a2746ab0f7535d34316ed109d859d7f4,Telefonia Fixa - 500g - 17x13x14cm,,telefonia_fixa,53,627,1,500,17,13,14
88e45c0f0947e8b8e17cd93e8112be5e,Violão Acústico Clássico,,instrumentos_musicais,59,477,2,7450,40,40,40
ca9b2caa4f7ec65aeda5825e09dcf99c,Luminária Pendente Vintage,,moveis_decoracao,57,2115,2,600,68,8,13
297a5f6e0aaf7b32fb0fc7483944105d,Cama Mesa Banho - 2kg - 38x5x35cm,,cama_mesa_banho,44,146,1,2067,38,5,35
6d3397316a9cca69919dfa62be97a35f,Capa para iPhone 13,,telefonia,59,508,3,300,17,4,12
ff6154cee42bf2718cca4865f0620e04,Pulverizador de Jardim 2L,,ferramentas_jardim,30,139,1,600,24,22,24
b16c0da649071283aa94607f11da154a,Perfume Aventus 100ml,,perfumaria,44,741,2,200,16,7,14
43af87f38a5fdd07c23a32ec33727ba9,Aromatizante Automotivo Lavanda,,automotivo,56,762,5,50,24,2,17
8b2e2ee3c4042bdb5b3c5fa6b8663b33,Jogo de Blocos 100pç,,brinquedos,33,1130,1,1750,34,19,21
262573ecc3b4b8c70a61fbc90671efa4,Fashion Bolsas E Acessorios - 250g - 20x9x11cm,,fashion_bolsas_e_acessorios,32,216,3,250,20,9,11
88703479ede641552b11881f0d2a6f6b,Tábua de Picar Bambu (3pç),,utilidades_domesticas,42,566,2,2250,52,3,32
23318fc7dadffdde2b4ebf8dadefcf68,Moveis Sala - 3kg - 46x9x56cm,,moveis_sala,58,487,5,3300,46,9,56
635da37711a6b8a8adffc07ab6a5c9b0,Teclado Multimídia ABNT2,,informatica_acessorios,40,260,5,200,16,4,13
07691def223b4568e8ecb5a5b30574b1,Carregador Rápido USB-C 30W,,telefonia,58,1568,1,150,18,6,20
d6d5ec5325b35cac036b7d2ad2d8bc3b,Ámbar Noche Eau de Parfum,,perfumaria,37,584,1,457,23,14,19
2f282449dadb2e59ff2afcde0bd9f393,Produto - 1kg - 45x25x25cm,,,,,,1600,45,25,25
eaf3ca98b28c4329251a46380c8473c5,Marcador Permanente Preto (12un),,papelaria,59,202,3,300,24,7,14
d3f90867737a01e4df1ff8879e235a9a,Tábua de Picar Bambu (3pç),,utilidades_domesticas,39,518,1,5100,60,17,90
08138db6d5813afad8e1f1d01393145a,Película de Vidro Temperado Universal,,telefonia,28,466,1,200,19,6,15
1a71a941d0691bd3d15ee51d5fb3b11b,Relógio Casual Feminino,,relogios_presentes,33,169,1,530,17,12,17
2397e0e56f2c656e794348f4fbdfa3dc,Trem Elétrico com Trilhos,,brinquedos,47,1375,1,3000,33,37,22
ddccf31eab44aaa16cb1a7703a65b696,Organizador de Gavetas 3 Níveis,,utilidades_domesticas,54,288,1,300,25,20,20
987ae6d6e94a608f9ea32bc82a649470,Limpa Para-brisas 500ml,,automotivo,60,1469,4,550,36,8,15
52d5dde0ddeb4e7544b584c92a38fef8,Prateleira Flutuante para Sala,,moveis_decoracao,61,157,9,3400,41,15,25
7b35ccd93a2184646c03b70326626923,Bola de Futebol Oficial (Edição Especial),,esporte_lazer,30,2162,1,1563,20,16,17
8340db0bf9aa66946ce4a1f74c97041c,Raquete de Tênis Profissional,,esporte_lazer,38,989,5,3400,45,15,35
48882f9b2e661cb01f564f54b92aa881,Livro O Investidor Inteligente,,livros_interesse_geral,44,237,1,364,20,25,11
9682ad2500ae8b2609e6a88eb0cbc5bb,Casa Conforto - 1kg - 45x30x45cm,,casa_conforto,32,373,1,1500,45,30,45
3f246bac2dc05206d0d5b6c637c7008f,Tapete Higiênico Cachorro 40x50cm,,pet_shop,56,486,1,26700,80,41,46
d4e19eb1e5c5d6194af618d3a67de4e6,Creme Dental Branqueador 120g,,beleza_saude,52,1151,1,300,16,20,15
c7e721eda335285746c694e6c408949b,Relógio Esportivo com GPS,,relogios_presentes,42,802,2,331,19,13,13
53db2a5b8c80df5392dd028c0f7c13e9,Cama Mesa Banho - 333g - 30x4x26cm,,cama_mesa_banho,55,137,2,333,30,4,26
5f82c0dd37c20e3f5010be5f3c6a9ff1,Kit de Limpeza Multiuso (5pç),,utilidades_domesticas,50,365,1,21400,48,65,48
d070415dddac66bcbc0a2e4f253c0f81,Limpa Para-brisas 1L,,automotivo,21,2566,1,20100,61,61,37
f720c39eaaedbc6f37a0cac64fe6a6aa,Aromatizante Automotivo Lavanda,,automotivo,56,374,4,150,17,21,15
fd29afd700b83ec4c34fe4a5b68fc23d,Fone de Ouvido Bluetooth 5.0,,eletronicos,59,2148,3,717,20,7,15
6abd84909e8ed79ef808c16f90b91093,Shampoo Anticaspa 500ml,,beleza_saude,56,389,1,250,16,5,15
9760ff15559ef0855c8aa01c00bd132b,Teclado Multimídia ABNT2,,informatica_acessorios,57,245,1,500,18,9,16
f257199a9546ac00a3af50c7f68cb05e,Pendrive 32GB USB 3.0,,informatica_acessorios,59,1392,4,350,17,7,13
69c5919a1b057b3d3d8b58f3b9b4b89d,Aromatizante Automotivo Lavanda,,automotivo,34,364,1,800,20,10,20
e55ba61cd47a02e2b5479c63c7db13fd,Carregador Portátil 10000mAh,,eletronicos,54,126,1,200,22,12,16
6e729bd456c54469a9af4c8774f1eab7,Kit de Poda (Tesoura + Serrote),,ferramentas_jardim,45,2121,1,6050,18,39,31
b3c60191c4d756abdf423e5b21eb91dc,Balão de Voleibol Praia,,esporte_lazer,60,856,5,300,20,7,15
7b81c277c7e38dd3e617c88530402dab,Marcador Permanente Preto (12un),,papelaria,46,259,1,350,25,10,20
0c761b0e33d708e6a3694a94ac4b82c4,Creme Dental Branqueador 90g,,beleza_saude,45,1982,1,2200,35,10,18
658675929f516ce89c6c508269123f98,Bola de Futebol Oficial (Edição Especial),,esporte_lazer,26,438,1,757,22,6,20
b984d2ef473c9daeaee1f7754f0076fb,Lixeira Automática 5L,,utilidades_domesticas,57,403,2,200,28,5,15
9bbd350bf9e9d00628872c869354b3be,Raquete de Tênis Júnior,,esporte_lazer,30,395,1,204,19,17,16
62efb2cde9269a637ebc6d2c0e02edfb,Shampoo Anticaspa 300ml,,beleza_saude,22,1301,2,250,16,6,11
b4f435100a515fb999f800065c3424a2,Brinquedo Mordedor para Cães,,pet_shop,55,833,14,7300,33,30,44
1020b67af447026e34fadc5a08f786b1,Limpa Para-brisas 1L,,automotivo,58,1145,6,3850,53,43,11
d7b39598905ba8e791fe3f1f376d59f9,Produto - 200g - 28x9x18cm,,,,,,200,28,9,18
7a82832901d5f4cd314a4e102c47bd2b,Kit de Poda (Tesoura + Serrote),,ferramentas_jardim,38,437,1,1900,45,6,20
ed1464ef7688d6e76b2bf2600c1ea3e9,Pendrive 32GB USB 3.0,,informatica_acessorios,20,398,2,650,16,6,20
d4fa4ad0e82fea0c12d7cf3f773a03b1,Cama Mesa Banho - 1kg - 20x40x20cm,,cama_mesa_banho,51,739,1,1300,20,40,20
8db4ee0e7e76083bd7d2d8ba3085b3a2,Relógio Casual Masculino,,relogios_presentes,58,568,1,100,20,7,15
ec31d2a17b299511e7c8627be9337b9b,Andador Infantil Clássico,,bebes,44,385,6,14675,55,64,52
6336e61e06e1a49c55f632beab8217f2,Mesa de Escritório 120x60cm,,moveis_escritorio,39,2419,1,20500,58,28,58
2edc5e6012ad882462d116ed5a9e3085,Moveis Quarto - 1kg - 50x8x40cm,,moveis_quarto,57,589,1,1450,50,8,40
8c0794180bc059d1af097905d7352cfa,Livros Tecnicos - 2kg - 30x4x23cm,,livros_tecnicos,25,1002,1,2000,30,4,23
dfb8e83d3ad8c5ce34db45b25f755b46,Limpa Para-brisas 1L,,automotivo,45,1283,5,175,25,25,25
d4ad9721bda56413600c43c11006cb78,Espelho Decorativo Ovalado,,moveis_decoracao,63,1700,1,700,60,11,20
55917ad8d492641d4910c90cc593d896,Carregador Veicular Bluetooth FM,,automotivo,29,1641,3,100,16,16,16
1e1e594f54aee5d344f0f58b399c7493,Carregador Veicular Bluetooth FM,,automotivo,56,3460,3,50,16,12,12
3e49ed0eb3b0fd7c15032a2e250d43d5,Mesa de Escritório 120x60cm,,moveis_escritorio,44,787,1,12100,54,40,52
16cbef36125de420ec9ae948425a6a68,Creme Dental Branqueador 120g,,beleza_saude,52,1013,3,525,30,6,13
9b20328274686c13d92234f6c1447c18,Shampoo Anticaspa 500ml,,beleza_saude,42,693,1,1250,30,12,16
2ad3b9d06491a22cf955595ecd1b5e6f,Carregador Rápido USB-C 30W,,telefonia,58,1566,1,150,18,6,11
1848a54b9f28b13e4d94d5bcc77904cc,Fashion Underwear E Moda Praia - 300g - 30x30x30cm,,fashion_underwear_e_moda_praia,41,1032,3,300,30,30,30
037a23831f142c505b119215d92eaf7e,Cadeira Presidente Ergonômica,,moveis_escritorio,62,1139,1,8900,53,50,16
a1e33e0a3ead282527fab4ff0f72706b,Musica - 400g - 25x10x18cm,,musica,55,435,1,400,25,10,18
df6d00c24fc224b84e9ad17708d0f4d7,Cama Mesa Banho - 650g - 30x4x19cm,,cama_mesa_banho,53,495,1,650,30,4,19
4345b14b84ad05bc0f724913b134c6eb,Fralda Ecológica Tam G (50un),,bebes,34,775,1,625,23,22,11
d0a8e8165e8cb2572836fd8c3fbe1bcf,Luminária Pendente Vintage,,moveis_decoracao,38,1112,1,1700,80,20,20
a8c575b4028403c1885a4bdceb27f439,Espelho Decorativo Ovalado,,moveis_decoracao,49,617,1,1050,30,35,30
757b6da408dc043a090dd89a90e8d4b9,Protetor Solar FPS 50,,beleza_saude,63,416,3,100,16,5,20
3d388ad844800bc833bd3e880740917f,Protetor Solar FPS 50,,beleza_saude,60,3504,4,9500,95,15,65
abaf51d7a67cc363c8da7ae77d15ecdb,Raquete de Tênis Júnior,,esporte_lazer,38,141,1,300,20,20,11
cc3e0004237b0c02f8fd95f943e1cebf,Prateleira Flutuante para Sala,,moveis_decoracao,27,296,1,350,17,26,17
a861d5c0df81a446e7e60ddb33ec0659,Carregador Veicular Bluetooth FM,,automotivo,57,1970,4,1550,27,24,27
9111d9c5a15a527389c6ba216623b7b4,Mouse Sem Fio 2.4GHz,,informatica_acessorios,59,465,2,100,37,6,12
52801616f7cc110c31c559fa94cb8563,Prateleira Flutuante para Sala,,moveis_decoracao,46,210,2,417,21,21,22
ba9e896256f52e536a611c56a4cae38e,Fashion Bolsas E Acessorios - 250g - 22x10x15cm,,fashion_bolsas_e_acessorios,60,615,1,250,22,10,15
5bb73292c4b9cd1145fbb03e66d59d84,Luminária Pendente Vintage,,moveis_decoracao,40,3164,2,600,20,60,20
ae3f37bc85b67a251d32862062d3c70b,Relógio Casual Masculino,,relogios_presentes,36,427,1,250,16,15,15
058453fe8a9473eceee27349de3b38ac,Relógio Esportivo Resistente à Água,,relogios_presentes,60,517,3,750,48,16,25
d8fc369e0b2d17b856119ff03276f198,Controle com Fio para Xbox Series X,,consoles_games,32,265,1,600,22,9,12
1e17a95099678da4cd4479d4c5b8f391,Boneca Articulada 30cm,,brinquedos,33,762,2,1200,20,25,58
fe6614ba400caca2d8d310902d5ecdd5,Bota Social Masculina 41,,fashion_calcados,57,404,4,1500,22,12,33
bb42f37fc3d9130e4a4339d24a47dd7c,Cama Mesa Banho - 400g - 20x2x15cm,,cama_mesa_banho,59,81,1,400,20,2,15
2c65cb7e002dd5aa378a903a98272c29,Luminária Pendente Moderna,,moveis_decoracao,57,268,1,1500,40,6,32
7c2d0df8e5fbfa71d54a400b33a8502e,Shampoo Anticaspa 300ml,,beleza_saude,59,1515,1,138,12,9,18
00210e41887c2a8ef9f791ebc780cc36,Creme Dental Branqueador 120g,,beleza_saude,56,3893,6,300,30,15,15
0b501b17eff6353cde82245645c4207e,Kit de Limpeza Multiuso (5pç),,utilidades_domesticas,51,396,1,1750,45,21,26
dc2bd3d07579e7f3b185c7118e33c33e,Teclado Mecânico RGB,,informatica_acessorios,55,2880,6,1525,17,24,24
f361fccba568fabe00db466f80626d1e,Aromatizante Automotivo Baunilha,,automotivo,20,908,1,75,17,8,13
6db41bd5a650ed247a5690c0e78c3969,Organizador de Gavetas 3 Níveis,,utilidades_domesticas,50,979,2,700,30,30,30
de75785dc5be712c4d4ed4ec5b422ce1,Relógio Casual Masculino,,relogios_presentes,47,340,3,550,20,16,17
8b878f082e217c587ef3ad9431c6c762,Market Place - 3kg - 19x30x26cm,,market_place,58,1101,1,3600,19,30,26
c3eb7064c36408a9bfc77a42d6ab993c,Protetor Solar FPS 50,,beleza_saude,48,444,1,30000,55,75,61
23fdd328796868ab2cf9e551c0d4673b,Boneca Articulada 30cm,,brinquedos,56,1113,9,260,22,4,22
f2e84ab8eb8eaa7cddc82f2b0f4424d2,Pendrive 32GB USB 3.0,,informatica_acessorios,51,727,1,450,18,16,17
99a3bbf99a7e2dc51bad09557d1967c2,Bola de Futebol Oficial (Edição Especial),,esporte_lazer,39,513,1,1688,23,17,22
dedb5adefe63796ce6edd624d0ebd8a8,Luminária Pendente Moderna,,moveis_decoracao,43,642,2,1000,100,11,20
440f5b159d6123c0f65eb1abb5373b99,Caderno Universitário 200fls,,papelaria,58,264,6,2200,30,60,19
d3ceda8c68fb31960dab19adf28e5c6d,Luminária Pendente Vintage,,moveis_decoracao,60,2010,2,3000,69,11,11
b7a89537c40b1f5a18b5ba75dbb91cbe,Teclado Musical 61 Teclas,,instrumentos_musicais,49,1051,1,594,20,15,16
338aa2ba639b0be9950da484aac036c4,Colônia Nativa 200ml,,perfumaria,46,565,1,75,18,9,16
ff34f05b00e8638201e04d2d0651c663,Cortador de Grama Sem Fio,,ferramentas_jardim,43,452,1,2350,30,12,15
737ee9efa4782433c69fb8d80e925dde,Relógio Casual Masculino,,relogios_presentes,49,364,1,250,40,10,25
094db48c531e5ce423c4b908ea96535c,Relógio Esportivo Resistente à Água,,relogios_presentes,58,441,3,1700,31,5,31
2009f9265306f26803dd5a243416707f,Andador Infantil Clássico,,bebes,60,1212,4,1200,28,13,21
3f31ad7df5482b3e8fcaac6ea060574f,Relógio Casual Masculino,,relogios_presentes,48,361,2,200,31,4,13
748b719f4cbfdcb99cae90bf4bb16217,Trem Elétrico com Trilhos,,brinquedos,46,1156,1,400,17,10,12
9102363e9fd5fc8fa4c0719ee704c89c,Kit de Limpeza Multiuso (5pç),,utilidades_domesticas,55,93,2,1300,37,37,37
873d2aa3911060e77ac89009410aa908,Capa para iPhone 13,,telefonia,54,172,2,150,20,5,12
6290a17933bbbd6ece996ef6542f4761,Fashion Bolsas E Acessorios - 100g - 16x5x16cm,,fashion_bolsas_e_acessorios,30,815,1,100,16,5,16
1d3f55c00acdb29bd959f2760abc8b7d,Limpa Para-brisas 500ml,,automotivo,56,614,1,5150,60,12,60
caa41bf17e27022341da028e79152c4c,Protetor Solar FPS 50,,beleza_saude,60,365,1,180,16,13,11
0152cb427657428c06633fce6d721da4,Alimentos - 150g - 22x4x17cm,,alimentos,57,606,3,150,22,4,17
875bee7b8010ed5307538425241dda8a,Aromatizante Automotivo Lavanda,,automotivo,58,581,3,100,24,2,17
33c98bd750b001296730e4eebb44b579,Fashion Bolsas E Acessorios - 200g - 20x20x12cm,,fashion_bolsas_e_acessorios,52,830,5,200,20,20,12
38ebfc282f610c4b8c8950b634db74e2,Limpa Para-brisas 1L,,automotivo,49,382,2,4900,31,31,31
050d890ccc1c0874e166c9af9c6dd821,Shampoo Anticaspa 300ml,,beleza_saude,36,749,2,350,22,12,17
9190ce23001d7618017faae67788ea09,Cama Mesa Banho - 4kg - 57x36x42cm,,cama_mesa_banho,41,627,1,4442,57,36,42
3a4dfe5f744b6f8727a27241cf1d97bc,Alimentos - 400g - 19x19x14cm,,alimentos,26,993,1,400,19,19,14
5bb66ed812e22536e62fdf77349583d6,Artigos De Festas - 350g - 16x12x14cm,,artigos_de_festas,58,1729,2,350,16,12,14
95d7eeaab4bd14c7ea4b2b95e415d8e0,Bola de Futebol Oficial,,esporte_lazer,48,1102,1,1400,41,6,33
42a437e306c8020b829fa2a5c55d3b62,Batedeira Planetária 400W,,eletrodomesticos,60,277,1,200,27,13,17
eff40981f3d4639fb50c5dd51ac00d7a,Cama Mesa Banho - 623g - 30x7x31cm,,cama_mesa_banho,26,393,2,623,30,7,31
0ce1e35bdc6af7e582e7ef9363e29b5b,Carregador Rápido USB-C 30W,,telefonia,57,607,1,100,16,11,9
1c1dda7d5b3d50618aadda35edc2acd6,Fashion Bolsas E Acessorios - 300g - 16x2x20cm,,fashion_bolsas_e_acessorios,46,1437,1,300,16,2,20
401717fdb76bea40aad511f64ab03c92,Limpa Para-brisas 1L,,automotivo,58,237,1,100,16,8,16
4c5cc632a68ce10ff22b58b5b8c8b8f3,Cama Mesa Banho - 6kg - 51x22x36cm,,cama_mesa_banho,39,364,1,6300,51,22,36
067e6da1c75010f933e68b76efb2273f,Lixeira Automática 5L,,utilidades_domesticas,58,451,4,8575,33,48,38
fce976d7954f915c971fb93ac8724681,Kit de Limpeza Multiuso (5pç),,utilidades_domesticas,21,853,1,250,16,16,16
525f8fbde09c9bf777025c3141fbbc6e,Ventilador de Mesa 40cm,,climatizacao,52,346,3,250,22,11,16
fabff014f52a6bfb8d46666506ef416b,Aromatizante Automotivo Baunilha,,automotivo,56,1498,2,550,21,18,13
927c2a01437aaec44d9b67f277b55eab,Mesa de Escritório 120x60cm,,moveis_escritorio,44,1208,1,11350,63,61,24
9a07babc9b1d5d84b1e2422f8b55fd42,Relógio Esportivo Resistente à Água,,relogios_presentes,57,462,1,475,26,13,16
3dacb3ae011b40803a508b23392e15a0,Caderno Universitário 100fls,,papelaria,57,1682,1,7200,43,23,33
c028e45b1d245ae576fcf069f68265ed,Tapete Higiênico Cachorro 40x50cm,,pet_shop,49,683,1,11100,52,52,36
221734613a802d62bb706f54ae56f970,Cama Mesa Banho - 1kg - 20x40x20cm,,cama_mesa_banho,55,739,1,1500,20,40,20
fd2168a1a9661512d53cb23d6d23ee02,Boneca Articulada 30cm,,brinquedos,32,1207,1,650,20,20,20
353453049f39e1273c7e57d80bd4d55b,Controle com Fio para Xbox Series X,,consoles_games,25,1100,4,183,20,8,16
a77746494183161cdab587cc8428ca8c,Shampoo Anticaspa 300ml,,beleza_saude,40,1102,1,2175,36,11,19
aee9cd26256b232251c668f81a66a52e,Carregador Rápido USB-C 30W,,telefonia,49,498,1,100,19,4,20
5c3b598051f68e469d0ea40deb7fb904,Bebidas - 475g - 24x16x19cm,,bebidas,58,3337,4,475,24,16,19
3cfbc83ded5aa170816cc18cdb5d4188,Relógio Casual Feminino,,relogios_presentes,56,633,1,400,20,13,13
c2c00c360a8407127ec5393828933bc5,Marcador Permanente Preto (5un),,papelaria,47,329,2,250,20,20,20
df5cc67b7f137007b9e4e82efe5f623b,Fashion Bolsas E Acessorios - 250g - 16x2x11cm,,fashion_bolsas_e_acessorios,48,731,1,250,16,2,11
34d94359772f0bc123b585b23014e311,Pendrive 32GB USB 3.0,,informatica_acessorios,20,1069,3,200,16,25,15
7f8b42a3cbe617b6112e0623f0d32fa2,Balão de Voleibol Praia,,esporte_lazer,41,936,1,6300,101,16,25
398f22ec36f9955449190bf09e971d83,Shampoo Anticaspa 300ml,,beleza_saude,62,3074,1,1750,16,16,15
a152e968e6e943c06ca8ad6fbafc72a0,Marcador Permanente Preto (12un),,papelaria,59,315,4,5750,60,20,29
ef7465961a25c8e59ef03770142bbb12,Pendrive 32GB USB 3.0,,informatica_acessorios,31,589,2,240,18,10,14
5de86da99512dc2f7efd46c262af9c8e,Creme Dental Branqueador 90g,,beleza_saude,50,2352,1,1083,19,18,18
26cdd235bfb9ce27858057fad1a52e3b,Balão de Voleibol Praia,,esporte_lazer,54,794,1,10750,30,20,30
98e0de96ebb0711db1fc3d1bad1a902f,Webcam Full HD 1080p,,eletronicos,60,3007,6,1571,18,6,18
c067d207da71c4b67d2f1ad5eb4e96f6,Boneca Articulada 30cm,,brinquedos,53,436,3,290,17,7,13
b8ded693eefc7fd6fae337f6c202093e,Carregador Veicular Bluetooth FM,,automotivo,55,790,3,100,24,13,19
c756c946d61f5ffc068418badfb6302c,Relógio Esportivo com GPS,,relogios_presentes,55,175,8,250,16,2,11
bd135e2d8464317f17a1eddd678e8860,Mouse Óptico USB,,informatica_acessorios,45,599,1,500,16,2,11
bf5f81431577de43f0cb0864d45f835f,Carregador Veicular Bluetooth FM,,automotivo,52,553,9,650,16,29,22
ac8ead6d720eaa6c547bb93c6044b285,Prateleira Flutuante para Sala,,moveis_decoracao,59,316,3,11400,60,6,60
e641658c6c4f39509609041a4c1443ad,Limpa Para-brisas 500ml,,automotivo,53,578,3,1350,30,20,30
96f4be9a5580c9fc8f6a6fa033ffb485,Fashion Bolsas E Acessorios - 5kg - 100x80x11cm,,fashion_bolsas_e_acessorios,57,349,2,5000,100,80,11
14b47a66430c89500f18cdaaef9e0c21,Jogo de Blocos 100pç,,brinquedos,49,1230,7,3500,30,30,30
2c818013dbc95f5cd2d6a393a31813e0,Luminária Pendente Vintage,,moveis_decoracao,63,233,11,1500,42,14,32
8899e549604c83a99da5fd3ec51d955d,Caneta 3D Iniciante,,cool_stuff,57,1003,4,200,30,20,40
12530458b22303a822da23e0ef0c400b,Organizador de Gavetas 3 Níveis,,utilidades_domesticas,60,416,2,950,43,17,24
7d634a0a3016f753b828575a458269b5,Teclado Multimídia ABNT2,,informatica_acessorios,42,250,2,200,23,6,15
ddb73ecd2a301a87fa538fa0a33d4112,Caixa de Som Portátil 10W,,eletronicos,59,487,2,800,16,2,11
527921e5d38d82e839ef2195d6455fc6,Tapete Higiênico Cachorro 40x50cm,,pet_shop,63,2653,9,20700,60,40,40
dab9c91ff81f632aff81bb4cb671cd18,Caneta 3D Iniciante,,cool_stuff,51,590,2,3175,30,28,33
9d6dd55c4d66be7b7021bb471061ce16,Colônia Nativa 200ml,,perfumaria,39,1290,1,200,18,4,13
97e778e5156560324ed3226e6dba3a5e,Fashion Bolsas E Acessorios - 300g - 16x16x12cm,,fashion_bolsas_e_acessorios,35,353,5,300,16,16,12
662522c4792f029e5de23e6241378b38,Cortador de Grama Sem Fio,,ferramentas_jardim,59,1439,3,6000,40,10,20
61928d5aa0738540798d3a57a38717f2,Brinquedo Mordedor para Cães,,pet_shop,48,282,1,250,16,16,16
1ce47626d790bdfe279ad4cedc159009,Luminária Pendente Vintage,,moveis_decoracao,35,563,1,100,16,16,16
19685f2e45de3c3b733029b54a2c0d9c,Telefonia Fixa - 1kg - 21x16x16cm,,telefonia_fixa,57,2877,4,1450,21,16,16
d381a801331f62e294893c46ce121fc8,Ámbar Noche Eau de Parfum,,perfumaria,47,729,1,400,19,11,16
e2e2c6003104c5c3b265e60c980904d9,Sinalizacao E Seguranca - 14kg - 65x65x13cm,,sinalizacao_e_seguranca,57,752,3,14650,65,65,13
b3fa89053a8298a2d3265e6ea6c79588,Andador Infantil Musical,,bebes,54,1116,1,11683,47,30,49
ff14b42e6c031d90825f40f2b1089185,Pacote de Canetas Esferográficas (10un),,papelaria,57,158,1,3474,31,28,30
90c3564fa89e67d5e1b4898dd43cebc9,Carregador Veicular Bluetooth FM,,automotivo,27,299,4,300,51,15,15
7b8c427eb09be88d32fcfaa8018f5caa,Creme Dental Branqueador 120g,,beleza_saude,55,624,1,2000,30,12,16
31a2fd4c489928b895ded31469fcbb5d,Fashion Bolsas E Acessorios - 150g - 16x9x11cm,,fashion_bolsas_e_acessorios,40,417,4,150,16,9,11
8bbc072e9ad5dfad286bf7965b945217,Kit de Limpeza Multiuso (5pç),,utilidades_domesticas,55,801,3,483,30,14,25
8805dd9f1994bee68f2e1351c5e64f26,Relógio Casual Feminino,,relogios_presentes,41,1680,1,500,20,14,18
3bba0b38a9ccc67ee4f46b92530f186a,Sinalizacao E Seguranca - 2kg - 33x22x16cm,,sinalizacao_e_seguranca,51,769,6,2725,33,22,16
8f41c6ba389c91b377bba94e332bf925,Cama Mesa Banho - 1kg - 20x12x20cm,,cama_mesa_banho,60,600,1,1200,20,12,20
2267f81f3634e3fdd5d27151ddad3c26,Luminária LED Multicolorida,,cool_stuff,53,419,3,9650,86,8,40
db3d41ff5381ce98cf9726f09e731adc,Mouse Óptico USB,,informatica_acessorios,47,1751,2,1673,24,13,21
978d2315d672718ad7235114a71bc2c6,Fralda Ecológica Tam M (50un),,bebes,54,493,2,4033,27,27,27
1dfa1d1603b10b073093775015d0fc74,Fashion Roupa Masculina - 900g - 45x10x35cm,,fashion_roupa_masculina,36,622,2,900,45,10,35
2a5431fbefaafd4adc1abc5f60a2ba31,Limpa Para-brisas 500ml,,automotivo,57,833,2,100,16,3,11
8229312bb3ac903dda978c5f6a7206bd,Lixeira Automática 12L,,utilidades_domesticas,56,411,1,900,50,7,50
868969d3a93aeeab7bfcd4fc3d3d65de,Carregador Rápido USB-C 20W,,telefonia,40,623,2,233,18,8,13
41c24b8ce92d1a2cac62db5edfd088b2,Relógio Esportivo com GPS,,relogios_presentes,27,178,1,314,18,11,14
a8de27e0e3c906eb51872553801962b7,Pacote de Canetas Esferográficas (10un),,papelaria,58,371,7,1900,28,55,37
4a2aa2807d3b21d35fe604f5629b40ad,Marcador Permanente Preto (5un),,papelaria,51,795,2,450,28,28,22
9a21c7ce9df5c19b94d2ea715a23a90c,Balão de Voleibol Praia,,esporte_lazer,46,183,1,800,25,16,16
3e3f442db862cb6fe99389a41b7acb84,Agro Industria E Comercio - 12kg - 67x57x30cm,,agro_industria_e_comercio,60,638,6,12800,67,57,30
063595b8c2acd495d650be922916fbff,Prateleira Flutuante para Livros,,moveis_decoracao,63,744,9,1600,30,21,28
ebf19d90623587fde1eff2a222d8b177,Jogo de Blocos 200pç,,brinquedos,53,495,2,1874,38,38,26
1ce3fabecf822e737401979c2eef12e5,Limpa Para-brisas 1L,,automotivo,51,658,2,150,16,16,16
2bbafc7b18384308a1fb3f64c022b25c,Balão de Voleibol Praia,,esporte_lazer,47,861,1,1014,25,22,22
575a896d07cd269eb0b2b8762e0be261,Raquete de Tênis Profissional,,esporte_lazer,60,902,2,6150,20,20,20
7b66b19cf13720604859bcd8c48c0dab,Relógio Esportivo com GPS,,relogios_presentes,58,785,6,250,16,2,11
833b7baca432a26ccfc3e3eaa8271519,Fashion Bolsas E Acessorios - 100g - 21x9x14cm,,fashion_bolsas_e_acessorios,42,261,1,100,21,9,14
e1ed9c25b42fc1afbc7459cc821a9d44,Martelo de Aço 500g,,construcao_ferramentas_construcao,22,101,1,7700,50,20,50
ce9642db03eabe825b92638bd5d4aebd,Necessaire Viagem 5 Compartimentos,,malas_acessorios,58,367,5,1200,45,15,35
2a33c8929309d51853186bd18ff3e3f2,Cama Mesa Banho - 4kg - 34x12x43cm,,cama_mesa_banho,60,298,1,4300,34,12,43
6aaa03bfd8582d76c23b11ef0e80f85d,Organizador de Gavetas 3 Níveis,,utilidades_domesticas,58,696,2,900,21,12,21
5379d3a11f5e58c31f2de3ea3330777b,Relógio Casual Feminino,,relogios_presentes,54,553,1,288,16,9,13
a710be5818329b097a82bb26b480f5fa,Raquete de Tênis Profissional,,esporte_lazer,53,826,6,367,19,14,17
438becbce7afb5a88f4075ed4d76682b,Lixeira Automática 12L,,utilidades_domesticas,32,817,2,600,16,16,16
4d3e81b2dfb45a73759982d63e532e94,Suporte de Celular Articulado,,cool_stuff,49,425,1,200,30,5,30
25287671dbfca39d8aecdd754c28b269,Shampoo Anticaspa 500ml,,beleza_saude,58,1402,2,1600,16,10,14
c7b28fe2ce0fe3c1e58fdb5ccfce9079,Telefonia Fixa - 200g - 19x5x11cm,,telefonia_fixa,54,436,3,200,19,5,11
f00f7669eb9a3712d500fe96759bb02b,Cortador de Grama Manual,,ferramentas_jardim,35,172,3,1700,67,2,31
d766964397625ab68a48b7267bf7b04e,Limpa Para-brisas 500ml,,automotivo,42,395,2,11100,60,60,18
738da8ddda2e593acfdc53c2d1520dfa,Violão Acústico Clássico,,instrumentos_musicais,63,950,9,8350,105,12,45
5320227c4bd28373213316b78f0f0b44,Relógio Esportivo com GPS,,relogios_presentes,47,738,2,200,16,11,11
79a1e70838d5e7e05c1347829e0caff3,Pendrive 32GB USB 3.0,,informatica_acessorios,54,1990,1,1250,50,22,30
4ddaadd618ebc681d6730057c360ab8e,Market Place - 1kg - 30x5x45cm,,market_place,23,235,2,1100,30,5,45
b0054021dee7f055b57da97096fc1c95,Jogo de Blocos 200pç,,brinquedos,45,386,1,400,16,12,15
e91b0c7b4d9cd642c111a68c8a337ebc,Cama Mesa Banho - 1kg - 35x15x25cm,,cama_mesa_banho,53,111,1,1850,35,15,25
12f066474dfa3c415c169051c5e1967e,Capa para iPhone 13,,telefonia,60,749,3,200,22,8,15
88ffcf27478318ba55b1f9d22d65ce97,Construcao Ferramentas Seguranca - 600g - 25x31x25cm,,construcao_ferramentas_seguranca,53,246,1,600,25,31,25
2afebecdbf5ff9f1058bc9164e65c200,Berço Portátil Dobrável,,bebes,53,710,9,8800,33,30,44
a5e253ef6240a13a4d631fd39d2c7444,Fashion Bolsas E Acessorios - 200g - 16x5x20cm,,fashion_bolsas_e_acessorios,48,638,1,200,16,5,20
ecf60cb41ee36163755ee427f85ef680,Bola de Futebol Oficial,,esporte_lazer,55,265,3,200,16,10,11
a58add0d4b913cb2fe2542b77bac6dc8,Kit de Poda (Tesoura + Serrote),,ferramentas_jardim,33,467,1,3700,40,34,33
606fe329bc6b2d8d63f8d787cd5d0960,Mouse Óptico USB,,informatica_acessorios,36,1437,1,92,18,17,12
447934cd014b033280977350b730d892,Cama Mesa Banho - 3kg - 60x16x16cm,,cama_mesa_banho,58,124,1,3100,60,16,16
9ba7a2e6df6dbaa83fe78f9b4ea0b3fa,Luminária Pendente Vintage,,moveis_decoracao,52,1878,3,2350,104,4,68
e1dc23d88d327fefb34f58df7d6be272,Lixeira Automática 5L,,utilidades_domesticas,29,814,3,425,31,14,14
be1d0cae4c4acf0350ad1295fe5a3299,Cama Mesa Banho - 350g - 16x10x16cm,,cama_mesa_banho,52,455,1,350,16,10,16
4a67edece2fe2b25b7ba6072c6e6d64f,Luminária Pendente Vintage,,moveis_decoracao,38,245,5,1850,21,57,15
627c9ddcab5043db4f8816ce2da1d31c,Smartwatch Série 7,,eletronicos,59,510,2,150,30,20,20
b1f4ba08a7cc4ec6ba47a54fe99beea4,Creme Dental Branqueador 120g,,beleza_saude,52,94,1,200,20,4,11
5fff011a1080f30f5ef452bf7ea65820,Carregador Veicular Bluetooth FM,,automotivo,58,885,3,1400,19,26,16
a7c82583dc20dc8caa7b88a98b8f3cd5,Aromatizante Automotivo Lavanda,,automotivo,58,226,1,350,27,8,14
9c7bdf67b06b419aefb93cfdfc96c55d,Balão de Voleibol Praia,,esporte_lazer,25,823,1,476,17,14,14
b22658be72921a967a7d592dfc61e54e,Ámbar Noche Eau de Parfum,,perfumaria,34,523,1,500,20,20,20
75d7ef43c821730d335b779416ef824e,Arranhador para Gatos 60cm,,pet_shop,60,776,3,800,50,5,50
3f5a7aa9c9cd21cbfe37688ed326222b,Jogo de Blocos 100pç,,brinquedos,48,236,1,600,45,15,35
3952bdd2bc1fc8c324a78de21ae4d801,Luminária Pendente Moderna,,moveis_decoracao,47,660,1,900,21,20,18
441f80632def2e872e95a3e474226119,Espelho Decorativo Ovalado,,moveis_decoracao,56,296,3,900,100,7,12
aafff0a607f7a35ec845b6def642057c,Raquete de Tênis Profissional,,esporte_lazer,41,1188,1,2950,36,38,36
f9af3e675a59ac5c74736e8f6e501f6b,Balão de Voleibol Praia,,esporte_lazer,59,3445,1,400,18,18,18
1a20fafcc7f7eba192f047da438a0bb4,Shampoo Anticaspa 500ml,,beleza_saude,56,574,1,400,25,5,16
607533a152a7db3664c7bd5b24fa0e36,Cama Mesa Banho - 613g - 37x20x38cm,,cama_mesa_banho,47,258,1,613,37,20,38
8e371c2303bcf90383f6cebd67f2dffe,Jogo de Blocos 100pç,,brinquedos,48,236,1,450,45,15,35
3eef0cb94ba82de806bb30ab743c7655,Cadeira Presidente Ergonômica,,moveis_escritorio,26,1177,1,11880,50,60,27
e52703b3a28722cd38f045d5ebf09b84,Carregador Rápido USB-C 20W,,telefonia,59,725,2,167,18,4,11
55b04296824029ae20bbeb3b200e69d0,Prateleira Flutuante para Livros,,moveis_decoracao,54,785,6,1300,60,12,12
bf78843cda99fe99d2246a94a4a465a3,Fralda Ecológica Tam G (50un),,bebes,23,591,2,400,24,16,25
a34ffdd8795ad14708ab74aaba226ec0,Camiseta Geek Estampada,,cool_stuff,43,855,4,10700,104,23,27
674882c56b0e1ef7ce973f10a6c02b1b,Ração Seca Cães Adultos 15kg,,pet_shop,58,809,5,1500,60,16,26
02aa16706915b09bedf8409296478283,Bola de Futebol Oficial,,esporte_lazer,31,798,2,200,16,6,20
656d923048a96be8ec0da05d7b71aa28,Raquete de Tênis Júnior,,esporte_lazer,40,604,1,129,22,4,20
d2a2228b3f520f0af299b43ae00c698e,Eletroportateis - 500g - 29x10x16cm,,eletroportateis,55,1226,1,500,29,10,16
f14c1f6cf5ba04ba0a6f52c763a6b7a9,Tábua de Picar Bambu (3pç),,utilidades_domesticas,45,1734,4,3900,52,5,32
3706bfca98c324436c9037eb9b35f594,Cama Mesa Banho - 200g - 26x6x19cm,,cama_mesa_banho,58,362,1,200,26,6,19
17d17b9640ddee0ec3fa09c91b284ae9,Tábua de Picar Bambu (3pç),,utilidades_domesticas,50,476,1,500,24,8,15
77cad52aa444e612b99517bebbb4abb2,Tapete Higiênico Cachorro 40x50cm,,pet_shop,63,1451,2,1250,35,20,45
76de7235ba0ddd12de1d998e1a5a1722,Carregador Rápido USB-C 20W,,telefonia,57,166,2,150,20,5,12
17efcba3c09566b89c945ef563f381d2,Bola de Futebol Oficial (Edição Especial),,esporte_lazer,54,728,4,1150,46,10,15
9bc39c44d241610638729a32026eb37a,Cama Mesa Banho - 6kg - 58x20x46cm,,cama_mesa_banho,47,537,1,6300,58,20,46
76d58c2f53f7d340cb9fe2d8514e38ae,Controle Sem Fio para PS5,,consoles_games,56,586,2,300,25,11,18
fa76b5636dfcd56d3d02b6657b64fb67,Shampoo Anticaspa 300ml,,beleza_saude,48,923,1,2175,19,28,24
8368aba9a583e38eb9db42881c92c473,Relógio Casual Masculino,,relogios_presentes,33,676,3,500,23,15,19
90b8a54ccc8372ea12573a7fd3312c33,Construcao Ferramentas Ferramentas - 250g - 16x12x14cm,,construcao_ferramentas_ferramentas,55,856,1,250,16,12,14
5f6b9379adaf6cf73b45229cf6eb5ec4,Balão de Voleibol Praia,,esporte_lazer,42,1391,1,240,17,11,14
a7363ecea2a94dac7cd78479fb39b0cd,Cama Mesa Banho - 2kg - 20x30x30cm,,cama_mesa_banho,48,729,1,2400,20,30,30
d01019ebab9a3f583fd32785518d8704,Cimento Portland 50kg,,casa_construcao,30,1272,1,1175,30,15,18
10a6596b3224c408ee46c8aaaa2977cd,Eletroportateis - 450g - 30x20x16cm,,eletroportateis,58,823,1,450,30,20,16
1e7d94ec384eb160b91eb277f13ba1ff,Raquete de Tênis Profissional,,esporte_lazer,40,228,2,3650,60,15,15
5d83f43544c29b5d5f522ee9955e2043,Fralda Ecológica Tam G (50un),,bebes,41,347,1,700,30,16,16
e54f264ebcdf353273544c6cc18de83f,Chave de Fenda 6x100mm,,construcao_ferramentas_construcao,63,187,1,5400,40,26,25
6af944d65385c537dd7fb26787c7dae3,Luminária Pendente Moderna,,moveis_decoracao,63,190,2,2100,50,7,50
995132c3d9a4d244fdc9fb4b3d5c8e82,Jogo de Blocos 200pç,,brinquedos,35,400,3,750,34,23,30
f7944bea06011a56749cb63cb546b89a,Mouse Sem Fio 2.4GHz,,informatica_acessorios,58,1745,2,6550,30,30,20
a610552157e4317323f1c23e9c51fe26,Fogão 4 Bocas Inox,,eletrodomesticos,47,238,1,425,44,14,34
76f71ec385ad031b06d5ad8be0440260,Sandália Rasteira Feminina 36,,fashion_calcados,46,647,2,1200,20,9,21
6d3d8ade6b793a08b041b6bc653c08ca,Luminária Pendente Moderna,,moveis_decoracao,53,502,1,650,25,25,25
9ccf11289147e5277b022439b4ea1f20,Limpa Para-brisas 500ml,,automotivo,59,983,5,600,20,20,20
ecd5ed7617a3120fd8951a701c93f9bf,Organizador de Gavetas 3 Níveis,,utilidades_domesticas,60,830,1,3700,40,20,20
7bdb0c9137fdc67e666061dc0ee2838c,Lixeira Automática 12L,,utilidades_domesticas,27,868,3,500,17,9,17
f7a17d2c51d9df89a4f1711c4ac17f33,Organizador de Gavetas 3 Níveis,,utilidades_domesticas,56,1245,5,350,22,8,19
37587b932bbc7d76c4d1cde1cba57542,Kit de Poda (Tesoura + Serrote),,ferramentas_jardim,50,458,2,800,24,13,18
6a1a04054158fe995e1688d8f79605b2,Raquete de Tênis Júnior,,esporte_lazer,59,254,1,1650,40,45,25
2a46d3a8cb337e4c4b5db2d6df599cea,Smartwatch Série 7,,eletronicos,53,1011,3,5200,20,15,13
0dda66cf50e9782e3b4499568095bba2,Perfume Aventus 50ml,,perfumaria,40,587,1,450,20,14,13
f48d34d7fa5828bde48c15d602f26aa7,Prateleira Flutuante para Sala,,moveis_decoracao,63,233,11,3000,41,17,32
86b905f8e48ccc43feec909bd9b934fb,Espelho Decorativo Ovalado,,moveis_decoracao,34,677,1,1200,17,32,17
c9edf439fd16e320a394e3e998138ff5,Chave de Fenda 6x100mm,,construcao_ferramentas_construcao,59,1748,4,2200,60,30,15
bf5c9388b3b4225c6578eadbde4781db,Lixeira Automática 5L,,utilidades_domesticas,53,2014,5,117,21,9,11
e6a497d97ea84990f05bda077f62a2da,Prateleira Flutuante para Sala,,moveis_decoracao,51,358,1,2900,35,7,35
bec7585cabd7834bae06fc5bd3475cc9,Cama Mesa Banho - 2kg - 50x10x40cm,,cama_mesa_banho,47,641,3,2150,50,10,40
165cf891cdb818da8293163bf0a9b2ba,Pendrive 32GB USB 3.0,,informatica_acessorios,51,156,1,100,16,6,14
809f2a482cb6abfaa2cc24167538f57c,Creme Dental Branqueador 120g,,beleza_saude,28,936,1,300,16,17,11
cebff45f1d1558430be0e07ac0df6a68,Aromatizante Automotivo Lavanda,,automotivo,56,960,3,1400,30,30,30
de5dafaae0182647bb67d4b81b37f36f,Boneca Articulada 30cm,,brinquedos,42,571,4,4735,39,43,36
4f0abfbee7569e43b80f9aaa256a9bf8,Creme Dental Branqueador 90g,,beleza_saude,60,919,1,150,22,3,15
bc805087d4afe16910733e594081ac29,Cama Mesa Banho - 17kg - 50x50x65cm,,cama_mesa_banho,55,610,3,17450,50,50,65
c3b4729646369fa6b490fc0b732ab443,Creme Dental Branqueador 120g,,beleza_saude,37,819,1,1078,20,17,19
d500c64ef3ac31087d21f93faacec268,Livros Tecnicos - 2kg - 30x3x21cm,,livros_tecnicos,55,792,1,2000,30,3,21
b815c6ac9af2fbea9b2588de81c53905,Luminária Pendente Moderna,,moveis_decoracao,54,284,2,14500,35,30,35
fa8b90b254398a181c77d51bae41eada,Shampoo Anticaspa 300ml,,beleza_saude,38,493,1,5550,50,11,60
3cb27db8c8015afcf219721d4fc10148,Carregador Rápido USB-C 20W,,telefonia,50,286,7,200,16,3,11
6cc2b92f841b20c5e39281a44a9c68bc,Balão de Voleibol Praia,,esporte_lazer,50,437,1,2200,60,18,18
dc6185221ef0ba24510b48e0612fd51f,Cama Mesa Banho - 6kg - 30x20x20cm,,cama_mesa_banho,52,572,1,6700,30,20,20
9ecdbd21cd2c1067a8dda34c1674cec4,Prateleira Flutuante para Livros,,moveis_decoracao,47,450,4,800,20,15,20
3bfd31bd6ca35eba88eab292090ca291,Cama Mesa Banho - 21kg - 40x20x36cm,,cama_mesa_banho,51,453,1,21000,40,20,36
951e2998189b05082eab2080036b135b,Película de Vidro Temperado Universal,,telefonia,59,734,3,350,17,4,12
be7bcd2421313e6b35f03717b13f5ff3,Shampoo Anticaspa 500ml,,beleza_saude,56,739,4,1600,18,34,27
c5cc16e72344194c359106a8061c83f5,Carregador Veicular Bluetooth FM,,automotivo,58,904,1,2750,35,20,20
e8f1f23c31482d8f798aaa64733e85d9,Carregador Rápido USB-C 30W,,telefonia,21,1213,2,300,17,9,12
4dbbac7226b931013e5f0e2741d1025b,Balão de Voleibol Praia,,esporte_lazer,45,1541,1,700,33,20,20
7b5889ae43453cce7e93e2e32f97afc6,Chave de Fenda 6x100mm,,construcao_ferramentas_construcao,59,492,2,6350,28,32,24
f8e3bbc2e6dfcda8a3523e3ad3512d37,Balão de Voleibol Praia,,esporte_lazer,52,926,1,250,20,20,20
5c9d7078a9ba9cfd2f39725146e15678,Andador Infantil Clássico,,bebes,50,1206,3,1350,42,25,15
664fa109c2fdc2f1c8f1ec2b6863fe5c,Jogo de Blocos 200pç,,brinquedos,59,377,5,350,28,20,24
e8dca0ae20e339a356e9d598fefc3be5,Carregador Rápido USB-C 20W,,telefonia,32,1130,5,100,20,20,25
46b609a28b05ef9d5179026a055c5121,Luminária Pendente Vintage,,moveis_decoracao,59,693,1,700,39,5,20
df4df3fa6ff7a9f642cdd117ed85626e,Limpa Para-brisas 1L,,automotivo,49,410,1,400,16,2,11
a69e3d74b5056570954717a7efc806de,Necessaire Viagem 3 Compartimentos,,malas_acessorios,58,529,10,3350,29,28,24
1da3e4356495511914d62ce5385f7122,Caneta 3D Iniciante,,cool_stuff,29,338,2,350,18,16,16
e0f63b6827db5de140206f0e66485f3c,Lixeira Automática 12L,,utilidades_domesticas,55,1208,1,3300,40,30,30
3736d232d7b439822cdb4cfee973fba0,Carregador Portátil 10000mAh,,eletronicos,60,487,1,833,30,21,21
bf7a3359eeb43b9944c70293e4be896a,Moveis Quarto - 14kg - 60x5x90cm,,moveis_quarto,56,240,1,14000,60,5,90
519693b7e29749ed7b6ad60cb07b9400,Produto - 200g - 25x2x18cm,,,,,,200,25,2,18
00d2add85b1f5aba6bb3d5d977314e25,"Sifão de Pia 1.1/2""",,casa_construcao,60,935,1,9050,56,26,28
cfbc837967ca671ee87f5243f2a1024d,Bola de Futebol Oficial,,esporte_lazer,47,527,1,400,16,17,11
2f6e181a1c1c54d63d3a7e4d64b9947f,Cortador de Grama Sem Fio,,ferramentas_jardim,57,305,4,850,16,7,30
ec5a5cf28e0fbef0c5391157203ab8ce,Caneca Criativa 350ml,,cool_stuff,57,1407,4,188,16,9,14
32bb152336c896d906a6344cdbe1993c,Prateleira Flutuante para Sala,,moveis_decoracao,58,635,1,7350,30,35,30
c47696608d548c9999a92966e435b3f6,Bola de Futebol Oficial (Edição Especial),,esporte_lazer,43,248,2,850,60,15,15
e1723cc3f4bc8a361b57f8c8b97959af,Caixa de Som Portátil 10W,,eletronicos,44,376,1,200,25,7,16
016809bbae76f284266dcffcbb12480b,Necessaire Viagem 3 Compartimentos,,malas_acessorios,38,789,3,600,50,5,40
99de5bb76bad02d0f39306af0436bcfd,Dvds Blu Ray - 800g - 35x4x25cm,,dvds_blu_ray,37,1657,3,800,35,4,25
d902e8400cd0c58b64ea157af940e670,Fralda Ecológica Tam G (50un),,bebes,52,786,2,3800,44,23,43
b8e1b1d7c85f0f3530d09dc4c52fa0ab,Espelho Decorativo Ovalado,,moveis_decoracao,62,472,1,500,46,10,60
45d79c8c6875aec2005c8f554dc1d352,Bola de Futebol Oficial (Edição Especial),,esporte_lazer,25,209,1,900,51,17,20
6bd8c7dc9695bdc48adc5960f4fee0ff,Prateleira Flutuante para Sala,,moveis_decoracao,63,706,3,2750,35,10,35
66867c4d80b358b6cd9fada5208ad1ed,Trem Elétrico com Luzes e Som,,brinquedos,56,551,1,1200,30,14,22
096d687ce8c7ae68039cce3f229b1d4c,Brinquedo Mordedor para Cães,,pet_shop,35,1008,2,665,9,9,8
997821c0ede235a8ed07670ce57a8d86,Carregador Rápido USB-C 30W,,telefonia,60,776,6,300,17,4,12
b8748a4a2330a08837c8a22664e31f5e,Colônia Nativa 200ml,,perfumaria,47,125,1,543,21,23,21
757172573ef8a2cc354243f3da4fa565,Pulverizador de Jardim 2L,,ferramentas_jardim,58,218,1,2700,80,12,60
6d7d853286dac8449c42146f8ce5dedf,Balão de Voleibol Praia,,esporte_lazer,35,421,2,150,45,10,11
ddd089de76da9c400545c6fbf80e2ccb,Caderno Universitário 100fls,,papelaria,52,1235,2,800,20,50,40
c816e7f68945b875d70f82b82f7b0495,Cama Mesa Banho - 900g - 95x8x50cm,,cama_mesa_banho,60,124,2,900,95,8,50
e435ceb7ced9b8446defd858630454ed,Creme Dental Branqueador 120g,,beleza_saude,28,792,1,440,20,11,17
e5f8f7fec18736ea009f2f7334543497,Moveis Sala - 925g - 22x10x17cm,,moveis_sala,57,1054,2,925,22,10,17
195a72beccf48da20d71e2d7530b470a,Shampoo Anticaspa 300ml,,beleza_saude,48,474,4,425,20,11,14
64b446c34d5599462f6c9d4ed6bc5c09,Batedeira Planetária 400W,,eletrodomesticos,60,637,1,250,27,13,17
6553ffe8703fdc36bad125ddf9f6d691,"Mochila Executiva 17""",,malas_acessorios,45,905,6,425,40,7,34
1d7db62a21ffb4f220d3e8a05fa77e02,Fashion Bolsas E Acessorios - 100g - 16x13x11cm,,fashion_bolsas_e_acessorios,22,328,3,100,16,13,11
56fd30e18420cb9a5a50c718168fa660,Pulverizador de Jardim 2L,,ferramentas_jardim,62,2167,3,700,16,17,16
c4b21b551ef498a942996724f6f82695,Aromatizante Automotivo Lavanda,,automotivo,39,871,4,850,28,16,21
71e54303c8b80673889bfc98bc5ecb0e,Cama Mesa Banho - 2kg - 42x16x36cm,,cama_mesa_banho,64,702,1,2700,42,16,36
0ed27993e016d4546e2038bfd75b812c,Produto - 1kg - 48x8x39cm,,,,,,1000,48,8,39
4cf712858586ea03ca847ca8aa2c8228,Luminária Pendente Moderna,,moveis_decoracao,60,473,1,900,30,4,20
92f1f77b7f3c73831fef53406c195302,Película de Vidro Temperado Universal,,telefonia,46,1267,4,350,20,15,20
700ad1e824c548718de15b880c688ef1,Limpa Para-brisas 500ml,,automotivo,59,449,3,150,24,2,17
7134464bd4e33be7a2604345a4c0ccf4,Artigos De Festas - 4kg - 33x18x33cm,,artigos_de_festas,55,336,1,4550,33,18,33
32bad49615b7c5da42609b98df97482c,Portateis Casa Forno E Cafe - 50g - 18x8x13cm,,portateis_casa_forno_e_cafe,51,81,1,50,18,8,13
001b237c0e9bb435f2e54071129237e9,Cama Mesa Banho - 6kg - 40x4x30cm,,cama_mesa_banho,42,253,1,6000,40,4,30
a7961e6620228e0f227361f0668e37ba,Cama Mesa Banho - 200g - 20x12x20cm,,cama_mesa_banho,23,415,1,200,20,12,20
951cb45d30e716a846d8cf5874034e56,Carregador Rápido USB-C 20W,,telefonia,57,524,1,150,18,3,12
236f3599e6d57eeb5eb9535b2c88b231,Trem Elétrico com Trilhos,,brinquedos,29,657,3,300,19,15,17
6921371f065f148b890f1007f4520c14,Limpa Para-brisas 500ml,,automotivo,59,307,2,150,20,6,14
410f854e2b9c85fc6295ab19b1a2ef2d,Martelo de Aço 500g,,construcao_ferramentas_construcao,49,141,6,9900,54,20,40
2c0b8a973e616502de1d80482fb9c5be,Fone de Ouvido Bluetooth 5.0,,eletronicos,57,410,2,100,18,20,16
591f652fcfefc35a0e6f10b0371a63e1,Fashion Bolsas E Acessorios - 700g - 17x4x13cm,,fashion_bolsas_e_acessorios,31,145,4,700,17,4,13
dfe8b257ae3c4ac736e02845401f49f4,Bola de Futebol Oficial,,esporte_lazer,55,2660,9,5750,30,20,30
b7d35019c9f8e0eeff52b36a59eec8e8,Eletroportateis - 14kg - 35x30x34cm,,eletroportateis,55,1654,4,14600,35,30,34
70accfd08e04dffc605f6577d4e852c4,Creme Dental Branqueador 90g,,beleza_saude,58,1672,1,350,28,24,11
6eb70dfb283dc3f645ed7b03c990dc72,Audio - 343g - 19x11x13cm,,audio,31,251,2,343,19,11,13
bc0f31b5e89dfeba8169ad1123d44d2b,Aquecedor Elétrico 400W,,climatizacao,46,1215,1,350,18,5,14
6994f9a9c56c7684b24d7d4a00e7026f,Teclado Mecânico RGB,,informatica_acessorios,43,1527,1,700,24,8,16
d7cdcdb31629bb225ebedc727c780d9f,Umidificador de Ar 2L,,climatizacao,57,2638,6,23300,36,30,45
ba3f298a122a95c4928e8b8628e8520e,Cama Mesa Banho - 2kg - 30x20x25cm,,cama_mesa_banho,50,111,1,2200,30,20,25
ada6a9116c85d8e56232e0a4265d7db9,Eletrodomesticos 2 - 14kg - 50x43x26cm,,eletrodomesticos_2,45,151,1,14813,50,43,26
ccb5b6def674efaec461d386ac2ec146,Creme Dental Branqueador 120g,,beleza_saude,56,1539,3,600,18,30,30
20a67c4242225878d0a014685ab3edaa,"Mochila Executiva 15.6""",,malas_acessorios,43,280,5,250,20,11,20
74824accb4f777403366c8e6b4e32d9b,Cama Mesa Banho - 1kg - 50x12x12cm,,cama_mesa_banho,54,701,1,1000,50,12,12
84f7fd2c1044599c234663aee75a2fcd,Bola de Futebol Oficial (Edição Especial),,esporte_lazer,60,648,3,300,44,22,42
7668d66f068c135ede2c919c2be31563,Relógio Esportivo Resistente à Água,,relogios_presentes,51,505,1,400,16,11,11
4f4524396824b581a27a7dcebb2938b5,Martelo de Aço 500g,,construcao_ferramentas_construcao,60,560,3,3000,25,20,25
d61d270aa0862b38a2eb6cb38c05f60d,Bola de Futebol Oficial (Edição Especial),,esporte_lazer,51,477,5,850,102,6,11
7d5d1204ad4036e30b0d4afce077f396,Coleira Antipulgas 8 Meses,,pet_shop,63,688,2,200,20,10,20
d6a246503bb84b2e0914e8a1dfb58a04,Alimentos - 400g - 18x15x13cm,,alimentos,33,703,1,400,18,15,13
7edef979b756af9359d411234fea104a,Fashion Bolsas E Acessorios - 200g - 16x9x11cm,,fashion_bolsas_e_acessorios,29,377,2,200,16,9,11
8eddc081294df4f0672aedec8a5b249c,Lixeira Automática 5L,,utilidades_domesticas,59,933,5,1700,31,27,31
34c58a18b4dcac5fd8d96e8e08b738ed,Teclado Musical 49 Teclas,,instrumentos_musicais,48,1359,1,11083,83,41,33
788cfeffa94621a51f76df9232c26b3a,Luminária Pendente Moderna,,moveis_decoracao,32,423,1,9900,37,32,50
637ea0abda9b9824985e1aa64ba4363a,Luminária Pendente Moderna,,moveis_decoracao,59,166,1,7300,30,36,30
afc9a91acfb3b23adb16e7bf78ccd78f,Fashion Bolsas E Acessorios - 150g - 16x5x11cm,,fashion_bolsas_e_acessorios,38,463,4,150,16,5,11
e92a985a8d92ec8e08cb04d6d9396026,Colônia Esportiva 150ml,,perfumaria,35,1311,1,250,16,2,20
4fec1ad678269e2167a25f1db2550c33,Kit de Limpeza Multiuso (5pç),,utilidades_domesticas,28,465,2,200,30,20,20
4011494d902f1075a502ffe9432186b3,Violão Acústico Cutaway,,instrumentos_musicais,59,557,1,650,20,20,20
8516ee98a593fbd30f6ab57f3d3477bd,Estante Organizadora 6 Prateleiras,,moveis_escritorio,38,506,2,20050,101,10,62
7c252e2828f4198b4bcbdbe1bce858ea,Telefonia Fixa - 1kg - 21x21x21cm,,telefonia_fixa,59,1949,3,1900,21,21,21
f636021ab0248325d2b69e3bcfc489bd,Teclado Multimídia ABNT2,,informatica_acessorios,55,844,1,200,28,2,40
c2363f555558eefafc1fb2767571cc57,Teclado Multimídia ABNT2,,informatica_acessorios,36,665,1,800,16,11,37
b81e20325ffcfcc0f66604b4fd84badb,Marcador Permanente Preto (12un),,papelaria,39,256,3,100,16,6,11
b85d127ab2f470f523f1678b7f399cef,Lixeira Automática 5L,,utilidades_domesticas,59,304,1,150,20,2,20
7acd752914187cf1f698d82d5025595c,Colônia Esportiva 150ml,,perfumaria,42,121,1,283,21,12,19
793ee3bd01e3ecec7ab94aed9aeee415,Mouse Óptico USB,,informatica_acessorios,40,1076,1,950,36,15,16
ebe8bbf509715e46f138ac98b1cbb12e,Massa Corrida PVA 25kg,,casa_construcao,24,1113,1,383,17,14,16
22dcd61aae0f6d1acc992914bc67a0e5,Relógio Casual Masculino,,relogios_presentes,47,364,2,300,40,10,25
34f7bddc98259b62a001644be7928e43,Eletrodomesticos 2 - 20kg - 44x45x62cm,,eletrodomesticos_2,55,943,1,20050,44,45,62
265f4031e6bbb8ee2c1590baca25c89f,Aromatizante Automotivo Baunilha,,automotivo,51,282,1,750,16,24,24
f8aa70d9a3144410291ddb62d20506b6,Raquete de Tênis Júnior,,esporte_lazer,60,418,1,24700,16,20,20
736b01e650e996639d732e4aa356da84,Cama Mesa Banho - 300g - 16x10x16cm,,cama_mesa_banho,52,636,1,300,16,10,16
58662fc2ddcb4853532ee42a1cfc9843,Teclado Mecânico RGB,,informatica_acessorios,38,294,2,140,20,6,14
781a5256893d06b9526750ff0b5f50e4,Protetor Solar FPS 50,,beleza_saude,50,1233,1,225,18,11,14
6bd248f93425ceeb625a8a97e2404112,Marcador Permanente Preto (5un),,papelaria,39,217,1,550,46,10,32
5a734305711f911ef984b0b59c9b7936,Lixeira Automática 5L,,utilidades_domesticas,57,137,1,17050,20,50,28
cd82271424be9568801391194697361c,Cama Mesa Banho - 400g - 19x13x15cm,,cama_mesa_banho,56,999,1,400,19,13,15
fed8c9425c38a8433368e5fa59592a89,Fralda Ecológica Tam G (50un),,bebes,42,1211,2,950,42,25,15
00f8c37377b038c9c791128d2f928111,Smartwatch Série 7,,eletronicos,32,302,1,100,19,15,17
3729e88d6c44656dc1bbd5f3c57b00d4,Balão de Voleibol Praia,,esporte_lazer,60,403,3,700,30,20,20
cfaace0475fb31c60cb29ff8abd131fe,Espelho Decorativo Ovalado,,moveis_decoracao,37,315,1,7300,30,20,70
7e78ca7b03df674ba01752a0344b3ebe,Carregador Rápido USB-C 30W,,telefonia,58,399,1,150,19,4,11
2d2d15d322e7069eddf81d5200b19417,Prateleira Flutuante para Sala,,moveis_decoracao,56,352,1,2000,35,43,35
dbaee28f4ee64465838a229582d77520,Furadeira de Impacto 500W,,construcao_ferramentas_construcao,58,1178,2,418,19,6,13
2776dfdf555739816e6987a1f00e9224,Raquete de Tênis Júnior,,esporte_lazer,56,293,2,2650,60,15,15
43d2d5d7e3a65abd97422578f9d4df78,Fashion Bolsas E Acessorios - 200g - 40x32x11cm,,fashion_bolsas_e_acessorios,45,1220,6,200,40,32,11
3fe92971b9d5a0280651851e06ea0ef1,Webcam Full HD 1080p,,eletronicos,34,372,1,150,25,7,16
99b5d7eec773ceced9d287d753ca00e9,Caderno Universitário 200fls,,papelaria,46,484,3,1000,16,4,11
509869967faff93ff8a7a229abed8641,Cama Mesa Banho - 950g - 16x10x16cm,,cama_mesa_banho,54,310,1,950,16,10,16
5f6d8e9b4925b2a5cb271f55aea07896,Cama Mesa Banho - 2kg - 39x11x35cm,,cama_mesa_banho,48,324,1,2050,39,11,35
b3cf0a98f31b76ed0cec13d9c77102c4,Market Place - 1kg - 33x6x22cm,,market_place,26,1528,1,1300,33,6,22
2be7c0f7dd57742c970f856ec64bc25e,Pendrive 32GB USB 3.0,,informatica_acessorios,41,317,1,200,18,9,16
970920a8e74dbbac4bcae9119351d3b7,Organizador de Gavetas 3 Níveis,,utilidades_domesticas,54,572,1,500,25,21,21
e80898f7fa43bab01ca59564aa5f1bb0,Pendrive 32GB USB 3.0,,informatica_acessorios,55,328,1,400,28,10,23
855f69302e4d53ea69972cb1946a08a0,Relógio Esportivo com GPS,,relogios_presentes,60,267,2,200,16,2,11
5861217c6b00a886e28a101167dbb1e1,Kit de Limpeza Multiuso (5pç),,utilidades_domesticas,51,150,1,425,23,15,18
6c0163ecd7df58f4240f9a83ca6079c7,Mouse Sem Fio 2.4GHz,,informatica_acessorios,59,765,3,300,16,10,11
c34e98ba0749e6f9163215b9f293a560,Bola de Futebol Oficial (Edição Especial),,esporte_lazer,59,1081,4,700,16,10,11
5baf51b71ace9afbb38f0b161f0c098b,Shampoo Anticaspa 500ml,,beleza_saude,62,3621,1,800,20,15,15
81310f3abbc71bf476f866abfa353df9,Caixa de Som Portátil 10W,,eletronicos,49,415,3,389,20,14,20
4cb922d064b9a86b25b900350108771e,Jogo de Blocos 100pç,,brinquedos,44,327,1,11850,50,35,40
1a9336bcfd7544237cf44cf3de1f5530,Organizador de Gavetas 3 Níveis,,utilidades_domesticas,41,2427,1,2800,45,35,35
2e274768896aa2c7635b9689423a5d34,Bola de Futebol Oficial (Edição Especial),,esporte_lazer,42,1404,1,3313,29,32,25
0a32d8349e99e8cdb9a5dec7d3f94985,Tábua de Picar Bambu (3pç),,utilidades_domesticas,28,416,1,300,22,6,11
dbf23e54e9fe684d5774201bdf0de80f,Lixeira Automática 12L,,utilidades_domesticas,58,71,3,500,20,35,22
a035b83b3628decee6e3823924e0c10f,Colônia Esportiva 150ml,,perfumaria,53,2235,3,1450,20,25,20
a0458f75b62b1e812480c0c915d9b649,Bola de Futebol Oficial (Edição Especial),,esporte_lazer,31,509,3,300,16,6,20
522a61b8bf90717d1dede67a67459a4a,Construcao Ferramentas Jardim - 800g - 16x16x12cm,,construcao_ferramentas_jardim,33,164,1,800,16,16,12
6d8f2ccbced01ba3165048d784a5cf0c,Relógio Casual Feminino,,relogios_presentes,60,556,1,200,20,7,15
08f457ff8eec8dfffecc0489179e7db5,Furadeira de Impacto 500W,,construcao_ferramentas_construcao,60,3407,2,2300,16,11,11
f6dc856631040b5a7843b14a94b09b96,Ração Seca Cães Adultos 15kg,,pet_shop,48,1594,1,15550,47,32,62
6b81a5e5e578171e2f5d691e3cba9be5,Mouse Sem Fio 2.4GHz,,informatica_acessorios,46,741,1,150,17,9,13
3a75dd0d3e10eb5b122f48730482547c,Livro O Homem Mais Rico da Babilônia,,livros_interesse_geral,49,1147,1,350,30,4,17
f77f18b15df7b13a76cac068e285eb78,Teclado Musical 61 Teclas,,instrumentos_musicais,48,283,1,350,27,6,20
5c37fc5cf2955deea60c262cc60a51e1,Moveis Sala - 12kg - 56x17x56cm,,moveis_sala,33,261,1,12075,56,17,56
57646b730d659bc73d8193fc5131014b,Flores - 450g - 30x15x20cm,,flores,48,130,1,450,30,15,20
e706fb211285b40b3555b302920e61fd,Fashion Bolsas E Acessorios - 200g - 16x9x11cm,,fashion_bolsas_e_acessorios,52,437,6,200,16,9,11
fcc27d197f2e7be2b9a8ecedfd1a1730,Suporte de Celular Articulado,,cool_stuff,56,316,1,2000,33,44,19
835c3918777f6ad40fea5150f5ba0cfb,Relógio Casual Feminino,,relogios_presentes,60,925,2,400,16,11,11
45dcebc4f3d844e116f01e3f191711dc,Lixeira Automática 5L,,utilidades_domesticas,63,771,11,3000,47,25,32
a1ca62481619b02ad09535f2b418bb75,Película de Vidro Temperado Universal,,telefonia,56,867,3,350,20,16,20
05d7b955682862c7ee7db5c1a7d728ce,Raquete de Tênis Profissional,,esporte_lazer,42,600,1,400,16,6,11
60de781b3b48e9203b98776db5bd3035,Creme Dental Branqueador 120g,,beleza_saude,41,948,1,250,21,17,17
9d46bfe46a9812f451dfbd861f711759,Relógio Casual Masculino,,relogios_presentes,49,270,1,450,23,8,16
c781fcf450227132b560b10bbd2ed26b,Fralda Ecológica Tam G (50un),,bebes,49,375,6,200,29,7,16
318fda70a35e94c586339fe51eafbe7d,Kit de Limpeza Multiuso (5pç),,utilidades_domesticas,59,932,1,1350,16,30,12
3a2df6d2493defbb3b0f25c4f359423f,Brinquedo Mordedor para Cães,,pet_shop,53,295,3,1100,20,25,20
d305d1981b39fbfddd8c9d6b5a19a29d,Carregador Rápido USB-C 30W,,telefonia,60,982,4,450,19,12,14
78a8b452478479d26f32e36504176cf1,Prateleira Flutuante para Livros,,moveis_decoracao,49,290,1,15300,98,10,60
7ed6634347bb8371bc6b20b3a7022bce,Bola de Futebol Oficial,,esporte_lazer,60,331,1,8500,100,6,50
7b122b9b1822b5e4241a7b06e0a7f4cb,Balão de Voleibol Praia,,esporte_lazer,44,414,2,400,20,20,15
1eb5b06a73df439c29be30c762965ce3,Relógio Casual Masculino,,relogios_presentes,55,328,1,900,23,15,19
1b64e3f229ea80e2b453b120cebcc448,Teclado Mecânico RGB,,informatica_acessorios,41,724,1,1925,33,40,18
ed57c392fcdb758e2aae5d3b2c8abfc1,Carregador Portátil 10000mAh,,eletronicos,57,687,2,200,16,10,16
84cdff92b3a55fc67a2b0bbdae9b57bf,Luminária Pendente Moderna,,moveis_decoracao,59,1873,2,1600,60,14,14
d34c07a2d817ac73f4caf8c574215fed,Carregador Rápido USB-C 20W,,telefonia,56,56,1,325,20,15,14
70a9f1d2c0e23019d6b8db85a81e69c8,Camiseta Geek Estampada,,cool_stuff,58,989,1,2500,42,25,15
b2467a0d160e2d74cf50312ff80e75c7,Creme Dental Branqueador 120g,,beleza_saude,53,986,1,2000,30,12,16
ce149636a055d9eded4cde55da9ebd3b,Fashion Underwear E Moda Praia - 200g - 42x4x14cm,,fashion_underwear_e_moda_praia,52,624,1,200,42,4,14
bd988548c4a31b6c4fe5571e3cea8f8a,Colônia Esportiva 150ml,,perfumaria,49,674,2,525,18,17,16
227bdd697845ec3537a795cc900e715d,Luminária Pendente Vintage,,moveis_decoracao,55,207,11,1200,30,10,25
cd6b772c1446156e232d62e01d4c8a25,Lixeira Automática 12L,,utilidades_domesticas,56,274,1,700,22,6,11
28492192565141edad4251d6f32d1fe1,Raquete de Tênis Profissional,,esporte_lazer,31,831,1,1238,26,18,19
6b25f8d191ed1f5dd6689c84ed519a0b,Caixa de Som Portátil 10W,,eletronicos,54,2402,5,2200,33,10,18
4257f45f6ea58aa46885ed7ef723b6c0,Produto - 2kg - 29x13x25cm,,,,,,2300,29,13,25
6871a3c157d6f51697e887f3c3598479,Mouse Óptico USB,,informatica_acessorios,58,1923,4,850,25,11,15
ff5f8606556b625613f069a5a9a48966,Fralda Ecológica Tam M (50un),,bebes,63,554,1,2300,27,14,27
4fcb3d9a5f4871e8362dfedbdb02b064,Limpa Para-brisas 500ml,,automotivo,53,603,1,5950,65,11,65
f32bca3145053bbfb83b7f3d464691ca,Cama Mesa Banho - 1kg - 19x17x22cm,,cama_mesa_banho,56,684,1,1225,19,17,22
8473795696f49e9e79fba701f129828c,Trem Elétrico com Trilhos,,brinquedos,39,591,2,2300,57,9,46
7281fb0ce17b91ad3102548544f07981,Shampoo Anticaspa 300ml,,beleza_saude,42,910,1,650,50,10,15
5fdf539153cefe3f3fd8589c6c22f191,Luminária LED Multicolorida,,cool_stuff,42,1496,3,1700,28,36,27
17865682ce7cccfe7dec02d1f74a8f86,Limpa Para-brisas 1L,,automotivo,54,339,1,350,25,10,15
c2e2f746cdd48da2d45b17f3fcc4575b,Moveis Sala - 2kg - 62x16x14cm,,moveis_sala,53,566,3,2350,62,16,14
823193e4168a61989f856c9bea47060d,Luminária Pendente Moderna,,moveis_decoracao,58,568,1,21000,58,40,50
802b8430511a39ecdad069cf6c7dd812,Organizador de Gavetas 3 Níveis,,utilidades_domesticas,60,1519,7,300,25,10,16
5fb1e24560c31b0eaa1911d4247187ed,Jogo de Blocos 100pç,,brinquedos,34,649,3,2600,33,12,26
0a45c6bb3a03e8c13228d4200cb964c2,Prateleira Flutuante para Sala,,moveis_decoracao,40,551,2,1900,19,7,16
eac9c1d0fccbfea24c2524ebe84b8bee,Capa para iPhone 13,,telefonia,53,845,2,200,27,5,20
e6574cebbeb21c82802d3a0b682129b6,Balão de Voleibol Praia,,esporte_lazer,49,1263,2,30000,105,65,25
7046a5632fbe7baa273b14b3253e1547,Caixa de Som Portátil 10W,,eletronicos,57,2672,5,3300,55,7,20
7c888c2f683671fce1d3a9db421ab15e,Prateleira Flutuante para Sala,,moveis_decoracao,43,508,1,700,20,15,20
9d38213b04fd8eb9a773f9b2b88ffd0d,Organizador de Gavetas 3 Níveis,,utilidades_domesticas,50,612,1,300,25,2,17
368c6c730842d78016ad823897a372db,Cortador de Grama Sem Fio,,ferramentas_jardim,57,366,2,1650,30,22,30
45ba26803dbbdb26ec5757546929ac89,Coleira Antipulgas 8 Meses,,pet_shop,38,88,2,400,16,16,16
bac35584a4b6413380a74f9617e12379,Marcador Permanente Preto (12un),,papelaria,40,904,1,1000,20,20,20
c78c6340ae7cb2e130f1d7dd49bd0f96,Creme Dental Branqueador 120g,,beleza_saude,53,246,1,675,27,14,16
0a863e93d7d478b95b764c3344d10307,Marcador Permanente Preto (12un),,papelaria,57,83,2,600,20,30,20
596e3ace8e8329beb05bb40700a659f7,Parafusadeira Elétrica 12V,,construcao_ferramentas_construcao,60,1154,1,450,16,10,11
b9c742d2c1b06bc064c7aee11440e5ad,Carregador Rápido USB-C 20W,,telefonia,58,366,3,125,19,4,11
50a2c8c64d432c1d4921f2e63e6c5e70,Bota Social Masculina 41,,fashion_calcados,57,404,4,1400,22,12,33
f55463fece88ecb944e832eec0f7f90a,Balão de Voleibol Praia,,esporte_lazer,49,792,3,3675,38,29,28
ed61f9d2b8837c3aeebb563b7305ef78,Cama Mesa Banho - 3kg - 40x12x40cm,,cama_mesa_banho,59,301,1,3500,40,12,40
ec811f847a08d7ad8203b790a1db3070,Prateleira Flutuante para Livros,,moveis_decoracao,22,463,1,2000,22,22,22
9d6c66334a27b9dcf34b71cd371638de,Cama Mesa Banho - 4kg - 20x30x30cm,,cama_mesa_banho,45,729,1,4850,20,30,30
77745dd9f1224c72a2ef931ded7a0bb7,Prateleira Flutuante para Sala,,moveis_decoracao,51,1988,3,2250,65,8,45
09278667a33779be5996a7df729db8ae,Pendrive 32GB USB 3.0,,informatica_acessorios,45,3729,1,933,29,20,23
79afa72908a4818cf6fda742a5dc4afd,Aquecedor Elétrico 400W,,climatizacao,41,810,3,5350,18,58,34
8b2ae6dc36fac80caf19882760cfc9b2,Raquete de Tênis Júnior,,esporte_lazer,47,527,1,300,16,17,11
bb69b35babb38529a803d3f77d1e7454,Produto - 850g - 30x20x20cm,,,,,,850,30,20,20
f3231cefd20f5eeb7a400d49b3c8163e,Luminária Pendente Vintage,,moveis_decoracao,38,1898,1,1600,56,11,11
5f728acb77ac6cfbe96f6c64d2bd4694,Cama Mesa Banho - 2kg - 36x16x36cm,,cama_mesa_banho,57,119,1,2350,36,16,36
48a12f318432c4b6a1fdfd5d79372e66,Cama Mesa Banho - 1kg - 33x8x23cm,,cama_mesa_banho,54,584,1,1200,33,8,23
db7d6b1e3bbc3a8afae8fdee3cca3ee5,Parafusadeira Elétrica 12V,,construcao_ferramentas_construcao,58,2416,2,4400,17,11,14
85079e05da087cff3c178a21a5de1015,Chave de Fenda 6x100mm,,construcao_ferramentas_construcao,43,338,1,250,19,5,13
b5d6ad9c3af003e2e9bf0ad06106e41e,Luminária Pendente Moderna,,moveis_decoracao,64,69,11,1000,42,11,35
58f579bb52bea63fe1c6c39c2d4272d8,Lixeira Automática 12L,,utilidades_domesticas,33,631,1,150,24,24,11
6e9e036c6017814b391e3059fdc9d315,Creme Dental Branqueador 120g,,beleza_saude,55,1200,1,350,37,10,17
e4643202d9053d132303d7927dc71f8e,Arranhador para Gatos 60cm,,pet_shop,48,1736,1,2200,18,20,22
d9cbadc2f61272c79987920607db84f1,Luminária LED Multicolorida,,cool_stuff,56,736,4,975,20,14,16
aab298131a82379b76abd533b9010dd2,Fralda Ecológica Tam M (50un),,bebes,47,672,1,350,25,8,19
af74cc53dcffc8384b29e7abfa41902b,Massa Corrida PVA 25kg,,casa_construcao,57,921,8,800,17,27,17
5291f2fd6367110ed90adc7a8da2f261,Caderno Universitário 100fls,,papelaria,43,665,1,600,22,48,38
d418ddef3e7017381084956220b00b9d,Batedeira Planetária 400W,,eletrodomesticos,54,354,1,100,18,8,13
ddc9cfae6aff4793d37c7224d3ee1648,Bola de Futebol Oficial,,esporte_lazer,58,861,1,100,16,10,11
39d2584d35b8c7a0deed61ac2e884b9a,Balão de Voleibol Praia,,esporte_lazer,42,317,2,1907,47,24,35
612fc86af2e1c8927886a7503dcc67a1,Aromatizante Automotivo Lavanda,,automotivo,54,390,1,1600,33,27,26
628f5ed6c14790dcb9233c8dbf596175,Creme Dental Branqueador 120g,,beleza_saude,43,875,1,555,30,12,16
fb909933914c1f945839287e7c253687,Cadeira Giratória para Escritório,,moveis_escritorio,58,1294,1,7125,52,52,17
591cf821695e4e2934a87e07122f7839,Fashion Bolsas E Acessorios - 250g - 16x2x11cm,,fashion_bolsas_e_acessorios,60,270,2,250,16,2,11
284f40734f93fd1e46430a7365d571a3,Bola de Futebol Oficial (Edição Especial),,esporte_lazer,58,3686,1,7300,30,26,26
9f14f401fce2d9ddd450e7ce60cb7f5f,Teclado Gamer Mecânico RGB,,consoles_games,45,130,1,100,20,3,15
7f40e8df98cfbfbee8f953bb798fbc6b,Carregador Portátil 10000mAh,,eletronicos,60,488,1,150,16,8,11
94974b8c613bc6fae9700e6c01f626ae,Marcador Permanente Preto (5un),,papelaria,36,198,3,225,20,6,13
227ae51127a60b162b1696de1cc8a10b,Berço Portátil Dobrável,,bebes,47,1058,2,2797,35,35,16
fedbf77eb491dfc9ac276b9ea9ee10c6,Marcador Permanente Preto (5un),,papelaria,55,228,1,350,30,15,15
b1c791ce2fd764b4aaea6b9064b224ac,Ámbar Noche Eau de Parfum,,perfumaria,52,425,3,400,23,8,15
8338cef8355d238f43711dcb9c0657b2,Prateleira Flutuante para Livros,,moveis_decoracao,59,473,1,700,30,3,20
646998fa29db22fe94b0bd31b8d228ac,Andador Infantil Musical,,bebes,37,208,1,470,29,10,25
fd45ce2fbdcaa362dfb5d1a21e87a711,Cama Mesa Banho - 500g - 16x10x16cm,,cama_mesa_banho,51,208,1,500,16,10,16
a7e0919795bd6324004da7131002d3b6,Shampoo Anticaspa 500ml,,beleza_saude,26,419,1,521,22,19,27
1aa5ffb5e73a8635a5d4619a96d012fe,Cama Mesa Banho - 2kg - 70x10x60cm,,cama_mesa_banho,57,125,2,2400,70,10,60
b8731f3bf14c9557a4c5c4b94ad48d0e,Teclado Multimídia ABNT2,,informatica_acessorios,47,203,1,150,16,2,11
f9c0f237f4f12379c81b021b02749422,Fashion Bolsas E Acessorios - 200g - 16x2x20cm,,fashion_bolsas_e_acessorios,54,759,1,200,16,2,20
0bcf6f2768e7e4cf76462a7b7e0ca0c6,Bebidas - 150g - 20x16x16cm,,bebidas,46,805,1,150,20,16,16
1c8ddcbd9abd12c51979969411f0b110,Prateleira Flutuante para Sala,,moveis_decoracao,50,534,1,650,65,2,13
43354a2ac9eca9f50cb31647c6d5516a,Trem Elétrico com Luzes e Som,,brinquedos,50,563,6,8750,30,69,25
8d71779211b8e5ff41a75ae32857a23f,Shampoo Anticaspa 300ml,,beleza_saude,59,501,1,550,17,14,15
4a0103d2363d388d3b209cea1773c254,Cama Mesa Banho - 200g - 20x12x20cm,,cama_mesa_banho,26,706,1,200,20,12,20
be157a92e815713738a71a0defb96c65,Balão de Voleibol Praia,,esporte_lazer,51,361,4,975,17,11,14
027293c3b6d9e221268d9d6a5ffe5d0b,Industria Comercio E Negocios - 30kg - 80x50x50cm,,industria_comercio_e_negocios,57,148,1,30000,80,50,50
ce64708328e978e92d475585d394d9dd,Bola de Futebol Oficial (Edição Especial),,esporte_lazer,33,584,2,1550,20,10,20
530d9436af6fa4960e9754ce4128b468,Espelho Decorativo Ovalado,,moveis_decoracao,39,510,2,1350,80,20,20
cb81df0e3ccece253557f2a07df4727e,Raquete de Tênis Profissional,,esporte_lazer,25,469,1,225,18,15,16
d7d794641d5ada503ecda1a6f19199d5,Bola de Futebol Oficial (Edição Especial),,esporte_lazer,36,348,1,887,16,15,13
f34152d311875e9da480bd51f495155d,Teclado Multimídia ABNT2,,informatica_acessorios,35,1101,1,250,42,2,30
930715d24c2f9780fac2a78636094fd3,Teclado Musical 49 Teclas,,instrumentos_musicais,55,913,3,700,20,12,14
242a6abd32d7630b48ef5c0a1bf527eb,Produto - 400g - 35x16x35cm,,,,,,400,35,16,35
bf66f5d110af02b50af37038afe90bd9,Arranhador para Gatos 60cm,,pet_shop,47,1518,3,400,20,20,20
936a034fe3b07b7ae7c87fc8ceb0749d,Relógio Esportivo com GPS,,relogios_presentes,58,1233,4,450,16,2,20
2e830c73f28d3b8542af03cf2637dfc4,Fone de Ouvido Bluetooth 5.0,,eletronicos,34,214,1,275,24,9,17
b91b2431ca8a681073c72cab18054e6e,Shampoo Anticaspa 500ml,,beleza_saude,44,768,1,1200,30,12,16
d6d121aae35cf0cb9078f82deb7047d2,Fashion Bolsas E Acessorios - 150g - 24x4x34cm,,fashion_bolsas_e_acessorios,51,220,2,150,24,4,34
e00994390ccf605aec4a0389c80e0ba7,Bola de Futebol Oficial (Edição Especial),,esporte_lazer,29,418,1,1871,35,32,30
9411bee3a54ddfd68c52f1fdf4cd446c,Espelho Decorativo Ovalado,,moveis_decoracao,19,191,1,400,30,5,30
51b10a13b460cebc64e1325e7f228ae8,"Mochila Executiva 15.6""",,malas_acessorios,18,758,7,14800,45,60,22
33ec1056063990a554e2e2cd85219de5,Cama Mesa Banho - 400g - 57x4x28cm,,cama_mesa_banho,60,624,2,400,57,4,28
aa21b6a3f4c75c7a9ae8d9ba32796914,Cama Mesa Banho - 2kg - 42x16x36cm,,cama_mesa_banho,53,413,1,2250,42,16,36
2ca49532371b32e19b3db0809a52ab25,Caneta 3D Iniciante,,cool_stuff,50,640,1,1200,42,25,15
1bef08f119466a85a83919d5b80facd3,Cama Mesa Banho - 250g - 40x4x30cm,,cama_mesa_banho,39,114,1,250,40,4,30
e2a0cbe7edb791b26eb99b535e8ab0e0,Construcao Ferramentas Ferramentas - 600g - 16x18x12cm,,construcao_ferramentas_ferramentas,58,470,2,600,16,18,12
e0a554e92afe71fd7f9380b7b135175b,Fashion Bolsas E Acessorios - 150g - 16x9x11cm,,fashion_bolsas_e_acessorios,48,357,5,150,16,9,11
508d5e8ce8e79bb506f9f0c096b295c4,Gaveteiro 3 Gavetas,,moveis_escritorio,19,930,1,12775,37,65,36
9d8fa7002a036708c4cf8730214ad1b5,Cama Mesa Banho - 450g - 40x5x25cm,,cama_mesa_banho,53,82,1,450,40,5,25
9dd7fca4adb5b63da29c93f3d47a66c2,Audio - 400g - 20x8x16cm,,audio,55,1443,1,400,20,8,16
12b81d15ffa819dd535e30cb2d00172f,Cama Mesa Banho - 500g - 30x10x30cm,,cama_mesa_banho,46,386,1,500,30,10,30
9f529f63306c538c5d2bb19103100a55,Luminária Pendente Moderna,,moveis_decoracao,39,189,1,500,33,4,24
bce551f6c568dca0b7e4cf5af7de7390,Pendrive 32GB USB 3.0,,informatica_acessorios,57,327,5,1200,30,2,15
8c81ff84f8301d0db2fbfde90da0f5a5,Marcador Permanente Preto (12un),,papelaria,52,90,3,2050,20,30,20
74136808e9dcf6fd885771521203035e,Aromatizante Automotivo Baunilha,,automotivo,55,2082,3,3400,45,25,45
21ee06f7fd37a6fe4841865339411674,Teclado Mecânico RGB,,informatica_acessorios,55,1119,4,200,25,8,20
3730ebdd8d5df28fa300574307887fd9,Moveis Sala - 2kg - 21x8x17cm,,moveis_sala,54,1054,2,2000,21,8,17
c53136cc2d9c25f291925712487f22eb,Cama Mesa Banho - 1kg - 49x7x40cm,,cama_mesa_banho,60,226,1,1600,49,7,40
aa70ae9ee9a798d44ae6e00ce6d82cb1,Shampoo Anticaspa 300ml,,beleza_saude,60,919,1,150,22,3,15
7de123c822c488ccab0151f37a521b5b,Lixeira Automática 5L,,utilidades_domesticas,31,711,1,100,30,11,20
936da86791ef70783a980c4c7eec760d,Kit de Limpeza Multiuso (5pç),,utilidades_domesticas,44,767,1,956,29,27,20
5c59756861f289b773f83871924200eb,Cama Mesa Banho - 3kg - 20x30x30cm,,cama_mesa_banho,40,729,1,3100,20,30,30
ab687729e8507381d0b4aa32bef2d723,Prateleira Flutuante para Sala,,moveis_decoracao,48,599,2,1200,65,12,12
49d7eb00f7557973ece1df7ff7ed415b,Creme Dental Branqueador 90g,,beleza_saude,53,2496,1,200,16,6,11
231b36f9858956ff85f4e71640188ca1,Camiseta Geek Estampada,,cool_stuff,52,908,1,1300,42,25,15
339f2b13a46e42dd78e479acfdd5f387,Capa para iPhone 13,,telefonia,60,549,1,426,24,4,28
f745d28cf673e9022060c31f7f11218e,Eletrodomesticos 2 - 425g - 32x10x16cm,,eletrodomesticos_2,58,324,3,425,32,10,16
8509049c56caff468e3f35c4eefb6035,Lixeira Automática 12L,,utilidades_domesticas,39,818,1,1000,25,32,25
c7c27b5cbae5f0689560d8d154af7724,Limpa Para-brisas 1L,,automotivo,39,1129,2,2050,90,13,18
3bbfc7ab9b28d67dee1c87ab14c2ec07,Cama Mesa Banho - 1kg - 35x8x29cm,,cama_mesa_banho,53,163,1,1600,35,8,29
aa639608e62d229ef7dd04933ece34a1,Capa para Samsung Galaxy S23,,telefonia,60,792,4,350,17,4,12
7a81751397c8813678761201a7114339,Lixeira Automática 5L,,utilidades_domesticas,38,389,1,200,37,3,11
64dbc216907de33e11d8b5e501667623,Cama Mesa Banho - 600g - 16x10x16cm,,cama_mesa_banho,53,555,1,600,16,10,16
6ddcabeba730cb81a3c9570a595a12da,Creme Dental Branqueador 90g,,beleza_saude,53,386,1,700,30,12,16
de29e502ba5174dcddbd4da728616533,Relógio Casual Masculino,,relogios_presentes,54,354,1,700,16,2,11
5b94462ef9789d7944ba155fed57d178,Violão Acústico Clássico,,instrumentos_musicais,53,2196,3,250,16,9,11
19d0b759f7630539873b280839cddfa4,Relógio Esportivo com GPS,,relogios_presentes,52,616,1,328,20,14,18
592622a6e083df9d90d48ee459f6ed80,Creme Dental Branqueador 90g,,beleza_saude,34,1339,1,175,19,18,18
7798ddd884068c64f261fa5d6a7f6cd9,Ração Seca Cães Adultos 15kg,,pet_shop,53,531,1,8050,57,21,37
fa2d929efb6b3c378099488dd6b02ca5,Luminária Pendente Vintage,,moveis_decoracao,53,1749,3,2600,105,3,70
dca6d5a73e0fb3c97e3fa17fa7f928d7,Pacote de Canetas Esferográficas (10un),,papelaria,43,601,3,1900,35,15,45
d67bed02998be8e156400c61f0897a96,Luminária Pendente Moderna,,moveis_decoracao,20,283,4,100,16,3,16
8e698981cd367d35f5dcb21f4f563fd8,Jogo de Blocos 200pç,,brinquedos,34,254,1,200,16,10,11
4fb3bad6b502eaca3b6d7d87bc1613a4,Casa Conforto 2 - 663g - 20x20x20cm,,casa_conforto_2,55,191,1,663,20,20,20
ccec880520770d791d004c9a1ae8b0aa,Arranhador para Gatos 60cm,,pet_shop,46,798,3,150,25,10,15
2d75cb4f23924fff112f06ef3520c120,Boneca Articulada 30cm,,brinquedos,28,178,1,400,16,17,11
45b280868bcc8124d9309f459a42eeaf,Bola de Futebol Oficial,,esporte_lazer,59,902,2,6450,20,20,20
9d6a5df183306316cd9954e052f30dd3,Cortador de Grama Sem Fio,,ferramentas_jardim,48,737,5,150,17,7,12
2a6949b0a5f63681fccef03f5c628edd,Bola de Futebol Oficial,,esporte_lazer,41,289,1,300,20,10,20
0c2ec8ad337c82681af769354356e4c2,Prateleira Flutuante para Livros,,moveis_decoracao,49,1378,2,2000,20,65,20
adcfd260203f2ab192f83edb46d0f83f,Luminária Pendente Vintage,,moveis_decoracao,18,164,2,500,22,19,13
c2c503e76e239d461b3e92222f6b49c5,Jogo de Blocos 100pç,,brinquedos,41,1068,2,800,50,12,31
2d15b61e2962412ec20c326895c4603a,Construcao Ferramentas Jardim - 200g - 16x3x12cm,,construcao_ferramentas_jardim,55,2039,5,200,16,3,12
18bbc803715ffa8ec1b58bd3f737fdca,Mouse Sem Fio 2.4GHz,,informatica_acessorios,38,665,1,850,16,11,37
6c0405ea1704f19465d1dc6314b1a9e5,Capa para iPhone 13,,telefonia,32,365,6,50,19,3,11
67e3279668ba06a3dd977cb31399a311,Kit de Poda (Tesoura + Serrote),,ferramentas_jardim,38,606,1,6200,18,32,18
3362ea39c2b9a88dc82f2cd6f6838bcc,Organizador de Gavetas 3 Níveis,,utilidades_domesticas,57,475,4,200,40,11,30
69e3a7b303638194dc5edd5e6abff8ff,Sandália Rasteira Feminina 36,,fashion_calcados,40,303,12,400,29,7,16
e05daac6288336fe9e903937aed44199,Cama Mesa Banho - 500g - 30x10x30cm,,cama_mesa_banho,55,329,2,500,30,10,30
2b9de6c892dd8bfb80322b1650d9904e,Tapete Higiênico Cachorro 40x50cm,,pet_shop,31,1074,6,19000,30,42,90
f46fbfe2831e5813c0e41812ad5a6228,Teclado Multimídia ABNT2,,informatica_acessorios,40,3861,1,800,30,9,20
c10a7001e8b49dfc03817444b5f2ed81,Relógio Esportivo Resistente à Água,,relogios_presentes,46,670,1,500,16,2,11
6881872c707ad95aa81fdd385223eca5,Massa Corrida PVA 25kg,,casa_construcao,44,1130,1,233,17,14,16
2942a8c2c52f01cf90a2552946eb5383,Mouse Óptico USB,,informatica_acessorios,49,365,2,200,16,17,22
2b5ae8fa7040dc2ecc8483150f36a667,Fralda Ecológica Tam M (50un),,bebes,33,1066,6,600,35,7,40
d88a953f5d1e00cbfb5785dcb8a9f81f,Trem Elétrico com Luzes e Som,,brinquedos,41,547,5,3100,72,11,13
d540d228abea2bb0713acb40e4f3d341,Tapete Higiênico Cachorro 40x50cm,,pet_shop,56,2358,6,2350,42,22,32
4aa6014eceb682077f9dc4bffebc05b0,Lixeira Automática 5L,,utilidades_domesticas,43,1002,3,10150,89,15,40
8bed4c826276d0ffcb0f5eb40861f9ea,Pendrive 32GB USB 3.0,,informatica_acessorios,59,429,2,350,20,15,20
7d9f42ecf65ca91f7e28483c5008dc4b,Cama Mesa Banho - 1kg - 34x7x32cm,,cama_mesa_banho,60,234,1,1600,34,7,32
a3816405c56f1df398541ee9c498b056,Organizador de Gavetas 3 Níveis,,utilidades_domesticas,60,465,4,300,20,11,15
a8e69cb7ca2c04d5ba7f73b2385f2a76,Raquete de Tênis Júnior,,esporte_lazer,53,2422,2,107,18,9,14
3bfd406881ee395530b18ca51670161e,Coleira Antipulgas 8 Meses,,pet_shop,60,86,4,1000,16,35,20
46e331e83e48420b6f7a8404cf204e0b,Ar Condicionado Portátil 12000 BTUs,,climatizacao,56,903,6,10050,35,28,16
ddcb7473fdc5368c019e3ef6fbde816b,Aromatizante Automotivo Lavanda,,automotivo,54,586,1,2950,41,19,41
c38d96175ed7d2d5c3391317b77f8eb0,Cama Mesa Banho - 850g - 16x10x16cm,,cama_mesa_banho,57,402,1,850,16,10,16
112d3b0704a6ed73f5b7bbbaf59362b5,Lixeira Automática 5L,,utilidades_domesticas,57,380,2,550,18,12,12
62a4a26db134b53fdcc0cd817c2175f1,Shampoo Anticaspa 500ml,,beleza_saude,46,428,1,400,19,28,17
45db4516caf5bf0516fb08b73fd14d1e,Necessaire Viagem 5 Compartimentos,,malas_acessorios,47,571,2,550,16,6,11
200eed7d1d3482898094819dbec1cb52,Tábua de Picar Bambu (3pç),,utilidades_domesticas,48,1202,3,500,19,12,12
46f5ded2b6575266fc1458155a3f1fad,Cama Mesa Banho - 1kg - 40x9x50cm,,cama_mesa_banho,56,437,2,1150,40,9,50
b596e2d70dd2f5fb5ff9ee2a1c803e5b,Balão de Voleibol Praia,,esporte_lazer,53,748,2,6300,42,20,32
082175ee534338e4fd967076a6f848e5,Batedeira Planetária 400W,,eletrodomesticos,56,175,3,100,27,13,17
9c54fc6d530332481d147e58ed7d3eb5,Raquete de Tênis Profissional,,esporte_lazer,59,1225,2,500,16,16,16
b482227c47a1f1b99911d7760d17d8b8,Ámbar Noche Eau de Parfum,,perfumaria,39,991,3,200,20,20,20
1782400950423c9b12600278b8ef65d3,Perfume Aventus 100ml,,perfumaria,58,553,1,567,23,15,16
2a6d3f9c3a96e62e0ca38559cbf6410b,Caixa de Som Portátil 10W,,eletronicos,41,318,1,125,21,13,18
6df665a20caa80a66804f836165bbf36,Carregador Veicular Bluetooth FM,,automotivo,48,1841,1,4300,31,11,31
2e6c12b01b91073e4cad9732887edc57,Limpa Para-brisas 1L,,automotivo,54,1291,2,153,16,6,17
6d811b6e8cada9a8f7f38bb315620e1b,Balão de Voleibol Praia,,esporte_lazer,59,447,5,8700,25,60,40
be68ca1484d5bcc92f0949413e5eb445,Kit de Poda (Tesoura + Serrote),,ferramentas_jardim,34,423,1,900,16,16,16
d5c51256683179f6692b91f5967c5bd4,"Sifão de Pia 1.1/2""",,casa_construcao,47,83,2,4850,40,25,30
5450ae624c196f64c291a61b12ffa3ee,Mouse Sem Fio 2.4GHz,,informatica_acessorios,43,321,3,200,16,13,18
38afdf723b95d455b418a0f57d623c6b,Prateleira Flutuante para Sala,,moveis_decoracao,38,479,3,2500,34,6,28
6c951a66dffc261311c2acc0bf0ff2fe,Camiseta Geek Estampada,,cool_stuff,59,224,4,500,55,15,45
bd5556852920e0d5ebb6044894391ca6,Bola de Futebol Oficial,,esporte_lazer,53,3219,10,250,28,13,14
2983053977d2a69111a0a674fb7e5fab,Marcador Permanente Preto (5un),,papelaria,59,344,7,2000,60,20,29
261244fc4d0197d8772346872f5b0f5e,Moveis Cozinha Area De Servico Jantar E Jardim - 975g - 41x12x12cm,,moveis_cozinha_area_de_servico_jantar_e_jardim,54,785,5,975,41,12,12
c3fb02b29695e526cd3988bdd55ba013,Berço Portátil Dobrável,,bebes,24,655,1,300,42,25,15
ae6a082af3a596a2fcbef378ebfae8c6,Livro O Investidor Inteligente,,livros_interesse_geral,40,421,1,150,26,2,26
3c1f8775831d28ef01f05143a9be9ecc,Pendrive 32GB USB 3.0,,informatica_acessorios,52,1026,1,233,19,17,19
519246f38910c45249e57a9f9b9fc142,Capa para iPhone 13,,telefonia,59,534,2,392,17,11,13
682fa9a2b1120191903abcde5950f072,Bola de Futebol Oficial,,esporte_lazer,50,596,2,700,22,22,22
7faa2f80dd4c483a89f204c073c5b447,Relógio Casual Masculino,,relogios_presentes,57,1343,3,400,17,12,12
53da2e917302c9e5e834b9968ea829a7,Limpa Para-brisas 1L,,automotivo,57,868,3,500,24,6,26
041022915a950ec95b761b690ddb6b24,Caneta 3D Iniciante,,cool_stuff,63,351,3,1450,62,15,32
dde1e366db6c0e996f4e1d92122b431c,Cama Mesa Banho - 950g - 36x14x26cm,,cama_mesa_banho,60,216,1,950,36,14,26
7ac5f520abfc0589418bc7c76cea7a7c,Cama Mesa Banho - 1kg - 30x10x30cm,,cama_mesa_banho,59,349,2,1550,30,10,30
789ad1b65fbd127472ba15371dd1144a,Alimentos - 3kg - 30x28x28cm,,alimentos,58,3815,3,3150,30,28,28
c874b6cca27efc978feed6fd55b2985c,Berço Portátil Dobrável,,bebes,43,740,1,23200,31,85,54
3d250bb3d2b89c9bea15327aed52d8ca,Perfume Aventus 50ml,,perfumaria,55,898,1,275,16,14,16
0eb14dca77e29c41da121dfa88b4b0ea,Relógio Casual Masculino,,relogios_presentes,59,136,5,200,16,2,11
5b3c2a0b39f0a99d946e2055617d11f2,Jogo de Blocos 200pç,,brinquedos,40,881,3,6550,30,20,54
423a6644f0aa529e8828ff1f91003690,Agro Industria E Comercio - 5kg - 30x30x20cm,,agro_industria_e_comercio,54,2352,3,5800,30,30,20
2b8ac7ded4ff025f0bd9b02f5c9531ba,Balão de Voleibol Praia,,esporte_lazer,34,693,2,1400,81,2,21
060e9872b582bceaa83d520807008f1b,Cortador de Grama Sem Fio,,ferramentas_jardim,28,420,1,5500,29,29,39
4e873a046c5134adb52de054a25db91d,Carregador Rápido USB-C 30W,,telefonia,53,435,2,150,19,3,11
6b8de030922a59c3d23fa6864ad3f436,Raquete de Tênis Profissional,,esporte_lazer,36,2908,1,650,18,18,18
797b0bf4316b47e82d45e3a4b5d828da,Colônia Nativa 200ml,,perfumaria,29,201,1,200,16,7,11
ab507d0f8d9ac91607f9cff20a8c5684,Ventilador de Mesa 40cm,,climatizacao,55,855,1,4800,58,59,25
5c17779da282cc147ca50c6904cf3d01,Perfume Aventus 50ml,,perfumaria,41,278,1,200,16,4,11
742c48e1bbcfabe4528d5f68cd4dc432,Raquete de Tênis Profissional,,esporte_lazer,57,578,6,450,30,16,16
db4e53a9c9aa94503fbeb12a2fdbf7ba,Bola de Futebol Oficial (Edição Especial),,esporte_lazer,25,1637,1,12400,20,25,12
5cc37c2c2b8ea0c98010d1ee6028e45b,Eletroportateis - 8kg - 40x16x40cm,,eletroportateis,59,2212,4,8700,40,16,40
695cb7d69f96dcd38681d4a4d485bc85,Luminária Pendente Vintage,,moveis_decoracao,52,327,4,6350,51,13,51
6b9411af71e48f2e3ed1f01640c3a75e,Prateleira Flutuante para Livros,,moveis_decoracao,60,2050,2,3000,69,11,11
1e88eb1734651579b4928df098f4d86c,Luminária Pendente Moderna,,moveis_decoracao,60,702,2,600,26,8,17
3732271dbc064b3c2c372c5675c914ce,Fralda Ecológica Tam G (50un),,bebes,46,736,2,1467,32,23,30
447b7437663c07b241787482238e1d58,Fashion Bolsas E Acessorios - 200g - 16x2x11cm,,fashion_bolsas_e_acessorios,58,1359,1,200,16,2,11
a0b71dda13dd0e2ee63a7afb64af5327,Tábua de Picar Bambu (3pç),,utilidades_domesticas,57,494,2,250,24,11,20
aeb2db5f8c0fe1e55a951d49dd331fc3,Teclado Mecânico RGB,,informatica_acessorios,35,1101,1,250,42,2,30
2805706c5fde90cdec740394a68ee707,Relógio Esportivo com GPS,,relogios_presentes,52,555,1,417,19,12,14
b74e0968890981b1e3ef7e98df23ed33,Creme Dental Branqueador 90g,,beleza_saude,55,187,1,200,24,5,16
918d420adcb5ca26487f9fff29535fd6,Lixeira Automática 5L,,utilidades_domesticas,55,726,1,4200,35,20,35
b5b1ef3701c288dedcb700f5cd3061f2,Jogo de Blocos 100pç,,brinquedos,32,373,2,200,35,16,30
8ce450d8a20c20e17ba1536a19f60d39,Cama Mesa Banho - 3kg - 20x30x30cm,,cama_mesa_banho,45,729,1,3400,20,30,30
63c21c167a87abcbed6efe83c8169866,Construcao Ferramentas Seguranca - 1kg - 30x10x25cm,,construcao_ferramentas_seguranca,59,825,1,1100,30,10,25
96a5ff4a6e07ebe2f09a6ee132303df3,Pendrive 32GB USB 3.0,,informatica_acessorios,29,832,2,3100,27,2,16
e32ec50062d77cbd89601812fe6acc35,Bola de Futebol Oficial,,esporte_lazer,24,1504,1,300,23,8,15
8c4254fc0b9043ade973297a789b042d,Sinalizacao E Seguranca - 400g - 19x11x14cm,,sinalizacao_e_seguranca,59,572,4,400,19,11,14
0e8455af924fb157b26a4ab95f28bb10,Carregador Rápido USB-C 20W,,telefonia,50,3704,6,50,21,8,13
ab57d2064d8806f9cc9d5734e332a969,Fashion Bolsas E Acessorios - 300g - 16x2x11cm,,fashion_bolsas_e_acessorios,56,731,1,300,16,2,11
cda185193c72c0eb8dde03f20f101230,Organizador de Gavetas 3 Níveis,,utilidades_domesticas,57,1782,1,1100,24,24,24
8471182114c4e0e3b1586fef0ad240a9,Limpa Para-brisas 500ml,,automotivo,30,313,4,500,25,16,20
0984eaa8480e41aded35bd7b5131a1c1,Creme Dental Branqueador 120g,,beleza_saude,58,540,1,30000,55,75,61
5f4f9900058f5deda33d748e733a5292,Tábua de Picar Bambu (3pç),,utilidades_domesticas,56,1185,4,500,28,10,27
a4462e7d5df840cbd075f0224bf42554,Shampoo Anticaspa 300ml,,beleza_saude,43,2027,4,550,30,5,20
4632bc49b300378ed4f1d48f424d414e,Aromatizante Automotivo Lavanda,,automotivo,33,513,2,795,30,15,26
6456fdf43df7d711b98d91fe574e43d4,Pendrive 32GB USB 3.0,,informatica_acessorios,60,1328,5,150,28,8,12
89fe9f3c22efcfa4bd05c0cf71c70a18,Ração Seca Cães Adultos 15kg,,pet_shop,53,482,2,200,18,9,14
937d4dbe97dc4cda39683025976f91ae,Luminária Pendente Moderna,,moveis_decoracao,58,1037,5,400,35,7,27
f5307d7c949134b78e68c51c13cc426e,Raquete de Tênis Júnior,,esporte_lazer,51,1286,2,520,25,20,20
81fa3a54b696e8510a2f5cd69b29337d,Relógio Esportivo Resistente à Água,,relogios_presentes,48,252,1,375,20,12,13
b1877a842c7cc3487d5ead23827c45b2,Teclado Multimídia ABNT2,,informatica_acessorios,49,1692,1,343,16,17,13
efaadc79a826a716708034fba428f44e,Boneca Articulada 30cm,,brinquedos,59,263,3,2975,33,38,49
314fa2ee03eff6af10bc8f7ff0c4dc9f,Cama Mesa Banho - 1kg - 45x25x35cm,,cama_mesa_banho,49,115,1,1100,45,25,35
dc58d5459e21851dd9acdfc10a621159,Kit de Limpeza Multiuso (5pç),,utilidades_domesticas,31,680,2,700,23,15,20
2b79d65ddb4051238ce31fbabc5763ce,Webcam Full HD 1080p,,eletronicos,40,449,3,100,25,25,25
fcbb0fb955e82fdf9afbb3641b5a6ac0,Luminária Pendente Moderna,,moveis_decoracao,40,247,4,5075,51,8,51
bb5f7cb699fd0467c5d6289669df9510,Necessaire Viagem 5 Compartimentos,,malas_acessorios,48,991,10,3050,52,32,19
59fb1c8d9f3640a622cf774c3867e170,Limpa Para-brisas 1L,,automotivo,51,455,1,833,26,14,15
35675af4fd3065f5e56b6d609ae385f5,Cama Mesa Banho - 900g - 50x16x16cm,,cama_mesa_banho,47,444,2,900,50,16,16
7bea3672d6a87d1d816cda1283bd1cb8,Shampoo Anticaspa 300ml,,beleza_saude,34,184,1,3400,55,50,11
db9fbaf0e0719205c4649729763b2c32,Prateleira Flutuante para Livros,,moveis_decoracao,50,238,4,625,20,13,21
16fa9029e1cac929d673dc7805b6d46e,Prateleira Flutuante para Sala,,moveis_decoracao,48,820,1,550,30,6,30
73db26ba1eb13dd2d0e1991a3ac6943b,Shampoo Anticaspa 500ml,,beleza_saude,56,3308,1,3900,30,13,26
18ed3f872eef3229cb62008dc963ae78,Cama Mesa Banho - 850g - 35x15x25cm,,cama_mesa_banho,54,188,1,850,35,15,25
763c99ba797c7d691e58bec3d42843bf,Lixeira Automática 12L,,utilidades_domesticas,47,265,2,3750,20,40,40
9e2821b749b419a902d948c583175ece,Fashion Bolsas E Acessorios - 100g - 16x2x11cm,,fashion_bolsas_e_acessorios,36,339,2,100,16,2,11
b37a8cda46313ac91d79f16601ca5253,Cortador de Grama Sem Fio,,ferramentas_jardim,59,1105,9,600,21,8,13
4ce81153410b379f2ccab68653ca5fe4,Luminária Pendente Vintage,,moveis_decoracao,32,297,1,400,53,15,53
2e64d11879c5bbda600381dbb5452a38,Protetor Solar FPS 50,,beleza_saude,47,225,1,1350,26,18,11
6df3e292ba834323d4d8164d4c88e698,Fralda Ecológica Tam M (50un),,bebes,50,524,1,250,23,14,28
b9a96cfeeea8e470af6d87627be50e10,Fashion Bolsas E Acessorios - 200g - 16x10x16cm,,fashion_bolsas_e_acessorios,59,198,2,200,16,10,16
300666e2638b1c8f5528bd23a6e9dea3,Cama Mesa Banho - 1kg - 48x10x12cm,,cama_mesa_banho,46,1391,2,1250,48,10,12
2ef3cc0d3f3adddc0ef8ecf48989bba2,Brinquedo Mordedor para Cães,,pet_shop,34,1140,1,3875,30,25,25
735a36bd5c680c3b10f1c48c99c0559b,Marcador Permanente Preto (5un),,papelaria,58,278,1,6700,90,16,80
1a4abdf8e4e0329e516e6e55260bb1d7,Kit de Poda (Tesoura + Serrote),,ferramentas_jardim,35,382,1,600,16,7,22
a996a150a7fd0eba6a177ec84b939b51,Arranhador para Gatos 60cm,,pet_shop,57,1640,2,5300,30,30,30
44b3c2d28ae185727a80fc99e0d330ae,Pulverizador de Jardim 2L,,ferramentas_jardim,35,227,1,800,16,63,13
634256dbcd184b3757ffd7632c9fe52a,Creme Dental Branqueador 90g,,beleza_saude,49,295,1,150,16,5,17
200eaffedd57c444ee6cd8ee8644039d,Relógio Esportivo Resistente à Água,,relogios_presentes,49,389,1,525,23,6,21
51bb55b87cf953219cadc7deb9d282c2,Cortador de Grama Manual,,ferramentas_jardim,60,1452,1,2700,30,23,20
6f57ca539fb6b20b79a272e17194d9c9,Creme Dental Branqueador 90g,,beleza_saude,34,1053,1,400,20,5,11
7648a2a07675230af77cdcd849834e57,Shampoo Anticaspa 300ml,,beleza_saude,45,2616,1,1600,25,20,20
cd46a885543f0e169a49f1eb25c04e43,Mouse Sem Fio 2.4GHz,,informatica_acessorios,58,1390,2,3475,54,13,48
748fec9ebeacfa6835fb4d6894c49869,Shampoo Anticaspa 300ml,,beleza_saude,59,1054,1,900,17,7,12
24bc2932a12c983f8e76d828b65cf39b,Shampoo Anticaspa 500ml,,beleza_saude,12,2411,1,380,17,11,13
c795f412e17c825c7765adfdb4ecdc56,Tapete Higiênico Cachorro 40x50cm,,pet_shop,46,497,2,300,30,10,17
b44ac72ece514e2e7985803cf7cefbc5,Livros Tecnicos - 367g - 18x5x15cm,,livros_tecnicos,49,894,1,367,18,5,15
b0f4447a9530af5f5bc2d17091704558,Luminária Pendente Vintage,,moveis_decoracao,57,2273,2,3000,69,11,11
d7763817e6c04ac719414a48dd46928e,Creme Dental Branqueador 120g,,beleza_saude,51,497,1,1700,18,36,27
968811b51a38b97a73d9fdf59face469,Parafusadeira Elétrica 12V,,construcao_ferramentas_construcao,40,783,1,920,35,28,22
5083416598756311d4bb4ddabd661e25,Brinquedo Mordedor para Cães,,pet_shop,54,459,1,9100,37,30,39
351cd19d35f2421c5419da9032a19856,Fralda Ecológica Tam M (50un),,bebes,46,643,4,2350,16,50,40
5f3e86b7e537b8d2d993596c969b69a6,Necessaire Viagem 5 Compartimentos,,malas_acessorios,54,791,1,18700,53,77,32
55d3c0d8016d88527c993d62d989f19d,Teclado Multimídia ABNT2,,informatica_acessorios,47,462,4,1250,50,8,37
29df8bf0a6118b7b764e7b31987d4db7,Tábua de Picar Bambu (3pç),,utilidades_domesticas,43,519,4,3150,22,54,22
1f42966deb959a8433468ac0078b60da,Bola de Futebol Oficial (Edição Especial),,esporte_lazer,34,459,5,650,23,30,30
50b9ed3a22932b28d452c73046083f5d,Balão de Voleibol Praia,,esporte_lazer,52,1321,1,254,17,15,12
869ea93586ecd74a64e5aafcad1036a9,Alimentos Bebidas - 600g - 28x15x20cm,,alimentos_bebidas,35,378,1,600,28,15,20
273d06dee7bb3103eb4ae0ff8d149966,Tábua de Picar Bambu (3pç),,utilidades_domesticas,43,491,1,750,20,45,20
5b757fed0d82a5850bcf22f01af06c6b,Creme Dental Branqueador 90g,,beleza_saude,34,752,1,450,23,23,21
44a5d24dd383324a421569ca697b13c2,Película de Vidro Temperado Universal,,telefonia,55,55,1,300,20,20,13
db61ac5970110fba38fe6caf8844dbf5,Cama Mesa Banho - 650g - 26x5x25cm,,cama_mesa_banho,58,662,5,650,26,5,25
2ef87e8b6ce7e78d811c0ead73d63507,Cadeira Presidente Ergonômica,,moveis_escritorio,33,1220,1,10750,54,54,18
ea9949577fa63c86b7ca9986a4a0bf81,Berço Portátil Dobrável,,bebes,38,614,1,464,38,9,34
9c0f79b9daf5436386477b4e17b94389,Luminária Pendente Vintage,,moveis_decoracao,53,616,1,2400,30,35,30
cfb79bfbdaf59cfe2e9ae0a071451f32,Cama Mesa Banho - 550g - 30x3x19cm,,cama_mesa_banho,44,445,1,550,30,3,19
9f1fbbe90131eec1287c7ee32bb32a31,Fashion Bolsas E Acessorios - 200g - 16x2x11cm,,fashion_bolsas_e_acessorios,48,796,1,200,16,2,11
96b2b30b853845064514e83f4d5a387b,Cama Mesa Banho - 800g - 40x7x30cm,,cama_mesa_banho,52,554,1,800,40,7,30
d0aa4a695d9699cb8eef61acc4c6d6b0,Aromatizante Automotivo Lavanda,,automotivo,44,322,1,400,16,10,15
a4758e74e2cdb74d0c4db83594ca14a3,Teclado Multimídia ABNT2,,informatica_acessorios,60,386,1,1533,32,15,15
990166f4c0d91a6cb92663b4d190ad1e,Kit de Limpeza Multiuso (5pç),,utilidades_domesticas,51,969,3,9300,31,58,31
11998bf6cea26d8ab6b3948560f64951,Fogão 4 Bocas Inox,,eletrodomesticos,59,1031,1,700,18,8,13
7509198b81c7761e30fc8845ccf330b0,Furadeira de Impacto 500W,,construcao_ferramentas_construcao,58,151,1,250,20,10,11
540a51ebd9cd8f5714698467afc89071,Creme Dental Branqueador 90g,,beleza_saude,57,1382,4,200,36,16,36
e82d0f095d2e87c1d46d5f909ed00a30,Kit de Limpeza Multiuso (5pç),,utilidades_domesticas,55,501,1,250,30,8,25
ce6bbfa347690099b21b9d688772d5ab,Carregador Veicular Bluetooth FM,,automotivo,60,374,3,700,32,15,11
e855d18497949fc298407b39639ee1cc,Eletroportateis - 2kg - 36x25x26cm,,eletroportateis,39,775,3,2825,36,25,26
71a033537c0b1b79fc26e6d0bb3bb1a2,Prateleira Flutuante para Livros,,moveis_decoracao,56,227,7,950,31,11,26
1276de9d6e6200f71cfb172a76abf703,Fashion Bolsas E Acessorios - 50g - 16x5x16cm,,fashion_bolsas_e_acessorios,43,250,2,50,16,5,16
a334304f952399f2161225628a9d2891,Creme Dental Branqueador 90g,,beleza_saude,58,1692,4,300,18,10,14
5a11bc271d03e7a31cdd33d1d8580456,Raquete de Tênis Júnior,,esporte_lazer,63,1026,3,600,38,12,25
dafcf8195acb775dcbfa9dae22b3c959,Fashion Bolsas E Acessorios - 200g - 16x9x11cm,,fashion_bolsas_e_acessorios,56,726,6,200,16,9,11
20b0f2e1b898d6ab3155af3b923794ed,Lixeira Automática 5L,,utilidades_domesticas,51,1118,5,400,18,8,14
32943921f52ed83f1af15db364dbcc2b,Moveis Cozinha Area De Servico Jantar E Jardim - 21kg - 55x49x47cm,,moveis_cozinha_area_de_servico_jantar_e_jardim,54,695,6,21150,55,49,47
e350532acfc2ee911b6dcf1029dcb48d,Trem Elétrico com Trilhos,,brinquedos,27,867,5,300,22,6,16
4f9fdffe833f33d67ba672bd81d02ae2,Jogo de Blocos 100pç,,brinquedos,54,468,1,900,25,36,16
7988cff50cb75e08e6b68640b19e55aa,Relógio Esportivo Resistente à Água,,relogios_presentes,42,176,1,576,20,13,17
41ddd4c8779d0943ee7706c384eeee8f,Tapete Higiênico Cachorro 40x50cm,,pet_shop,34,1540,2,700,24,20,24
b23f9704f31bfce887b8d1b48f0bad47,Tábua de Picar Bambu (3pç),,utilidades_domesticas,32,33,3,450,17,14,11
2132979d9b6f64e99b8c9bb4da4e0323,Pendrive 32GB USB 3.0,,informatica_acessorios,12,676,2,496,36,13,35
7aa09531577c4f30eaf1f6cbe61f6536,Balão de Voleibol Praia,,esporte_lazer,56,1249,1,4350,20,20,20
e61812136e9f12e9f4359132b1b82870,Teclado Mecânico RGB,,informatica_acessorios,44,195,1,650,22,12,12
d86ac0940bef7f98ce39a2e759183f83,Luminária Pendente Vintage,,moveis_decoracao,58,485,2,500,35,35,11
bb77135946e78428a7a5634a46113a22,Berço Portátil Dobrável,,bebes,57,271,1,600,25,15,25
b36dfd58b43f37b9fd6424e0dfd42c63,Bola de Futebol Oficial,,esporte_lazer,60,139,1,2750,60,15,15
d0c51ac8e8c69abdcdddfd2ce66ffe3f,Capa para iPhone 13,,telefonia,42,793,1,300,19,3,11
13b84ccbd3ce6a81ff8333896dbe84d8,Kit de Limpeza Multiuso (5pç),,utilidades_domesticas,56,595,1,3350,16,2,11
b8b426747049f2d3d6e00b486d47dedb,Shampoo Anticaspa 300ml,,beleza_saude,49,819,3,1250,42,11,12
b6381477a9bdb75f7c1c97478ab25467,Telefonia Fixa - 100g - 16x4x11cm,,telefonia_fixa,60,218,3,100,16,4,11
ae23e5838bdd9b5fa518342c066b8290,Cama Mesa Banho - 1kg - 19x17x23cm,,cama_mesa_banho,58,676,1,1325,19,17,23
87fcf2104f6c632428115466bab2c16b,Bola de Futebol Oficial,,esporte_lazer,24,211,1,850,51,11,18
74cfb67b11aa83ec20fbb297748c8352,Prateleira Flutuante para Sala,,moveis_decoracao,54,1528,2,700,68,7,13
dad033afaf01ca7098672af45bdd3400,Trem Elétrico com Luzes e Som,,brinquedos,60,1235,3,1200,28,13,21
aedeeed7f1b4f0f8be40518d70991770,Webcam Full HD 1080p,,eletronicos,37,402,1,150,25,7,16
e9e425171123c1c10c30c2c7379b9544,Relógio Casual Masculino,,relogios_presentes,50,383,1,950,21,11,15
d60c79092c4d9018a9e4f08f24b7a280,Lixeira Automática 5L,,utilidades_domesticas,28,735,2,300,20,30,20
871238c57d25f282d163be9e712c36a9,Shampoo Anticaspa 300ml,,beleza_saude,57,2227,1,2400,30,12,16
f179d569401e7aea68f5b8c64367c796,Bola de Futebol Oficial,,esporte_lazer,59,1219,5,4450,50,30,30
2b4662eb979b4254e70b334e76ba0470,Cama Mesa Banho - 6kg - 30x30x30cm,,cama_mesa_banho,56,515,1,6700,30,30,30
d8655d4a43e4a9ac85575a5f9ef816b0,Eletrodomesticos 2 - 5kg - 65x20x30cm,,eletrodomesticos_2,46,1467,2,5600,65,20,30
8bb7efbc6db04c5cc5380921bc722d7d,Batedeira Planetária 400W,,eletrodomesticos,59,356,3,450,20,13,15
896a64a7f34cdfef2c60ce59fa2a148f,Perfume Aventus 50ml,,perfumaria,50,899,3,800,38,13,22
f410090aec61f7c73748ca894286edcd,Marcador Permanente Preto (12un),,papelaria,60,1847,3,450,35,50,12
7a7be236d8368315680071df4209dd4e,Espelho Decorativo Ovalado,,moveis_decoracao,55,199,2,850,30,30,30
a8b35b03653cbd1f85f6a9487fba6eac,Pulverizador de Jardim 2L,,ferramentas_jardim,63,525,3,2250,34,4,23
38991d9514cf1298f8ac1d66d8aefeba,Limpa Para-brisas 1L,,automotivo,60,695,6,5950,47,19,23
985fb72c3a110e7e966f5b7677dc1322,Cama Mesa Banho - 625g - 30x4x22cm,,cama_mesa_banho,60,102,1,625,30,4,22
648058594991ac2fa9af20f5f9e6677c,Teclado Mecânico RGB,,informatica_acessorios,15,159,1,100,25,3,19
04d7da0499dd7cdfba6ef58c85e70324,Prateleira Flutuante para Livros,,moveis_decoracao,41,1261,3,450,27,27,33
2f20a2013902657c0800ddf524514e4e,Cama Mesa Banho - 1kg - 20x30x26cm,,cama_mesa_banho,55,392,1,1450,20,30,26
25c3eb54945e82e7c1dc8191a1ebb5f1,Necessaire Viagem 3 Compartimentos,,malas_acessorios,56,1538,4,19900,77,33,50
ff8ee90ee3170de57403d2d5af1e2c2e,Capa para iPhone 13,,telefonia,46,370,2,50,19,3,11
e379ed3f57a2c6e994258ffda975ce15,Cama Mesa Banho - 2kg - 33x7x39cm,,cama_mesa_banho,58,298,1,2600,33,7,39
af4e303574dc703e52b2731419bd563c,Jogo de Blocos 100pç,,brinquedos,50,256,2,561,20,27,22
4f0c6229d5ce73d86039d4887f52f8ff,Aromatizante Automotivo Baunilha,,automotivo,58,1658,3,600,16,21,18
1f8aad0f80f6d061b4d09e538ad496d7,Trem Elétrico com Trilhos,,brinquedos,24,155,1,500,28,4,14
e4acef9f829635351de593a05d2406da,Balão de Voleibol Praia,,esporte_lazer,45,40,1,562,20,13,17
c7f24eedab65851cf5b6c25a10816ea0,Tábua de Picar Bambu (3pç),,utilidades_domesticas,51,1540,1,1775,45,11,28
4e90dce938e15bfe8ef9b962391e9866,Marcador Permanente Preto (12un),,papelaria,52,372,4,500,30,40,11
b05d2b2b1c20296cf580164a3c6e173b,Shampoo Anticaspa 300ml,,beleza_saude,55,724,3,50,25,15,15
3914a208bb9313e3d980399268ddd54e,Pulverizador de Jardim 2L,,ferramentas_jardim,40,1222,1,200,16,10,11
03d19e503abb1698d26d630c0017b11e,Carregador Veicular Bluetooth FM,,automotivo,36,359,1,14100,62,62,21
fa7b3afca12fceaa20c5d7aa279f08ca,Aromatizante Automotivo Baunilha,,automotivo,60,183,2,100,18,4,14
9592cd0b739cc57871c3aecffe15436a,Caneta 3D Iniciante,,cool_stuff,60,933,6,450,34,15,17
515ba7ccc6abbd1c0f5016704a0184e2,Arranhador para Gatos 60cm,,pet_shop,59,678,4,1400,40,20,30
def080e33b38a4c756347d4665b40a7f,Musica - 1kg - 55x17x15cm,,musica,45,1465,5,1850,55,17,15
e482ad963bfb9a9abc51b9850aca97b7,Lixeira Automática 12L,,utilidades_domesticas,45,293,1,250,19,8,11
526f833e1eb0a32ad9351145a761b9ab,Relógio Esportivo com GPS,,relogios_presentes,60,491,2,250,16,2,11
45a15b38cc3c0514717a1de673c6193c,Produto - 250g - 17x8x13cm,,,,,,250,17,8,13
96ac5914ae8307995bed8c15fc1bcebb,Moveis Sala - 1kg - 52x8x13cm,,moveis_sala,47,521,4,1250,52,8,13
fa723c2295c02577738691a61d56a94e,Cortador de Grama Manual,,ferramentas_jardim,48,1658,1,6800,60,20,40
5b96b6426a9c9a657af9d8a46b7847e4,Capa para Samsung Galaxy S23,,telefonia,58,777,6,300,17,4,12
943370eeb193fe1ac6da5c2229aa4f69,Fashion Bolsas E Acessorios - 200g - 16x8x11cm,,fashion_bolsas_e_acessorios,45,323,2,200,16,8,11
09a45646f91581af2d515ba02bc0ed94,Jogo de Blocos 100pç,,brinquedos,39,130,1,425,35,14,24
13ebf5c91d35332ef90cf65a7d2fff18,Fashion Bolsas E Acessorios - 1kg - 41x13x42cm,,fashion_bolsas_e_acessorios,38,442,3,1600,41,13,42
d58118713a21b8177e844c58eb83efe7,Lixeira Automática 12L,,utilidades_domesticas,59,212,2,500,36,10,13
d79269e0532dd1d04403600e14565046,Cama Mesa Banho - 10kg - 50x30x30cm,,cama_mesa_banho,53,653,1,10150,50,30,30
04c4182bda52366f3c4b8817ddbcd98e,Raquete de Tênis Profissional,,esporte_lazer,61,604,1,250,20,12,16
fcde1899043318107d8f0ae043f69bc3,Produto - 400g - 35x7x12cm,,,,,,400,35,7,12
93fd807bea9d7cf539c1f5e0ef7ab1b5,Luminária Pendente Vintage,,moveis_decoracao,60,258,2,1000,25,37,36
45c16b5961d3c6b54f202121673a2c44,Cama Mesa Banho - 2kg - 42x16x36cm,,cama_mesa_banho,55,415,1,2600,42,16,36
84ec15b5b36b11ff02a74d3b81bc96cc,Livros Tecnicos - 600g - 23x3x16cm,,livros_tecnicos,41,745,1,600,23,3,16
d6ab25b0dad785bcf8be87b821dd9b37,Prateleira Flutuante para Livros,,moveis_decoracao,43,474,1,1000,40,30,30
4a266296cc64880551c3efad9739fb2e,Bateria Eletrônica Compacta,,instrumentos_musicais,59,802,2,3750,18,30,27
4858799008e3cd4fcab9c61fbc63a2a0,Prateleira Flutuante para Livros,,moveis_decoracao,40,293,3,200,25,4,18
81c01a12e5d25299ba2283cfb09de22a,Cimento Portland 50kg,,casa_construcao,59,877,7,600,16,27,16
2722b86640ddc24e1374c2df1ac2a230,Martelo de Aço 500g,,construcao_ferramentas_construcao,47,1139,3,1700,26,9,20
1ceecf723e6b304ffe1822e9f375fbf1,Ventilador de Coluna 45cm,,climatizacao,47,270,2,150,25,25,20
36ed077d2f4915bc4bd14ead16a028de,Alimentos - 750g - 16x20x16cm,,alimentos,49,477,2,750,16,20,16
2d4f312a487b1af17bdc9e77505a205c,Pulverizador de Jardim 2L,,ferramentas_jardim,52,308,1,600,16,8,11
d6230529fca40334f2dfb8bd8e7759ea,Jogo de Blocos 200pç,,brinquedos,43,1339,1,500,22,7,15
eb40735d540d6ccdfb0b74782ba065dc,Relógio Esportivo Resistente à Água,,relogios_presentes,38,223,3,700,19,9,15
d7ceaa970defc5f52f1affda0dc32f30,Raquete de Tênis Júnior,,esporte_lazer,41,127,1,600,16,30,15
1003992d2a8d1e7f870643148854ddc7,Liquidificador 600W,,eletrodomesticos,53,1503,2,300,18,8,13
5a2c5357841ae997771d179eee3f2027,Bola de Futebol Oficial (Edição Especial),,esporte_lazer,48,2523,1,10443,28,29,26
6b4b43f30f71d5d25a64145919f7f515,Trem Elétrico com Trilhos,,brinquedos,41,1100,4,19700,105,48,18
e3dd5a5b73bfbb610ada4ed74a6612b6,Brinquedo Mordedor para Cães,,pet_shop,32,1244,1,138,17,13,14
898fa82b63404937c7a3c2cc77d6e5b5,Colônia Esportiva 150ml,,perfumaria,23,768,2,400,18,9,14
afdca9f0ccd47943dcb8dcec1518da63,Shampoo Anticaspa 300ml,,beleza_saude,44,502,1,500,16,16,15
62ae6a8f5789aec14529a277c7516def,Prateleira Flutuante para Livros,,moveis_decoracao,63,554,11,2300,41,26,31
e3a67a7350378910b2eb888ba9d2d095,Carregador Rápido USB-C 20W,,telefonia,50,519,1,100,18,6,11
174bd46514622ad40ab32df5c832aaf3,Perfume Aventus 50ml,,perfumaria,33,744,1,150,17,7,13
9298a9128d39e1ff0dc62e143e8bd328,Cama Mesa Banho - 1kg - 47x21x41cm,,cama_mesa_banho,57,150,2,1300,47,21,41
28fe7bc9b73556b0cee83320fcd2600e,Organizador de Gavetas 3 Níveis,,utilidades_domesticas,56,1200,2,3550,16,43,43
55f166570845e0a7b4456edac9c420b7,Limpa Para-brisas 500ml,,automotivo,42,431,1,975,32,35,29
5fef486f2057e10fd91e167348812b7a,Shampoo Anticaspa 500ml,,beleza_saude,43,1650,4,1200,43,9,23
26afe4ed5890d941fcba14205863eec7,Luminária Pendente Vintage,,moveis_decoracao,47,1092,1,3850,30,30,30
7a585ae6a8f9d910486651811c79f6b8,Aromatizante Automotivo Lavanda,,automotivo,59,395,1,900,40,40,40
6818d803130fa8df4d513db9d6289dc2,Livro O Poder do Hábito,,livros_interesse_geral,40,1618,1,300,30,4,20
fe85b65a6d0ed7524aaa2e0fac0e23cb,Construcao Ferramentas Ferramentas - 300g - 26x14x16cm,,construcao_ferramentas_ferramentas,53,226,3,300,26,14,16
ef34878717e7759a53c99550100ea1ec,Prateleira Flutuante para Livros,,moveis_decoracao,56,812,1,2400,18,9,14
4a92216ec92c54fca6f132ae1988390d,Trem Elétrico com Luzes e Som,,brinquedos,36,355,3,900,30,35,40
f399bbedb1d21192dffefc4a8b30a229,Organizador de Gavetas 3 Níveis,,utilidades_domesticas,59,614,1,5300,30,35,30
2330fe9b304af24209631c7197203c61,Lixeira Automática 5L,,utilidades_domesticas,48,943,1,3350,32,75,32
21c0985594816cf11cf7cfc0631f6f1f,Prateleira Flutuante para Livros,,moveis_decoracao,34,569,1,800,30,30,30
a037c98ed926711d7513cf779d788536,Cortador de Grama Sem Fio,,ferramentas_jardim,43,1183,1,250,30,6,11
9b51d10170f788eda1e19bd4e8d2d06e,Creme Dental Branqueador 90g,,beleza_saude,60,696,7,700,19,11,23
d4388109703f2b2278192c39946dcbee,Raquete de Tênis Júnior,,esporte_lazer,58,646,2,300,40,22,43
ba2225dd03b4dd91f999ef73504a0b82,Kit de Limpeza Multiuso (5pç),,utilidades_domesticas,59,833,1,8100,58,23,33
1792cba4f134a09e9450d6142fbe9293,Teclado Mecânico RGB,,informatica_acessorios,57,297,2,150,16,3,13
6a64f310d8075f40b78eb471df9ddac4,Ámbar Noche Eau de Parfum,,perfumaria,41,512,1,250,20,18,22
bdeb69e094c42de582310fffad126d77,Carregador Veicular Bluetooth FM,,automotivo,51,424,2,100,24,2,17
35d92b98f6c28b76f0551e206ba39234,Tábua de Picar Bambu (3pç),,utilidades_domesticas,38,597,3,300,40,5,40
ab5471c55ab7dcdfbf32ed5f4edbd592,Cama Mesa Banho - 2kg - 35x10x20cm,,cama_mesa_banho,53,1156,2,2450,35,10,20
37bfa14183ddce17983a1980a3337042,Coleira Antipulgas 8 Meses,,pet_shop,53,203,1,2500,23,11,19
f201c94e7d8aa11b6ab049d69730309d,Lixeira Automática 12L,,utilidades_domesticas,51,339,1,2410,25,55,25
794a58949439ec61f210c58f05fcd177,Aromatizante Automotivo Lavanda,,automotivo,55,544,1,550,18,5,15
3ebd44ce3c5f4ef6af43b9f0b1df1729,Carregador Veicular Bluetooth FM,,automotivo,60,317,4,70,19,3,16
5fc604f5f76a23b94565f06a830fa835,Bola de Futebol Oficial,,esporte_lazer,51,302,1,400,20,20,11
9ecfbbfd26a92d596e5f4f7dfead98e3,Cama Mesa Banho - 2kg - 40x10x30cm,,cama_mesa_banho,59,367,1,2550,40,10,30
e21b0b8dd6c9543f46cf3178a39ea458,Raquete de Tênis Júnior,,esporte_lazer,56,307,4,700,16,16,25
2501eb540473502ef149a3a848b2f8f0,Pendrive 32GB USB 3.0,,informatica_acessorios,57,749,1,570,16,22,17
8e4650bd2f4ffa24c882da51ba7b1a47,Prateleira Flutuante para Livros,,moveis_decoracao,57,517,2,2950,35,30,35
de68fdc66141ead95fd569f01245e523,Cama Mesa Banho - 18kg - 50x30x40cm,,cama_mesa_banho,55,298,1,18800,50,30,40
46f739c1cd676603026c0af4d29ef7a5,Carregador Veicular Bluetooth FM,,automotivo,55,212,3,1850,20,15,20
04ddfb2cdbf048af94dc37e1bb0d3b04,Lixeira Automática 5L,,utilidades_domesticas,48,1797,5,575,24,18,24
81227b918dc751995a7301b5f38437b8,Telefonia Fixa - 750g - 27x12x27cm,,telefonia_fixa,53,1265,1,750,27,12,27
67473aa97e981b3b8abaa6a8a768eb26,Shampoo Anticaspa 300ml,,beleza_saude,60,450,1,400,38,12,25
59f4103b8313232d3abe6630105b925b,Marcador Permanente Preto (5un),,papelaria,55,1006,3,800,17,28,40
271a16e4751b04867238b601ad652692,Tábua de Picar Bambu (3pç),,utilidades_domesticas,47,755,1,240,28,11,17
055b53c58f373d53438cefb346ffcbbf,Pulverizador de Jardim 2L,,ferramentas_jardim,41,313,1,6050,75,25,25
330286b1345b8cc5abfbb74da93465a6,Bola de Futebol Oficial,,esporte_lazer,51,1097,5,2800,56,28,33
4e85aba9b74456fe153b755f4324dfc9,Prateleira Flutuante para Sala,,moveis_decoracao,56,893,3,300,18,9,14
c42500bc89ec2aab54ff83f7c31b8773,Carregador Rápido USB-C 30W,,telefonia,54,259,1,200,20,20,20
24543438ec09114a42a153f76ae693f2,Lixeira Automática 5L,,utilidades_domesticas,39,343,1,963,21,21,22
2653c1a28e65f36161bcc73f0ca52727,Fralda Ecológica Tam M (50un),,bebes,53,829,4,5150,40,10,40
9207d6b9c76ea46cbc5b101a23293cc2,Relógio Casual Masculino,,relogios_presentes,52,339,1,198,16,13,13
e251ebd2858be1aa7d9b2087a6992580,Cortador de Grama Manual,,ferramentas_jardim,34,511,4,8875,40,14,43
c689470c5a069795896edc7b896d9251,Cama Mesa Banho - 1kg - 43x5x30cm,,cama_mesa_banho,63,837,1,1300,43,5,30
992b493206080e0ded9bf933ae5da6d3,Teclado Mecânico RGB,,informatica_acessorios,47,576,1,450,37,4,12
39731b928af43b0f49dd60d4706e403f,Protetor Solar FPS 50,,beleza_saude,50,431,4,20100,90,60,20
1b90de90abbc056f24e0fe3c721a88ee,Tábua de Picar Bambu (3pç),,utilidades_domesticas,51,539,1,1100,16,31,29
3374f1e0e721154f553fa0b0994ff405,Organizador de Gavetas 3 Níveis,,utilidades_domesticas,56,231,1,250,16,12,16
3275f9e184aa1d82aa1e2517017bda63,Mouse Óptico USB,,informatica_acessorios,33,1084,1,200,41,2,29
170b033abb14ccc92a21b95dba58fa90,Kit de Limpeza Multiuso (5pç),,utilidades_domesticas,55,757,4,325,25,15,16
3366363f84c6f967f12d15a59b1e7839,Teclado Mecânico RGB,,informatica_acessorios,33,1303,1,200,31,13,11
779e74ce337266c06bf392935ab34bc8,Alimentos Bebidas - 262g - 28x15x20cm,,alimentos_bebidas,59,459,2,262,28,15,20
40a5f1699745ef73e63e53a7d51ea0e0,Bola de Futebol Oficial (Edição Especial),,esporte_lazer,39,626,1,980,52,12,13
d2e79198b51c33512670c0a652c1a27f,Artigos De Natal - 2kg - 30x12x40cm,,artigos_de_natal,46,1030,1,2850,30,12,40
ef9f0516d07f695fa0eae9a8169c8fdc,Shampoo Anticaspa 300ml,,beleza_saude,46,803,1,250,22,3,15
9d9734db712d5ab6c3ff4c33700eb34c,Estante Organizadora 6 Prateleiras,,moveis_escritorio,56,1285,1,8375,52,51,17
3a05f25f787e81cdd89d9612bff31bd8,Carregador Rápido USB-C 20W,,telefonia,33,1577,2,400,16,16,16
d2085f7e0f9533605386960fc7e987ec,Kit de Poda (Tesoura + Serrote),,ferramentas_jardim,40,207,4,150,16,2,11
4f7453bf6629f63942b81205e1e2b1ba,Kit de Poda (Tesoura + Serrote),,ferramentas_jardim,57,2689,4,600,42,6,16
cd8cb942b6a58fcff9697762d3bc9cd7,Mouse Sem Fio 2.4GHz,,informatica_acessorios,48,339,6,2900,27,11,20
341141693c1995e911d0a5843f7c289b,Colônia Esportiva 150ml,,perfumaria,39,613,1,458,19,13,15
b88449b8d7f553a4517437d0dc5491a2,Marcador Permanente Preto (5un),,papelaria,45,435,2,750,17,7,12
de15917c5525c593f2a9747a5c943ee7,Tapete Higiênico Cachorro 40x50cm,,pet_shop,60,872,3,150,25,25,25
6d0d7c2d9a4b8b79dbc12c47c74349dd,Shampoo Anticaspa 500ml,,beleza_saude,58,2910,1,300,18,9,12
23713b3af0ec6a3c9601da5c58b2ea95,Musica - 550g - 16x16x16cm,,musica,59,1957,3,550,16,16,16
c1263771de6bc2dca4fdf0994079dd19,Raquete de Tênis Júnior,,esporte_lazer,59,763,1,1175,21,32,17
1131505c80690c39fe3696048a24fc2d,Carregador Veicular Bluetooth FM,,automotivo,52,383,1,980,17,10,12
3b426c5ff23dab0e12ab32063375550e,Prateleira Flutuante para Livros,,moveis_decoracao,56,685,1,9900,35,35,35
52b668edc0d0c20cd9319bfda4019597,Luminária Pendente Vintage,,moveis_decoracao,59,205,8,900,31,11,26
c55fe8cbb36a1353e443dc9e773b80da,Cama Mesa Banho - 250g - 28x4x16cm,,cama_mesa_banho,48,426,1,250,28,4,16
d73068913476e74d4f35a6f2d5399ae9,"Mochila Executiva 17""",,malas_acessorios,40,1070,1,650,90,5,11
926e66aed471a4345d1c8d70b60c1874,Bola de Futebol Oficial (Edição Especial),,esporte_lazer,57,1750,4,277,17,11,13
f4938e02188d323c8412d2ea07d230e4,Colônia Nativa 200ml,,perfumaria,56,182,1,3733,22,29,27
803afd213dfaca86aacd31b3c7d9a296,Tábua de Picar Bambu (3pç),,utilidades_domesticas,46,979,5,1075,18,16,16
f014ea8c6c04cc78a9e70319e351dc4b,Organizador de Gavetas 3 Níveis,,utilidades_domesticas,16,202,1,1050,26,26,26
cd5b0609304400b0a1e1cf4717778ddf,Colônia Esportiva 150ml,,perfumaria,60,341,1,450,20,20,20
fdbd77fe1773263558126c16e0b4b67c,Cama Mesa Banho - 1kg - 30x10x30cm,,cama_mesa_banho,59,349,2,1500,30,10,30
2d9048864a2855dc2235f380db5c1ec1,Teclado Musical 61 Teclas,,instrumentos_musicais,56,250,1,150,18,3,15
30e010e9df8943899f267097d49b5c1a,Shampoo Anticaspa 300ml,,beleza_saude,56,825,1,1300,22,26,20
e785fc8bd8514e440e2d11f014c68c67,Coleira Antipulgas 8 Meses,,pet_shop,58,334,5,1800,30,30,30
aac7416c2efb28528e5cf18c1f582053,Jogo de Blocos 200pç,,brinquedos,44,71,2,800,39,30,29
4a85b07765a341b846c963da0381db96,Shampoo Anticaspa 300ml,,beleza_saude,57,1687,1,4350,16,16,16
9d4ba0f6da482eab474c47de79c2afcc,Mouse Óptico USB,,informatica_acessorios,58,1484,5,1700,54,6,23
e0df353ed6d11a723c8046c7aec42d62,Boneca Articulada 30cm,,brinquedos,33,669,1,630,31,19,16
019003324f0a201dd2c8962beaf94b6d,Livros Importados - 250g - 33x2x23cm,,livros_importados,56,440,1,250,33,2,23
6d7e2debf23664bba46cd58c906fdf16,Raquete de Tênis Profissional,,esporte_lazer,57,654,1,2400,21,21,21
4bf205e4dc4e2c6b258e1ec0e2be9367,Caneta 3D Iniciante,,cool_stuff,54,710,3,797,17,16,14
0c002598a0876501a172ffcea9496008,Cama Mesa Banho - 9kg - 50x30x40cm,,cama_mesa_banho,53,768,4,9150,50,30,40
ec3f8e78677c7e0395b155bc67417158,Teclado Mecânico RGB,,informatica_acessorios,60,334,3,850,34,14,14
2511e504fd7794c668a8521aabe3713d,Cama Mesa Banho - 2kg - 33x7x39cm,,cama_mesa_banho,60,298,1,2650,33,7,39
0259a8068ce1198d4370abb0d3c2e576,Carregador Veicular Bluetooth FM,,automotivo,39,328,1,500,21,9,12
b3bf52e880d6c9f4dd7e34fb682d5054,Balão de Voleibol Praia,,esporte_lazer,47,594,5,700,19,10,16
2cbc1ae9dc8c4d81b096db0ee01ae0e6,Relógio Casual Masculino,,relogios_presentes,53,184,6,200,16,2,11
a7329b3e52d13627c92b24a745e70873,Prateleira Flutuante para Sala,,moveis_decoracao,62,1702,1,800,60,11,11
3096d513ef378c2f6b32b7f4f42a471a,Relógio Casual Feminino,,relogios_presentes,54,555,4,400,16,2,11
4d4ae73d24cd635b5ca58cf89d988cc9,Cama Mesa Banho - 250g - 16x10x16cm,,cama_mesa_banho,53,635,1,250,16,10,16
f01058850701fcb9d8f652660012b9ec,Sandália Rasteira Feminina 36,,fashion_calcados,41,342,4,450,29,10,22
ed000a9f9f04376551e24de254464c9e,Produto - 7kg - 40x6x35cm,,,,,,7400,40,6,35
348b4fff3d6dcaa25f6f61805ced2da9,Boneca Articulada 30cm,,brinquedos,46,226,1,500,45,15,35
8cef0a48dd6a31a4da7683d1f35d8925,Lixeira Automática 12L,,utilidades_domesticas,42,540,4,9950,31,61,31
cf84f4d055494a42ee49d58b5f82afa2,Creme Dental Branqueador 120g,,beleza_saude,56,2137,1,1600,30,30,16
6ea2d74d5dd2317844dd17f16da75a5b,Raquete de Tênis Júnior,,esporte_lazer,60,576,5,2500,80,12,22
7770bdde7d6bfd349bfdeabc4ce54c07,Carregador Rápido USB-C 30W,,telefonia,54,581,1,150,19,4,11
608f44934fbb70de5e05998ae59f4e46,Protetor Solar FPS 50,,beleza_saude,60,918,1,150,22,3,15
338bf1554cc911be551275c6c6c396c7,Kit de Limpeza Multiuso (5pç),,utilidades_domesticas,35,347,2,1400,21,40,21
dc9f66a56b89e4278d921898a861a29a,Produto - 200g - 22x3x22cm,,,,,,200,22,3,22
05fa60020215fd65f8f8b9dd441f864b,Creme Dental Branqueador 90g,,beleza_saude,32,324,1,250,23,9,14
9795a7cdf0e9c1c2b4db0c1ab37e0831,Tinta Acrílica Fosca Branco 3.6L,,casa_construcao,55,1627,1,600,40,3,50
df581a0b9a4bf71da645a0a3d5d2b4fe,Tapete Higiênico Cachorro 40x50cm,,pet_shop,59,1002,4,3000,41,16,27
d531e4f4234b93eb3d8efc4a53f7e7c1,Cimento Portland 50kg,,casa_construcao,37,354,1,8900,62,32,30
1945afae0c93166dce1f186d00125695,Mouse Óptico USB,,informatica_acessorios,58,1707,2,6500,30,30,20
96a8e69f40810916a191425f42eb4b19,Teclado Mecânico RGB,,informatica_acessorios,41,635,1,513,22,14,19
acdb0f19ecde303b46ede05c270ad40d,Teclado Mecânico RGB,,informatica_acessorios,56,813,4,650,17,5,12
cb7433cfec8ba4a55092889fad62c6ed,Fashion Bolsas E Acessorios - 250g - 16x2x11cm,,fashion_bolsas_e_acessorios,57,113,1,250,16,2,11
7b04f59e7ef8f6d273cc64d422557641,Balão de Voleibol Praia,,esporte_lazer,34,100,3,125,23,15,28
07dc749f37490643099305c4df823727,Carregador Rápido USB-C 30W,,telefonia,50,194,1,100,16,2,15
99051458e8e83372d619c3092f874824,Shampoo Anticaspa 500ml,,beleza_saude,43,754,1,1150,16,16,16
dcf382c499d890ea8ca4d7e08fcb3abf,Berço Portátil Dobrável,,bebes,44,616,2,8250,44,32,35
da9897a610529d3139497d3bd8bbccb0,Relógio Casual Feminino,,relogios_presentes,55,464,3,770,26,13,26
64e356655e467c59b4b42f98837d273e,Carregador Rápido USB-C 20W,,telefonia,53,486,1,100,16,6,12
5aee6406a4f4071df1f1bec3fa3dcfc6,Raquete de Tênis Profissional,,esporte_lazer,48,2056,1,400,18,12,16
42e640b8fe7fa0bef227e6ad92c6e9c9,Colônia Esportiva 150ml,,perfumaria,48,1671,1,150,18,6,12
b1443a3dadb0b2b1edf47ffe38366788,Sanduicheira Elétrica Grill,,eletrodomesticos,57,175,3,3900,35,40,25
263fe483fc2377fe17d81d7b2b5cea3d,Luminária Pendente Moderna,,moveis_decoracao,51,272,1,1400,35,35,35
3b7929cc079c14493fb6fb3373dbc1e1,Audio - 1kg - 40x20x30cm,,audio,21,68,3,1075,40,20,30
b03f486273ee4263286c00383ef34f37,Estante Organizadora 6 Prateleiras,,moveis_escritorio,57,274,1,6400,98,30,15
052516c377ebbc53a39f053af1db08b4,Caneca Criativa 350ml,,cool_stuff,46,595,2,450,16,12,22
ecb5b54535b9954dfabb3bd16f3c567d,Capa para iPhone 13,,telefonia,57,2112,1,117,19,5,13
1018789226ee7a23b5fd719413e80cb0,Capa para iPhone 13,,telefonia,59,734,4,300,17,4,12
7346d3bfa9ffb6562dde92b426bb5827,Trem Elétrico com Trilhos,,brinquedos,35,537,3,600,36,18,27
9a78dffd6ee3b0b5ef8c7bcc3363cb60,Prateleira Flutuante para Sala,,moveis_decoracao,52,748,4,15400,40,60,40
6522b16614da30655a6a5ce4c8f2fb8b,Cama Mesa Banho - 550g - 18x10x18cm,,cama_mesa_banho,48,1056,1,550,18,10,18
f8e75ec247fd97a5e1abcaa48e9e971d,Chave de Fenda 6x100mm,,construcao_ferramentas_construcao,47,475,1,370,44,21,12
b84ee1832bd494a163f0a8315efde95c,Mouse Sem Fio 2.4GHz,,informatica_acessorios,56,944,1,200,20,20,20
f605c14485b0c4f34011ee7658887ef1,Shampoo Anticaspa 500ml,,beleza_saude,52,455,1,550,16,16,16
732a5a52382de386f82728b54616c44c,Construcao Ferramentas Iluminacao - 950g - 20x16x37cm,,construcao_ferramentas_iluminacao,54,538,2,950,20,16,37
a01d67702cc563c68a6860bd1547cd53,Carregador Veicular Bluetooth FM,,automotivo,46,377,1,5500,28,32,40
f7ac498363699addc5ff78eadee46977,Capa para iPhone 13,,telefonia,51,544,5,150,19,3,20
74555f75edae5066e34e251a91b8e52a,Trem Elétrico com Trilhos,,brinquedos,48,271,1,450,27,29,27
cbc7a92fc315194a3965b32acc10fc1c,Aromatizante Automotivo Baunilha,,automotivo,49,1565,4,250,40,10,17
54c9eeb3eec23150e817e2048c9c4c31,Mouse Sem Fio 2.4GHz,,informatica_acessorios,52,218,1,800,34,15,19
aed7d0a9347ab6a62a7e25304e6f02ab,Lixeira Automática 12L,,utilidades_domesticas,44,2017,3,550,36,10,16
550fc11ceff23335b50bdab8f9d3c3e2,Balão de Voleibol Praia,,esporte_lazer,35,649,4,400,21,4,17
3caecc43ae4ff35c714a4e9a92964402,Tábua de Picar Bambu (3pç),,utilidades_domesticas,59,2011,5,1250,35,20,20
9bf850b04e5b1ec3f9e35aaf9a55ce52,Luminária Pendente Vintage,,moveis_decoracao,47,772,1,1850,40,30,30
77e9f75a40f2341f6a7f9f17cc0a8ffd,Fashion Bolsas E Acessorios - 400g - 22x14x22cm,,fashion_bolsas_e_acessorios,63,1144,8,400,22,14,22
b36858b52183f641b1be7bd99cd0ca89,Eletrodomesticos 2 - 15kg - 68x23x68cm,,eletrodomesticos_2,46,373,3,15750,68,23,68
b8dcc8fb99a94c2a9329e491f71bb120,Caneca Criativa 350ml,,cool_stuff,59,320,1,420,26,12,21
949e2d53ce148a06e79f6dc7fdc2b045,Limpa Para-brisas 500ml,,automotivo,52,729,1,350,16,10,11
9055dd3dc18725216cbe35e1999e692d,Lixeira Automática 5L,,utilidades_domesticas,25,472,2,500,16,12,14
6b24ec6a3ca9082ef2a3242b7d155508,Colônia Esportiva 150ml,,perfumaria,30,138,1,100,22,10,19
28ea12eefe401cceb76c6026abfbcd71,Bola de Futebol Oficial,,esporte_lazer,52,671,6,1300,25,30,40
b4014cdccfa7055c39ddadfc592bd47a,Carregador Veicular Bluetooth FM,,automotivo,55,97,1,50,16,10,11
7cd29da0653abeb444703cc5a957f479,Protetor Solar FPS 50,,beleza_saude,23,565,1,1029,20,15,17
2ebf71f199b0f3f3331af7d426ad714c,Tábua de Picar Bambu (3pç),,utilidades_domesticas,56,561,1,600,35,27,27
beaf3fee881a18c9b8f551d4fc88f90b,Protetor Solar FPS 50,,beleza_saude,53,763,1,875,22,15,12
9223a3da528213e384a176a70d92130a,Bola de Futebol Oficial,,esporte_lazer,51,759,6,900,55,20,22
b2ca2c6a893354e1429f316eb07cfcff,Cama Mesa Banho - 650g - 51x11x12cm,,cama_mesa_banho,40,529,3,650,51,11,12
25fed921a4e724b34b87435bac8cb845,Cama Mesa Banho - 500g - 25x2x20cm,,cama_mesa_banho,59,396,1,500,25,2,20
5194b6f4fa50ae9404bfd3e48ebe3911,Mouse Óptico USB,,informatica_acessorios,54,1368,4,1625,16,23,21
bea56a01c32ef9befa1a9914cca8fc1e,Lixeira Automática 5L,,utilidades_domesticas,31,259,1,450,19,12,12
0b9ee48363c794d37d5e9991d72f9b55,Fone de Ouvido Bluetooth 5.0,,eletronicos,46,339,2,150,18,15,16
04939dcb29e2a26106610d8e1ef03b98,Shampoo Anticaspa 300ml,,beleza_saude,34,1043,2,600,24,18,23
d08be8dd645faa82eff8d59fb8c23ffe,Carregador Veicular Bluetooth FM,,automotivo,57,234,1,5350,91,19,33
7f2e92915d542ef574c7327977959a14,Controle Sem Fio para PS5,,consoles_games,41,253,1,400,18,7,14
6ee95908a160b5c24eb2580cd4c3afb5,Trem Elétrico com Luzes e Som,,brinquedos,56,771,4,274,17,20,16
d8bbf40bf0360a6149a9ae34eb0ac7e1,Artigos De Natal - 600g - 16x20x11cm,,artigos_de_natal,44,253,1,600,16,20,11
1d4de03a6141ce2a2ae5a97f51cabb37,Cama Mesa Banho - 4kg - 40x15x23cm,,cama_mesa_banho,32,253,1,4050,40,15,23
cba1a3cf642112a308969fdb2c9f687d,Construcao Ferramentas Iluminacao - 600g - 21x30x21cm,,construcao_ferramentas_iluminacao,53,981,3,600,21,30,21
161465fcbd2f97c7bbb1d199c7402fcf,Lixeira Automática 12L,,utilidades_domesticas,59,1236,1,950,23,18,23
a45ce07b9fbd59f065c8fa0c0361506e,Aromatizante Automotivo Lavanda,,automotivo,54,530,1,2600,35,20,20
2eb3f7edda1f0799d78ffade55e64374,Shampoo Anticaspa 500ml,,beleza_saude,49,893,1,1400,90,27,20
17fe399dea1627d099a67438b3d562a7,Relógio Esportivo Resistente à Água,,relogios_presentes,45,723,3,300,16,2,11
4d37ead6e95bf651d4ab59453425e7fa,Aromatizante Automotivo Lavanda,,automotivo,56,651,5,7200,72,4,44
3d3c4219b64b1a968490e7bdfa43bf1f,Lixeira Automática 12L,,utilidades_domesticas,53,117,6,1950,40,16,16
6627f494b45486e462e2bb460fcb18e5,Produto - 445g - 17x12x29cm,,,,,,445,17,12,29
e6e91b452a22da63cc0e6fa8bd22c8bd,Marcador Permanente Preto (12un),,papelaria,58,298,5,5250,30,52,20
042426e17752f5d722a5b80940edc915,Cama Mesa Banho - 2kg - 40x6x30cm,,cama_mesa_banho,51,215,1,2400,40,6,30
1a2d84c11fbc7b3d7c0a10206c085ce5,Telefonia Fixa - 100g - 16x4x11cm,,telefonia_fixa,44,333,3,100,16,4,11
52a085323b6c368f0ab93e7540614992,Smartwatch Série 7,,eletronicos,59,444,1,150,21,7,14
c04ad94639d284d69b5ca0642a44f445,Aromatizante Automotivo Lavanda,,automotivo,32,347,1,11650,40,30,30
585e7f7e97e55cb9e74556236b43b0be,Tábua de Picar Bambu (3pç),,utilidades_domesticas,57,1016,4,445,23,12,14
f7436ea890d51031855ea79147b5aca9,Cine Foto - 100g - 16x15x11cm,,cine_foto,43,299,1,100,16,15,11
0661920a7a5f19746f501d1190888270,Gaveteiro 3 Gavetas,,moveis_escritorio,47,2164,1,15300,58,28,56
3fd97d8c7b16543086520039b5c7267a,Organizador de Gavetas 3 Níveis,,utilidades_domesticas,55,486,1,1800,22,63,22
4555f012f9764d3e5cedbe66cd24513b,Trem Elétrico com Luzes e Som,,brinquedos,49,194,2,1100,30,30,30
04af9f3af5c6afc4eece909c25330934,Relógio Casual Masculino,,relogios_presentes,51,475,6,200,16,2,20
9df852a6c839bc3202227666d70c7cae,Produto - 9kg - 49x32x35cm,,,,,,9150,49,32,35
f97f7f15dc57882fed36ae1dc9de8090,Protetor Solar FPS 50,,beleza_saude,45,568,1,150,16,7,15
e96867993d08fadbc6f828871885f897,Perfume Aventus 100ml,,perfumaria,40,280,1,408,20,14,17
708f6b02ad4aaa6535c5e040f13a9762,Andador Infantil Clássico,,bebes,39,235,2,9400,75,15,50
8feadd2febbe968ed4cd3cb73de662d2,Lixeira Automática 12L,,utilidades_domesticas,57,485,3,1500,30,12,30
2180541a551b218f67e8bd22614688d1,Organizador de Gavetas 3 Níveis,,utilidades_domesticas,40,144,1,300,22,10,11
46734f8521a7998c55748c1abbddeb12,Lixeira Automática 12L,,utilidades_domesticas,45,507,3,1200,32,40,28
15cf6e60f6f3fc09598470e5d9a6d13c,Berço Portátil Dobrável,,bebes,49,375,6,200,29,7,16
52f7bc73b7afc86c2b4a318c19671e2e,Prateleira Flutuante para Livros,,moveis_decoracao,59,668,1,8950,30,35,30
836c9611edefc9a7015fc464453ed246,Creme Dental Branqueador 120g,,beleza_saude,55,476,1,460,18,12,15
9393c06fcb6d7bc8e988eea2a0ecc64d,Lixeira Automática 12L,,utilidades_domesticas,50,492,2,1125,43,13,11
8bab563be2e3316280e3990af91da7b7,Webcam Full HD 1080p,,eletronicos,49,190,1,133,18,11,14
2f785af0f4f132585052347521b90b29,Shampoo Anticaspa 300ml,,beleza_saude,46,456,1,529,20,18,16
5612648da3c29f5f0236f13c99bed154,Suporte de Celular Articulado,,cool_stuff,60,813,3,800,16,7,12
0e1b67828c6d682c600b49872507d1ae,Camiseta Geek Estampada,,cool_stuff,60,899,3,1450,20,30,20
7a4d1de6e3f699b294708384fbd6f8c0,Carregador Rápido USB-C 20W,,telefonia,45,723,1,300,16,22,11
a0bb9dd32040e7069462944585f6cfd7,Luminária Pendente Vintage,,moveis_decoracao,58,275,1,1000,45,8,35
8febd25000a51cdc5957b40c1d1a78ca,Tábua de Picar Bambu (3pç),,utilidades_domesticas,35,181,1,2958,35,23,29
6568a6d396e5cc36e81d6e0dd74a26ae,Construcao Ferramentas Seguranca - 1kg - 20x20x20cm,,construcao_ferramentas_seguranca,55,330,1,1000,20,20,20
00f2fa1c4397392f20e5627e3220accd,Tábua de Picar Bambu (3pç),,utilidades_domesticas,54,691,3,7850,25,52,37
fcb7e7f24f5e50c7786b39f30d5ae704,Fralda Ecológica Tam G (50un),,bebes,57,802,2,2200,36,31,19
b9b5b714e7321b73a1fea73395873dbb,Prateleira Flutuante para Livros,,moveis_decoracao,33,575,1,6700,34,40,34
fdc86b2fc0a185e4044ef057bb75a977,Capa para iPhone 13,,telefonia,28,763,5,175,21,16,18
c8d911f37c7f9d03f1b86ba6e1258ae0,Pulverizador de Jardim 2L,,ferramentas_jardim,36,493,1,400,16,3,33
32d2e623efaedc3666528d8c0f629b31,Aromatizante Automotivo Baunilha,,automotivo,58,1632,3,600,16,21,18
4f56687034ae954bc6d4e464041b22e1,Cama Mesa Banho - 2kg - 34x8x32cm,,cama_mesa_banho,60,269,1,2150,34,8,32
681d59c14b2515dcc09149055ba5b0c8,Cama Mesa Banho - 500g - 25x37x36cm,,cama_mesa_banho,35,104,1,500,25,37,36
0becf258ac9a4ab1b6b3da6f0ad205fd,Cama Mesa Banho - 2kg - 16x10x16cm,,cama_mesa_banho,59,395,1,2000,16,10,16
87a9863375a0a462b168cb02bdad360c,Fralda Ecológica Tam G (50un),,bebes,58,1083,1,383,22,14,17
ffaf0af7eebb57c7f262b51ebb05dfd6,Shampoo Anticaspa 500ml,,beleza_saude,47,808,1,1255,18,17,16
725bad83e6417f76bbc94b94e2d45875,Fashion Bolsas E Acessorios - 100g - 16x3x12cm,,fashion_bolsas_e_acessorios,48,350,1,100,16,3,12
83305c6ed635e62d461539dae8a11487,Relógio Casual Masculino,,relogios_presentes,51,668,1,300,16,2,16
edfc544c4047e30a3bc73212e414330d,Espelho Decorativo Ovalado,,moveis_decoracao,56,2043,5,2900,69,11,11
bce004834359cc123bae0e39e86175d5,Cama Mesa Banho - 1kg - 28x10x20cm,,cama_mesa_banho,56,715,1,1100,28,10,20
426c58d69aa402e5397c4b6471420fbe,Furadeira de Impacto 500W,,construcao_ferramentas_construcao,54,2312,1,3550,16,105,11
18f0c077dff7331d813fd82f7dd05a6e,Kit de Poda (Tesoura + Serrote),,ferramentas_jardim,47,574,1,270,26,16,21
d0fe571ece70aecb0214567d9554486c,Raquete de Tênis Profissional,,esporte_lazer,41,229,2,2800,60,15,15
73c61364b22d14eac780a200b81d34c5,Carregador Rápido USB-C 20W,,telefonia,58,818,5,300,17,4,12
05de46958121361ff78e2a9812db6778,Batedeira Planetária 400W,,eletrodomesticos,58,644,1,300,35,46,35
4e546c5a63b11188196b092a6fda2b71,Furadeira de Impacto 500W,,construcao_ferramentas_construcao,55,162,3,250,16,12,13
67d2c4ee8fd08752a32aae5f878740aa,Capa para Samsung Galaxy S23,,telefonia,45,361,1,100,19,4,11
be359e4dfd741cfa415d9965fe0c417f,Ração Seca Cães Adultos 15kg,,pet_shop,55,348,1,13800,75,20,55
5e434712653feed8cd837cbd10ea9b18,Cortador de Grama Sem Fio,,ferramentas_jardim,63,1829,10,5800,54,36,15
e957227a3b92a22a167bac18fe6cc1a2,Balão de Voleibol Praia,,esporte_lazer,47,718,1,425,27,10,25
404a57563d487aecbc2b1a01d9b89aab,Cama Mesa Banho - 3kg - 45x15x35cm,,cama_mesa_banho,62,313,1,3500,45,15,35
a59fb60fddcc72a9878b7ed5cb69d8e4,Audio - 200g - 27x5x20cm,,audio,48,424,1,200,27,5,20
a253b2e86bb4a6f86fa11e1270e79885,Espelho Decorativo Ovalado,,moveis_decoracao,23,438,3,650,18,21,20
9f6b6b828b980352cbd59ff7a03a7277,Cama Mesa Banho - 675g - 35x20x35cm,,cama_mesa_banho,53,210,1,675,35,20,35
a5845d48b5db7a5f0b41b39e2db4d42e,Carregador Rápido USB-C 30W,,telefonia,52,397,3,200,19,4,20
887ce53cffeba9788502f60e33f1fcf3,Cama Mesa Banho - 750g - 35x8x30cm,,cama_mesa_banho,59,620,2,750,35,8,30
cb71b23bd70b9df12843e4dfb9ed09c1,Pendrive 32GB USB 3.0,,informatica_acessorios,32,1074,2,200,39,2,30
11e5548d5bc9bd5ef53d3574d9f1c0bb,Espelho Decorativo Ovalado,,moveis_decoracao,64,3322,1,1600,53,8,11
8fbbdc4c6ee2111df1505dd8ee715250,Bola de Futebol Oficial,,esporte_lazer,48,265,1,725,46,12,29
387db3d5d5b6b826e84c8bf648f371e5,Relógio Casual Feminino,,relogios_presentes,56,563,2,300,16,11,11
c76c1b0e1674ff2956b943232d0ae202,Lixeira Automática 12L,,utilidades_domesticas,60,3860,1,245,26,8,17
1f0c584db83694c3a4bf117c8829a87a,Fralda Ecológica Tam G (50un),,bebes,56,1317,3,950,42,25,15
7dcc6211778e584131cd6067555e8a5c,Relógio Casual Masculino,,relogios_presentes,60,1709,1,300,16,12,12
924526b79ddb063f802d7a11720d7b5e,Perfume Aventus 100ml,,perfumaria,55,838,1,200,21,16,17
5c464bee255064e53a68796590864694,Kit de Poda (Tesoura + Serrote),,ferramentas_jardim,53,566,1,800,22,5,14
c9676685ee3aec26dd274549d54b85f6,Shampoo Anticaspa 300ml,,beleza_saude,52,832,1,200,22,5,12
bdef40d64bf3de5f773c8f461b0bf167,Shampoo Anticaspa 500ml,,beleza_saude,41,1104,1,150,19,8,13
0453f63a85b66c3950381599dbbfb2ec,Raquete de Tênis Profissional,,esporte_lazer,47,1370,1,231,12,12,10
ba9fd74fe255c968969bb72ada6045ef,Jogo de Blocos 100pç,,brinquedos,56,316,3,600,35,10,20
a1e00885862cb54f09464fc31a58e0a2,Sanduicheira Elétrica Grill,,eletrodomesticos,44,78,1,200,20,13,15
14ff2fd93669cee55ac37385a7409d5d,Boneca Articulada 30cm,,brinquedos,41,960,3,200,20,25,25
3c14f8a3874197fe07fe94b4d5d9af86,Espelho Decorativo Ovalado,,moveis_decoracao,52,517,2,2850,35,30,35
502b4749fa10a4ce4438cd3cc7946308,Prateleira Flutuante para Livros,,moveis_decoracao,63,176,2,500,47,19,36
6dad2488df2de36fedd0b11be097c346,Berço Portátil Dobrável,,bebes,42,848,1,4727,56,59,31
0e9337d7797212cb7e691df437a5b207,Balão de Voleibol Praia,,esporte_lazer,40,754,1,3148,27,20,24
869c418f22e0c0ed9207ff691f279e46,Organizador de Gavetas 3 Níveis,,utilidades_domesticas,27,282,2,300,20,10,15
a64c80ae3742add8f6a968d49badf726,Limpa Para-brisas 1L,,automotivo,57,854,6,2050,20,20,20
c9e53dd69a11a579c7cf58da80dbe762,Creme Dental Branqueador 90g,,beleza_saude,42,647,1,2700,98,15,15
afdcd7fb20b2bb98322d2b1400c074cf,Smartwatch Série 7,,eletronicos,47,427,3,138,21,4,11
083b8b5ce2d02b7d5d4e1ceab8b7ed04,Construcao Ferramentas Jardim - 1kg - 24x29x22cm,,construcao_ferramentas_jardim,53,685,1,1075,24,29,22
ba6060edcfb9011f13da2fcdc78a01b8,Limpa Para-brisas 500ml,,automotivo,59,298,1,1700,30,14,30
9e809bfbd8f6387e9bfbccd76087c82e,Raquete de Tênis Júnior,,esporte_lazer,29,2084,1,100,16,10,16
9e0e152552a1323f7e5dcf63d50cdae3,Perfume Aventus 100ml,,perfumaria,48,969,3,400,20,11,11
e2c49770bf52260e9960ccefdd38e960,Creme Dental Branqueador 90g,,beleza_saude,45,1031,1,400,16,16,16
59891d75ce28f4e94a9d8ed9693c6554,Shampoo Anticaspa 300ml,,beleza_saude,29,1586,1,1450,30,30,30
9b372fe3f06df9d7b8f8c11e5403502f,Marcador Permanente Preto (5un),,papelaria,60,1076,4,7000,35,4,21
1f9c7cb810e038f7414d60d43bc97d18,Bola de Futebol Oficial,,esporte_lazer,31,211,1,850,51,16,20
5cb3d4a74d94e03c6b504197d6fb93b5,Creme Dental Branqueador 120g,,beleza_saude,53,1502,4,1250,18,21,27
a85a2e4685825ebc0cd51883eda05919,Gaveteiro 3 Gavetas,,moveis_escritorio,46,2206,1,16650,58,28,58
2aa489c905e1d41d8c716a6d6912d8c2,Perfume Aventus 50ml,,perfumaria,35,776,1,635,20,17,17
2d4b08af04c0467f37569071672ce199,Pendrive 32GB USB 3.0,,informatica_acessorios,46,1228,5,150,28,14,14
54df09a5996302d51d8c0d81cbcdce39,Eletroportateis - 6kg - 31x32x43cm,,eletroportateis,45,956,3,6950,31,32,43
8dc3328a29da1f07e005157e22233f7b,"Sifão de Pia 1.1/2""",,casa_construcao,45,638,4,550,17,27,17
87f6a4366535fdaa380ac373b83dc752,Perfume Aventus 100ml,,perfumaria,35,316,1,550,20,20,30
d0f72676f0ed67a7b87d62be93e614af,Caderno Universitário 200fls,,papelaria,26,70,1,1000,20,5,51
fd33cf682028dd12dea92f2ec002c6e7,Trem Elétrico com Luzes e Som,,brinquedos,47,602,1,675,20,16,16
18f97605e88c76affcbfa78ba4e52293,Andador Infantil Clássico,,bebes,58,164,1,1450,35,15,25
43a24e051b37c8e88accdfdeecddb71b,Teclado Mecânico RGB,,informatica_acessorios,33,253,1,1000,37,19,19
54150edcad1b68cda8c750475e0db3ad,Ámbar Noche Eau de Parfum,,perfumaria,39,419,1,100,16,6,11
5679959ac1f0086ba80e4c6cdae363a3,Luminária Pendente Vintage,,moveis_decoracao,63,181,2,5300,100,7,90
035df2b15f358d231e00af9e62488cf4,Colônia Esportiva 150ml,,perfumaria,51,607,1,783,17,15,14
cfde4e468a76bef8d06266c55455e4b9,Dvds Blu Ray - 225g - 25x13x16cm,,dvds_blu_ray,44,696,1,225,25,13,16
84fa04b89f708a4fdfa1d828a277a150,Fashion Bolsas E Acessorios - 300g - 21x9x13cm,,fashion_bolsas_e_acessorios,27,472,1,300,21,9,13
55ada64cb428e8beaaaa1d2aabd9144a,Eletrodomesticos 2 - 15kg - 34x34x56cm,,eletrodomesticos_2,59,507,1,15350,34,34,56
cb9a231b86e78edf9802645824e0b2c1,Luminária Pendente Moderna,,moveis_decoracao,51,333,4,900,30,20,30
db638cd0a90d624a723f17ff5c018f7b,Limpa Para-brisas 1L,,automotivo,58,651,5,4200,78,4,47
bb099f12bf2833153c9def3538cb52dc,"Mochila Executiva 17""",,malas_acessorios,49,411,3,10700,40,100,16
741a31499a578979be85db7f80139e62,Espelho Decorativo Ovalado,,moveis_decoracao,59,473,1,600,30,3,20
3b041207e72de52b24fc37d412d6f02a,Kit de Limpeza Multiuso (5pç),,utilidades_domesticas,59,788,1,5650,56,35,20
cb3ad2d2499eebaa7ccb4fd1e7db9bc7,Limpa Para-brisas 500ml,,automotivo,57,689,4,1450,30,30,30
6fdfdddfa3c98723386e5fab78e87be3,Fashion Bolsas E Acessorios - 700g - 20x10x20cm,,fashion_bolsas_e_acessorios,60,487,14,700,20,10,20
1a0ef485e35802dd1d23ab5446cac458,Cine Foto - 1kg - 47x19x19cm,,cine_foto,56,1451,1,1540,47,19,19
7e217d1e0e5a16ffc299f224d0a0e80b,Organizador de Gavetas 3 Níveis,,utilidades_domesticas,58,495,3,1350,30,14,28
643d903164c4b6ba8bd0b68348e9d135,Cortador de Grama Manual,,ferramentas_jardim,56,212,3,458,20,13,32
617b2c9690ee4be07358dea49773c281,Construcao Ferramentas Iluminacao - 1kg - 36x10x36cm,,construcao_ferramentas_iluminacao,38,308,1,1050,36,10,36
e7e460583f2b78939dee0f8cd9a619ed,Tábua de Picar Bambu (3pç),,utilidades_domesticas,59,586,6,12250,80,10,76
7c7ba34fc22db0ff31a7d075991eeade,Cama Mesa Banho - 950g - 35x7x24cm,,cama_mesa_banho,62,630,1,950,35,7,24
2152380ff2e0afbc8c1c5b7c72732c40,Prateleira Flutuante para Livros,,moveis_decoracao,57,216,1,1300,40,6,32
a4f599bc20c26f1845518f370c437896,Kit de Poda (Tesoura + Serrote),,ferramentas_jardim,39,524,2,500,32,4,12
91cc456718659c7d18785370cb68e64a,Limpa Para-brisas 500ml,,automotivo,56,1803,4,800,66,10,11
8d219c7aa1a8032569bbd8c4ad515daa,Raquete de Tênis Profissional,,esporte_lazer,52,914,2,4350,20,20,20
8047a9de3dd280cc068a2cba4586b91f,Kit de Limpeza Multiuso (5pç),,utilidades_domesticas,47,630,3,1100,22,30,22
a779a9eec979527333131437db0882b1,Aromatizante Automotivo Baunilha,,automotivo,56,855,5,1950,30,25,30
a292d92a81d07fd02745d5fb6542e14a,Relógio Casual Masculino,,relogios_presentes,48,488,1,200,16,11,20
c072bf60b6a78f20474b0ca5080736b7,Teclado Mecânico RGB,,informatica_acessorios,55,635,1,103,16,10,11
24c738bedb5c15ea352ad1a278f95327,Cama Mesa Banho - 1kg - 19x17x23cm,,cama_mesa_banho,57,675,1,1350,19,17,23
d3a745c19c13090b4114427d782f6c52,Perfume Aventus 100ml,,perfumaria,58,912,1,400,18,8,16
e91bea61ea0d665e4c445d6461586e13,Teclado Multimídia ABNT2,,informatica_acessorios,60,540,1,3400,21,17,15
066cc58255ee9ccb3e6da9d3edd02a7e,Luminária Pendente Moderna,,moveis_decoracao,24,234,1,850,16,14,15
8b18b26ce90f9f0e4c9ae339e532f325,Bola de Futebol Oficial,,esporte_lazer,55,1524,1,2175,30,27,23
9a20e324f5e442222a85d335f77b39c3,Limpa Para-brisas 500ml,,automotivo,50,625,3,550,33,27,26
24afa01830cde8d96507ed5a376e0b84,Bola de Futebol Oficial,,esporte_lazer,56,627,4,600,16,10,15
2a519472f15e92b4cbc8799faa5f491e,Livro Sapiens: Uma Breve História da Humanidade,,livros_interesse_geral,53,2315,3,1350,22,30,16
c55c10c2e37e534c37d1e6694612664c,Fashion Bolsas E Acessorios - 550g - 43x16x27cm,,fashion_bolsas_e_acessorios,54,356,3,550,43,16,27
f9bcf9d8e89d012d7dc24fe4de0abd80,Teclado Mecânico RGB,,informatica_acessorios,36,398,1,900,28,18,14
b6a87bcded824fcc11c6bb01bbf9721d,"Sifão de Pia 1.1/2""",,casa_construcao,57,821,3,21300,20,20,20
d1db93ee359151f621a234e05eca4ac9,Prateleira Flutuante para Livros,,moveis_decoracao,63,461,2,800,80,10,60
26dd6551144fb768dbb16383acacf3b6,Perfume Aventus 100ml,,perfumaria,39,82,1,150,16,2,11
d9894482fba41f536a273ba2276d951f,Market Place - 600g - 20x14x20cm,,market_place,62,310,2,600,20,14,20
fd0cabf47b122be0cbaaac86fc34b4a8,Cama Mesa Banho - 1kg - 60x20x60cm,,cama_mesa_banho,57,492,1,1200,60,20,60
cd38d11012543d1a98cc357a3bbbb1cb,Cama Mesa Banho - 1kg - 25x25x25cm,,cama_mesa_banho,57,507,1,1900,25,25,25
94e7891ebd952f90c83f1f27a38dec56,Capa para iPhone 13,,telefonia,59,1311,2,50,18,6,11
54151de8a5ccf2dc3058b447e1f582f3,Prateleira Flutuante para Sala,,moveis_decoracao,54,718,1,300,16,16,16
37318ccebb2ced72bd1b548b55ab4e31,Construcao Ferramentas Jardim - 200g - 16x3x12cm,,construcao_ferramentas_jardim,55,2039,6,200,16,3,12
1b73aaabcddf5be28fba09916e1ed907,Cama Mesa Banho - 500g - 20x2x15cm,,cama_mesa_banho,59,81,1,500,20,2,15
629576b997e202bfb375fc3538a1c838,Shampoo Anticaspa 500ml,,beleza_saude,54,314,1,1400,19,28,17
ef89d382c9cfdda69f4da6f5873c5eb1,Organizador de Gavetas 3 Níveis,,utilidades_domesticas,55,65,2,850,36,20,11
491cc3d85596f60cdc9fac9d202c9fb8,Cama Mesa Banho - 900g - 50x7x38cm,,cama_mesa_banho,58,626,2,900,50,7,38
8092fb20e422a961ea52cd441b5a4244,Teclado Mecânico RGB,,informatica_acessorios,28,736,1,856,25,16,18
70d17ed46123e5b68dff23e113415d5a,Boneca Articulada 30cm,,brinquedos,57,70,4,900,39,30,29
75d3880783e696c130527f026ee302d4,Bola de Futebol Oficial,,esporte_lazer,41,243,1,400,44,13,44
232906919fb046e3d050f8dd336b2634,Livro Mindset: A Nova Psicologia do Sucesso,,livros_interesse_geral,34,318,1,250,29,8,23
092eff69a9499b052a2258f502ea0775,Prateleira Flutuante para Livros,,moveis_decoracao,52,485,2,500,35,8,35
74ba0cd1f694e0751c7240443e5a038b,Produto - 1kg - 32x3x23cm,,,,,,1000,32,3,23
ec6bda3514b2616da08c5139893b14d2,Espelho Decorativo Ovalado,,moveis_decoracao,23,468,2,800,16,5,16
0eb3578b042833dd447798eeaffa44e8,Fashion Bolsas E Acessorios - 200g - 16x10x11cm,,fashion_bolsas_e_acessorios,53,277,4,200,16,10,11
2f1ae77f6516da678d91c8a80b90bc20,Jogo de Blocos 100pç,,brinquedos,58,533,3,742,37,32,29
8d53c5e807e69f0b0914fd52d5b0501f,Berço Portátil Dobrável,,bebes,45,406,4,9950,77,18,43
7af6ddb00aacf6c4c8ae69fadb858b80,Perfume Aventus 100ml,,perfumaria,41,688,1,600,17,19,15
0d22e0d0bfa33bac40ccd83ae1c0649d,Creme Dental Branqueador 90g,,beleza_saude,35,355,1,300,18,11,18
0b01a9718a61dbdd35cfec9ad13a0301,Construcao Ferramentas Jardim - 2kg - 16x16x16cm,,construcao_ferramentas_jardim,57,815,1,2200,16,16,16
18297d6ba9247aa8fb22c28df54bbcd4,Boneca Articulada 30cm,,brinquedos,58,622,2,700,40,20,30
f2af004352a06a99dca765596240cbc3,Protetor Solar FPS 50,,beleza_saude,61,1054,4,100,29,5,15
714e305d7c565927c0ede7012c1c5c7c,Kit de Poda (Tesoura + Serrote),,ferramentas_jardim,43,478,1,17533,58,58,59
c41eca01a8bceb6c987b2a935a5ad1cb,Cama Mesa Banho - 1kg - 40x20x20cm,,cama_mesa_banho,53,253,1,1550,40,20,20
2b9b580cdc992e165ca0336a078d695f,Kit de Poda (Tesoura + Serrote),,ferramentas_jardim,48,388,1,15200,23,102,32
409ad0594dd6af287d870a566756dc10,Sanduicheira Elétrica Grill,,eletrodomesticos,58,1005,3,200,30,10,15
f6fe7aa38a197e6e9c4f000f1d44b24e,Limpa Para-brisas 1L,,automotivo,49,386,1,10400,40,30,40
36ea81e90d1292dcdc3ad8abb09c20fe,Andador Infantil Clássico,,bebes,59,921,4,350,42,27,42
426844dd9ed9ae105a5d4b3f1e18becc,Kit de Poda (Tesoura + Serrote),,ferramentas_jardim,47,590,4,133,18,8,12
424f4447cd353ab72ef3675274617751,Telefonia Fixa - 100g - 19x3x11cm,,telefonia_fixa,20,287,3,100,19,3,11
fb89f7ed5be9848869c6b3688f96d982,Protetor Solar FPS 50,,beleza_saude,37,974,1,400,16,16,16
1501b0033c68a37fa9560033a440e529,Eletroportateis - 410g - 24x22x17cm,,eletroportateis,58,1160,6,410,24,22,17
de607575b49bac3e75ff4e11bd3d3c11,Bota Social Masculina 41,,fashion_calcados,34,240,12,200,29,7,16
40002041835941ae0e10b9716ab7b03d,Fone de Ouvido Bluetooth 5.0,,eletronicos,54,1497,7,700,22,6,11
73caf722f1a3ff0dddd0b0aa162da0f9,Cama Mesa Banho - 1kg - 41x18x37cm,,cama_mesa_banho,45,283,1,1164,41,18,37
6502573d0b5c3aa798a3131984966b52,Jogo de Blocos 200pç,,brinquedos,30,621,2,400,23,8,50
9cb3c4a5a0a1c8536b2651af5f73e403,Cama Mesa Banho - 700g - 20x2x15cm,,cama_mesa_banho,59,81,1,700,20,2,15
d25bbb182b51d1594fe3b54a27ae143e,Cama Mesa Banho - 1kg - 58x15x46cm,,cama_mesa_banho,34,308,1,1900,58,15,46
b126c36658d4d8ae320a4ad38531cbaf,Lixeira Automática 12L,,utilidades_domesticas,25,388,2,500,23,23,23
8415b1dae10d2dcb36beec370c6a90cd,Lixeira Automática 5L,,utilidades_domesticas,59,322,5,600,24,5,18
aa15d9042b3749f119a734d7df2b68bc,Sanduicheira Elétrica Grill,,eletrodomesticos,60,143,2,150,17,7,13
3a8320b027e8c8359d0a326844bc03e1,Fashion Bolsas E Acessorios - 2kg - 30x10x20cm,,fashion_bolsas_e_acessorios,33,269,2,2000,30,10,20
af739e00ca90db9e164a8ee27237445a,Raquete de Tênis Profissional,,esporte_lazer,31,486,1,500,25,15,11
00df6fc5f33cc3f7ceec4ec6337d9cd7,Relógio Casual Feminino,,relogios_presentes,51,314,3,500,20,15,17
3a9fd03ce8ae5650c7a83cf3b481ba8f,Prateleira Flutuante para Sala,,moveis_decoracao,40,117,7,3200,20,30,30
2b921487aa886033e98b636be91f01bb,Controle com Fio para Xbox Series X,,consoles_games,40,786,1,200,20,3,18
da596542f9179c1021970d21d9b53b76,Cama Mesa Banho - 750g - 36x4x29cm,,cama_mesa_banho,40,324,1,750,36,4,29
4d6214838983b6f8ef242a0326712460,Marcador Permanente Preto (12un),,papelaria,52,39,1,300,16,5,16
20a64c9ab614812a2634ebbd69bb4a02,Caneta 3D Iniciante,,cool_stuff,50,1490,3,550,100,6,50
a37d9bc434c151e3a32418b241a13bf0,Perfume Aventus 100ml,,perfumaria,56,505,3,400,20,6,20
18952a79fa194b9ebff6e058236bc57f,Aromatizante Automotivo Lavanda,,automotivo,54,785,4,3950,65,15,15
eae99ba0d11a9e56ddc878519bdb33b1,Raquete de Tênis Júnior,,esporte_lazer,39,716,2,1280,29,24,22
60b8232efc6b30822171dff08d6c439f,Limpa Para-brisas 500ml,,automotivo,60,762,2,2133,17,15,17
db62a9ee3303c7cbc05a3990eb359ed5,Umidificador de Ar 2L,,climatizacao,55,1139,4,4853,37,53,39
f4c3e41f8c0ac64d1be09e1b92327ac0,Chave de Fenda 6x100mm,,construcao_ferramentas_construcao,59,339,1,8525,29,9,29
17b9f231d057710012fe28e5a1ac5186,Produto - 10kg - 40x40x30cm,,,,,,10600,40,40,30
cbdcb07438032e11d74bbb913fbcd8a0,Caixa de Som Portátil 10W,,eletronicos,46,1047,2,700,21,8,18
326a0f5cd9ba675a997b260b0a0c5b6a,Prateleira Flutuante para Sala,,moveis_decoracao,63,1774,10,6900,19,69,38
def347b50c7dcc58410c7d66d14b87b4,Boneca Articulada 30cm,,brinquedos,36,518,1,517,22,20,21
ab1f9387c0627dd24000bfbc54fdeee0,Fone de Ouvido Bluetooth 5.0,,eletronicos,45,456,1,175,22,11,16
9b6459fd1853c7e4422ff0bdd8184cb3,Produto - 2kg - 80x60x11cm,,,,,,2000,80,60,11
a87972100f1fa4091a86d6801620656d,Jogo de Blocos 100pç,,brinquedos,16,373,1,300,21,11,21
5aadb280135a6132d14d3d93b5724b69,Tábua de Picar Bambu (3pç),,utilidades_domesticas,59,1786,1,17900,35,2,35
1c1baeabe25824c8c22b511643852906,Shampoo Anticaspa 500ml,,beleza_saude,52,577,1,457,19,12,16
46255a421f244cd985f138a63d77d09c,Produto - 15kg - 51x50x36cm,,,,,,15500,51,50,36
d315b738a6e96f4d9710af966cb7cd5b,Lixeira Automática 5L,,utilidades_domesticas,58,331,4,300,16,5,12
3bae6cd6874475c1ebf2c5dbca8493fa,Raquete de Tênis Júnior,,esporte_lazer,46,735,1,175,22,7,14
516ccdc0667fe7e260156d1998ef9546,Cadeira Presidente Ergonômica,,moveis_escritorio,37,1069,1,7563,58,65,30
c9b6f0f5e861adc800edb233fc1da1c4,Espelho Decorativo Ovalado,,moveis_decoracao,59,1977,3,1450,69,11,11
a634f634b444139884120ac4915d134d,Pendrive 32GB USB 3.0,,informatica_acessorios,54,347,2,125,19,16,16
95203adc728bc74fbd99afc9e303db9f,Teclado Mecânico RGB,,informatica_acessorios,55,726,2,300,16,8,16
2e8fa5067f8b1912bd84598e3bb668a0,Mouse Gamer 16000 DPI,,consoles_games,27,830,1,1000,20,30,20
157c0b6a86cb5823d6d2dd1fa8c5d450,Pulverizador de Jardim 2L,,ferramentas_jardim,41,561,1,1450,24,21,16
d3c044bd42d84a79e3b0c42662806a48,Bola de Futebol Oficial (Edição Especial),,esporte_lazer,32,3831,1,150,16,16,11
4979ccb21aa205c914d9a092cf869e83,Prateleira Flutuante para Sala,,moveis_decoracao,48,669,2,14800,80,10,50
ae17f8265a23421715164ab420b62b36,Tábua de Picar Bambu (3pç),,utilidades_domesticas,43,595,1,1050,30,30,30
6ee1607bacba780139e7f7fcd316c1d0,Kit de Limpeza Multiuso (5pç),,utilidades_domesticas,51,127,3,2100,43,30,11
4a8388d725082add032c3a248d515142,Balão de Voleibol Praia,,esporte_lazer,19,423,2,450,32,8,24
cb8cd725d42cb2362a6069f76e50aac6,Cama Mesa Banho - 6kg - 55x25x35cm,,cama_mesa_banho,60,270,1,6600,55,25,35
0e14941c183946f60e3b86585d05f984,Organizador de Gavetas 3 Níveis,,utilidades_domesticas,36,339,2,400,25,10,36
f58e45b16a42a325c144eb2c46a2bc57,Produto - 6kg - 28x34x40cm,,,,,,6250,28,34,40
902ef94ec6b84c1abdc30ac2877a0e95,Kit de Poda (Tesoura + Serrote),,ferramentas_jardim,60,1015,1,1200,27,10,14
0708f901aa249af77d79c3d14328b3fd,Espelho Decorativo Ovalado,,moveis_decoracao,53,676,4,15800,50,40,50
02f3b0fb0ec2472bd4b9058a860ce6e3,Andador Infantil Musical,,bebes,36,474,1,12050,35,60,25
b4ac82f28d4cd68c12ce7934bebac9c5,Mouse Sem Fio 2.4GHz,,informatica_acessorios,48,411,1,400,25,12,20
ef1cd7db4d53e9ab7517ec9d4aecfa03,Bola de Futebol Oficial (Edição Especial),,esporte_lazer,45,211,1,150,16,16,11
71225f49be70df4297892f6a5fa62171,Produto - 200g - 16x2x11cm,,,,,,200,16,2,11
620af218f5c91a81482e4555864aa4db,Luminária Pendente Vintage,,moveis_decoracao,60,3160,3,9850,58,9,27
f6c3624f0bad00eefa032e306776a77b,Tênis Esportivo Feminino 35,,fashion_calcados,51,1436,1,300,16,16,16
65e1b99d6a0daa104350e07aa3693ef1,Cama Mesa Banho - 1kg - 30x15x20cm,,cama_mesa_banho,55,397,1,1500,30,15,20
d17a8ef6d4228318ca645116dd6bea23,Carregador Portátil 10000mAh,,eletronicos,43,287,1,350,19,9,17
51c3bce480bc653e51d768e09253d6dd,Limpa Para-brisas 500ml,,automotivo,52,85,1,250,25,7,20
d26fcc1c248f5f9f8340e6061bf1f2b5,Teclado Musical 49 Teclas,,instrumentos_musicais,63,999,10,1400,55,18,45
f31bea9613b455322a1dd6c1de66227d,Artigos De Natal - 200g - 16x8x11cm,,artigos_de_natal,44,247,1,200,16,8,11
5bc5b37461d0d4ee9b6e9507b01fc1d7,Cama Mesa Banho - 250g - 16x22x11cm,,cama_mesa_banho,60,1617,4,250,16,22,11
e8bf29c4bfb2d46faeba76ed3db7f44f,Eletroportateis - 9kg - 33x29x41cm,,eletroportateis,56,1099,3,9300,33,29,41
d65b6607952f9e0d705b1cbdc92ac027,Caneca Criativa 350ml,,cool_stuff,57,768,4,500,27,10,15
07f2e8872fd2d0e17780989da6c06362,"Mochila Executiva 17""",,malas_acessorios,43,727,1,800,19,49,34
b4c0a557e24a783073ea34fdabe4663c,Fralda Ecológica Tam M (50un),,bebes,52,738,1,950,50,19,45
d368d485a71290394dddb034555b8eff,Fashion Bolsas E Acessorios - 675g - 47x11x35cm,,fashion_bolsas_e_acessorios,55,634,4,675,47,11,35
4f9d35e798dff81bc71b11b28d9adf7a,Tábua de Picar Bambu (3pç),,utilidades_domesticas,37,2475,6,1100,20,26,20
67638c5b9e1d3f0f3c76cd4147eeac2f,Trem Elétrico com Luzes e Som,,brinquedos,40,1156,1,310,17,14,12
2c42bf0cba650bd08bfeac2412b06ef6,Cama Mesa Banho - 800g - 40x7x34cm,,cama_mesa_banho,60,340,1,800,40,7,34
e9775f87bb8e7d4b82128c9adda40669,Marcador Permanente Preto (12un),,papelaria,57,722,3,200,16,10,27
6a4afe6c644493c0a79d2c54c8149938,Prateleira Flutuante para Sala,,moveis_decoracao,55,130,1,1900,40,10,35
3c5229dee6997f28485a65cbabceacb8,Kit de Limpeza Multiuso (5pç),,utilidades_domesticas,58,535,5,600,30,11,20
b73a2c0ec9eb8d2badfbc9d8d27f3ad6,Brinquedo Mordedor para Cães,,pet_shop,53,627,1,18050,70,40,37
66e2abb080c6383458347f1e6d47ed4a,Livro O Homem Mais Rico da Babilônia,,livros_interesse_geral,58,1288,2,1300,18,25,11
1097d069f21f90425a11bb3293ca1d87,Luminária Pendente Vintage,,moveis_decoracao,63,682,8,1700,43,36,25
b75bc6d95abd11862892008658b17f49,Lixeira Automática 5L,,utilidades_domesticas,61,881,4,6800,40,40,40
142b4f0578f914f7b4ab677472850965,Berço Portátil Dobrável,,bebes,13,850,1,450,60,3,24
c66473cee835e09bdd0edc66f628af7c,Webcam Full HD 1080p,,eletronicos,48,118,1,100,24,8,18
e43311c5b307c31b994c47588c59b168,Prateleira Flutuante para Livros,,moveis_decoracao,50,500,1,300,25,2,17
c6ac3472e33913332e3f394ed2ebec24,Boneca Articulada 30cm,,brinquedos,45,308,7,750,21,18,21
632fe3d92c45b5c83f4102fadd94ee92,Industria Comercio E Negocios - 6kg - 16x104x35cm,,industria_comercio_e_negocios,52,1561,2,6950,16,104,35
dab1750d4e397e53ddd0f128982de661,Aromatizante Automotivo Baunilha,,automotivo,56,703,6,6300,47,19,23
0cc8792aea4a5586398479689a6daf63,Sanduicheira Elétrica Grill,,eletrodomesticos,56,101,1,150,18,8,13
71a62950e363cbba0816448a733a58e0,Fralda Ecológica Tam M (50un),,bebes,38,1531,2,750,30,40,50
eac9f4e3a6148ef63f16aaec0cd9731f,Cama Mesa Banho - 700g - 16x22x20cm,,cama_mesa_banho,43,502,1,700,16,22,20
3c0b8519a8235ff19814687b02957b77,Prateleira Flutuante para Sala,,moveis_decoracao,48,1470,3,200,35,2,25
00e040fed5fb843e28740181ddca3521,Capa para iPhone 13,,telefonia,58,477,3,400,17,4,12
136da55add0b0a3c8c5404913a225e47,Organizador de Gavetas 3 Níveis,,utilidades_domesticas,49,370,2,300,16,10,12
30ed98dda461030e31c6751bafe78746,Aromatizante Automotivo Baunilha,,automotivo,46,47,1,1100,49,46,46
b216627ec2c376d682722970832aa2c1,Cama Mesa Banho - 700g - 16x10x16cm,,cama_mesa_banho,51,446,1,700,16,10,16
4fa7e168d8cf9a9cb233e7a0d2821e94,Fashion Bolsas E Acessorios - 100g - 16x5x16cm,,fashion_bolsas_e_acessorios,53,830,1,100,16,5,16
43a39180da2ed07ba59252d23cf029e7,Tábua de Picar Bambu (3pç),,utilidades_domesticas,59,230,2,600,16,20,20
2c28d5cc196e413502b3f8a4ed9aedc9,Colônia Esportiva 150ml,,perfumaria,46,859,2,450,26,12,18
d13014be74a15d878b1b681b779f3215,Jogo de Blocos 100pç,,brinquedos,47,746,3,500,24,11,16
107bf5aa8cee35a9fec5e0bf1fd5e1cd,Sinalizacao E Seguranca - 150g - 31x12x21cm,,sinalizacao_e_seguranca,15,224,1,150,31,12,21
d06466afa11453b6450b70992c90ece7,Shampoo Anticaspa 500ml,,beleza_saude,57,821,1,550,20,12,12
0ddf5b8a3a2a417e9ec403ddd8a59446,Arranhador para Gatos 60cm,,pet_shop,52,348,5,250,18,9,14
a3c485c1ba93a314a9606492aeb0072c,Ventilador de Mesa 40cm,,climatizacao,39,401,1,5075,51,43,46
550299c725cac9511da2b6f40543270c,Cama Mesa Banho - 200g - 21x10x14cm,,cama_mesa_banho,54,609,1,200,21,10,14
b85e7700530804e8e2043604b9b1a6bf,Perfume Aventus 100ml,,perfumaria,49,481,1,175,16,16,11
6269367991dd832f09999605131f2c54,Aromatizante Automotivo Baunilha,,automotivo,52,828,1,400,30,30,30
b046862b2553fe4962392cdc93a2ae93,Necessaire Viagem 5 Compartimentos,,malas_acessorios,47,1479,1,850,25,50,30
3d3dd9f435c6795eb6ff0be50b45041f,Caderno Universitário 100fls,,papelaria,44,373,3,3167,50,21,37
3fa43718c1d128c8d2f148530e9493f5,Kit de Poda (Tesoura + Serrote),,ferramentas_jardim,29,1038,5,16300,100,25,30
58c91c9e1ddc24815b7c15ac4e8fee5e,Portateis Casa Forno E Cafe - 150g - 27x13x17cm,,portateis_casa_forno_e_cafe,53,97,1,150,27,13,17
3ec2984cb2de1675a0306bfc60dbe5a5,Cama Mesa Banho - 1kg - 39x12x33cm,,cama_mesa_banho,56,458,1,1860,39,12,33
50b3e51a19f3784534cbaf9c275dfea5,Carregador Rápido USB-C 20W,,telefonia,36,218,1,100,20,5,12
173c08b531cec70292992396ced22e7d,Luminária Pendente Vintage,,moveis_decoracao,26,375,1,1600,35,8,35
8ac24e23a102245823e640f485846289,Webcam Full HD 1080p,,eletronicos,32,598,5,525,20,15,25
33ba4b29d820b397054cc97e892ab1bc,Limpa Para-brisas 1L,,automotivo,57,955,2,300,17,10,15
d824970b558d811cdcd98a4830cf1478,Relógio Esportivo Resistente à Água,,relogios_presentes,57,673,1,500,16,11,20
844f0dc5dc6484304c769ce90e7a2c48,Fashion Underwear E Moda Praia - 700g - 20x10x15cm,,fashion_underwear_e_moda_praia,63,3853,12,700,20,10,15
8762b647d716b99b09ee045657f9d383,"Mochila Executiva 17""",,malas_acessorios,31,851,3,600,16,30,20
927ab43b52f8e2af38e2ab92fdd25637,Aromatizante Automotivo Baunilha,,automotivo,57,1671,1,730,25,12,18
817880704f1fcf911b4342385f701fc1,Shampoo Anticaspa 500ml,,beleza_saude,53,1828,2,650,28,11,15
5858f45c20fde7d7e49af37a2166635a,Protetor Solar FPS 50,,beleza_saude,38,1665,1,2300,17,9,32
fef20920e4ff569015ea64270cd3c741,Pulverizador de Jardim 2L,,ferramentas_jardim,42,207,1,1200,40,30,20
cce55549bb816a12eba7ddfd637a961d,Relógio Casual Masculino,,relogios_presentes,53,356,4,300,16,2,11
9bf49e13f79afe62919c79d125d81cf8,Cortador de Grama Sem Fio,,ferramentas_jardim,47,417,4,1150,22,21,16
aa280035c50ba62c746480a59045eec4,Trem Elétrico com Trilhos,,brinquedos,56,678,3,200,16,8,11
062c203528884afcf5ab3bcd04593f51,Luminária Pendente Moderna,,moveis_decoracao,43,140,1,1500,25,20,35
df872c596e00cd0160e6c8eb5424739f,Moveis Cozinha Area De Servico Jantar E Jardim - 30kg - 31x96x73cm,,moveis_cozinha_area_de_servico_jantar_e_jardim,39,266,1,30000,31,96,73
5174f9e08f01fe6b72a7eca26d562a05,Cama Mesa Banho - 2kg - 25x25x25cm,,cama_mesa_banho,57,558,1,2250,25,25,25
2d12dfe2cf5a6677b26067f2ddb55844,Trem Elétrico com Luzes e Som,,brinquedos,41,998,3,1350,22,20,34
20f160a9cf2e856ee5eba259e9ae33f9,Colônia Esportiva 150ml,,perfumaria,56,1224,3,556,21,16,16
3fd19f24609ba67a95e7a88f1b0e8e7d,Prateleira Flutuante para Livros,,moveis_decoracao,23,910,2,1700,20,45,15
8c5bf458020588e0dfeda011254eadbe,Livro O Investidor Inteligente,,livros_interesse_geral,49,468,1,450,26,4,26
89db899bdb35ae40d0901e38f21d2ede,Limpa Para-brisas 500ml,,automotivo,46,458,1,2200,16,2,11
a8a9e4c2fe6117daf517ed312d95e8dc,Luminária Pendente Vintage,,moveis_decoracao,59,1953,1,700,69,11,11
9bb2d066e4b33b624cbdfec7d50b3dcb,Coleira Antipulgas 8 Meses,,pet_shop,53,1494,2,900,26,19,23
f418649d11303fb6fcde71c9133f2ecc,Lixeira Automática 12L,,utilidades_domesticas,57,394,1,1400,30,30,30
f1a48f0ff1d54ce67d50bebc7e47ca96,Eletroportateis - 800g - 50x10x18cm,,eletroportateis,41,702,1,800,50,10,18
9d1dc59b23fe43e3808d874e78a5cfee,Caderno Universitário 100fls,,papelaria,55,300,3,1800,60,20,29
3c28d10ea65fbafd9792027334cf4544,Luminária Pendente Moderna,,moveis_decoracao,57,1586,6,228,17,12,15
0254806b6c237bd1f21cae60ea8d1533,Espelho Decorativo Ovalado,,moveis_decoracao,45,1064,1,7183,56,56,18
62fde58e97724f8b7519f3789eefa33f,Produto - 600g - 35x35x15cm,,,,,,600,35,35,15
5026f48060b51abce464cb03e1d92847,Audio - 450g - 20x9x15cm,,audio,58,1278,5,450,20,9,15
b616783675f9399f98376a7a1cf2d0bf,Organizador de Gavetas 3 Níveis,,utilidades_domesticas,49,964,1,1300,16,30,12
62fbbb0a6ac63ddc705968f95f5fb788,Ar Condicionado Portátil 12000 BTUs,,climatizacao,57,1351,5,5800,55,16,26
e666620bf34e8a108d43851b6b7543fb,Eletroportateis - 2kg - 45x30x30cm,,eletroportateis,49,663,1,2300,45,30,30
64b4f32393cbf55be791078e7a2adca0,Relógio Esportivo Resistente à Água,,relogios_presentes,56,817,1,50,16,8,16
70cbbf603be04fd0947d83608b9a2266,Carregador Rápido USB-C 20W,,telefonia,51,675,4,314,20,9,14
a0c8114ed9f3ecd1a0394e3987b87613,Luminária LED Multicolorida,,cool_stuff,51,729,2,8100,45,24,39
e78bb4f98fc44ff2b94558e4358ce6b4,Jogo de Blocos 200pç,,brinquedos,41,220,1,600,45,15,35
c656d2d3950c3165ec6574f3f6b9353e,Jogo de Blocos 100pç,,brinquedos,51,462,3,1500,16,26,36
846da0169591ba9433fe3a6ba6ba0373,Lixeira Automática 5L,,utilidades_domesticas,51,482,3,617,40,13,25
af1adc5466b28e90f0878a07ef26d3e3,Shampoo Anticaspa 300ml,,beleza_saude,32,569,2,700,16,16,16
cb3837fe99e4b92c4082faf8fb6f75ba,Controle Sem Fio para PS5,,consoles_games,60,1302,4,367,16,16,16
fc4e529d4121c3f5ced63c2ad05fb2d2,Relógio Casual Masculino,,relogios_presentes,57,706,1,400,21,14,14
380aa1e702b7e85375d3d81d893acf73,Luminária Pendente Moderna,,moveis_decoracao,24,709,4,550,22,15,11
418aafa8794c4c22bacfa453f98bbf26,Protetor Solar FPS 50,,beleza_saude,52,353,1,600,17,18,17
f3a1a865ba61412ac17ab53f1a9c0082,Carregador Rápido USB-C 20W,,telefonia,57,823,2,50,16,22,11
48cfb3a131e13b40d85ba31ca531c3b1,Industria Comercio E Negocios - 2kg - 70x8x17cm,,industria_comercio_e_negocios,53,407,1,2850,70,8,17
e55ed19897a6692649240b894020d683,Cortador de Grama Sem Fio,,ferramentas_jardim,50,187,1,8250,24,102,30
e3372817fa5d5e8a0ce5db0fa237a3ad,Película de Vidro Temperado Universal,,telefonia,48,1047,4,100,20,20,20
61107c91091400f4c4523ed7b461a20e,Kit de Limpeza Multiuso (5pç),,utilidades_domesticas,59,2180,3,12150,63,37,29
057df564fda79ad8fa5e1928dfbe3e8c,Suporte de Celular Articulado,,cool_stuff,47,867,1,300,25,10,20
6841fe26a65cdc7dad114a453ce638b3,Coleira Antipulgas 8 Meses,,pet_shop,52,423,2,150,27,9,26
dd3575a8c5e2139f680a9816a15c8f2a,Mouse Gamer 16000 DPI,,consoles_games,38,919,3,700,19,6,15
b7a58cab4a8f4016e27298891cbf47e6,Bola de Futebol Oficial,,esporte_lazer,33,751,1,200,16,17,22
3a12fe499b9342f78cb827ee18393e7f,Cama Mesa Banho - 1kg - 25x10x25cm,,cama_mesa_banho,54,739,1,1050,25,10,25
8b1b115b8dc96bdfa740d4267019a201,Película de Vidro Temperado Universal,,telefonia,56,451,1,133,18,4,11
303b5f49ba6dd3d1d40aa3fe9b4f0bf9,Película de Vidro Temperado Universal,,telefonia,43,398,4,150,19,3,11
3327aad61d86158ed8bfd97388e37376,Kit de Limpeza Multiuso (5pç),,utilidades_domesticas,54,476,1,775,23,12,23
cb9d0035d58326e67764402c4379385d,Jogo de Blocos 200pç,,brinquedos,54,641,4,2050,33,29,37
6ddb759e33850bceb1b22a91e79fa995,Eletroportateis - 2kg - 32x21x24cm,,eletroportateis,38,184,4,2400,32,21,24
f017f439ad87e9501378bd226f2ce26e,Fashion Bolsas E Acessorios - 600g - 16x11x11cm,,fashion_bolsas_e_acessorios,39,386,3,600,16,11,11
164c46357539e20cff56925225cf924c,Balão de Voleibol Praia,,esporte_lazer,38,490,1,700,28,15,20
419b12eaf8841add29c3503ee6cddb91,Raquete de Tênis Júnior,,esporte_lazer,60,1552,3,1450,105,15,15
1bc727ecf620b4b524541bf5b60e3314,Espelho Decorativo Ovalado,,moveis_decoracao,40,509,4,4000,40,40,40
dade783416e4099641bdd36ee0f0c3a3,Jogo de Blocos 100pç,,brinquedos,27,512,1,6745,62,34,40
98d893a81a1845b6f278f33eee0a4f36,Livros Importados - 1kg - 33x6x22cm,,livros_importados,48,2157,6,1000,33,6,22
43ee88561093499d9e571d4db5f20b79,Luminária Pendente Vintage,,moveis_decoracao,39,161,3,200,20,20,20
72d0a38fe43ba7087d71e245d1b76c9e,Moveis Cozinha Area De Servico Jantar E Jardim - 22kg - 76x46x38cm,,moveis_cozinha_area_de_servico_jantar_e_jardim,55,383,2,22150,76,46,38
4f469a5f807d396370c43aa7d536a2a8,Cama Mesa Banho - 550g - 40x5x30cm,,cama_mesa_banho,36,223,1,550,40,5,30
aa8627a375771ab01288705307ec4ae5,Kit de Limpeza Multiuso (5pç),,utilidades_domesticas,53,493,1,5750,40,25,30
3554200c1d7f3b4b39a0ae68aa1c0a54,Necessaire Viagem 3 Compartimentos,,malas_acessorios,56,267,1,4633,37,34,30
7d28cd96eae3fa5a49bdbfa00af70ea8,Limpa Para-brisas 1L,,automotivo,59,2034,6,1775,42,30,31
d1e21bab9f1729613433a8a4374f58fa,Balão de Voleibol Praia,,esporte_lazer,38,165,1,400,20,20,20
4f5ebefc2bff02e685e4cf546c88f9b3,Espelho Decorativo Ovalado,,moveis_decoracao,33,187,5,7950,40,38,40
88d79d63d20f4183d9ed1144cff05d8e,Creme Dental Branqueador 90g,,beleza_saude,44,1165,1,250,16,15,11
db1d1a4569fdbae28a0d3340d907f7af,Produto - 400g - 16x5x12cm,,,,,,400,16,5,12
4630761de87581e8b659dc77bb7eb4ee,"Mochila Executiva 17""",,malas_acessorios,52,220,1,650,46,10,34
621dce691c2ff3f99e21c21057ddc0ba,Cama Mesa Banho - 950g - 50x16x16cm,,cama_mesa_banho,51,444,2,950,50,16,16
19da2bf3225b2f11d5c3b2597576ea22,Balão de Voleibol Praia,,esporte_lazer,59,941,8,6350,90,15,25
66d92b0c49af34728904a73c26e9e59a,Relógio Casual Feminino,,relogios_presentes,56,582,1,450,16,19,14
02ad328219e45e7d138101bc3c8aa6c6,"Sifão de Pia 1.1/2""",,casa_construcao,52,928,7,1000,16,20,16
aaf0d4a362d1cee82e4361f19af2b01f,Balão de Voleibol Praia,,esporte_lazer,55,662,1,190,19,16,16
194163a8a65a48a8c95623c399a9d4a7,Produto - 1kg - 48x8x39cm,,,,,,1600,48,8,39
2caf6fb89364a155b1e788a3ccd91a25,Perfume Aventus 100ml,,perfumaria,50,548,1,300,16,2,11
1d52c0fd7c289b6b7e0dc022067d33e8,Brinquedo Mordedor para Cães,,pet_shop,39,619,1,111,17,10,12
3e442d09f9dfef002aadf31960869f65,Mouse Sem Fio 2.4GHz,,informatica_acessorios,33,1084,2,200,41,2,29
5c551c8375040d684180cc1a549f7714,Mouse Sem Fio 2.4GHz,,informatica_acessorios,38,492,1,300,18,9,16
d3b023772520cd1c6ea58f6701679d4b,Caderno Universitário 100fls,,papelaria,52,224,2,2400,28,55,37
5947c33d0250e65638336c25f5a8ab48,Cama Mesa Banho - 26kg - 45x15x35cm,,cama_mesa_banho,48,354,1,26600,45,15,35
1342c0533d30a76542a5697aed78039f,Luminária Pendente Vintage,,moveis_decoracao,42,993,1,1050,17,27,17
b0c7a71c8620bd389e240f63a507dc50,Livro Mindset: A Nova Psicologia do Sucesso,,livros_interesse_geral,48,659,1,13300,16,2,11
d71ea20de013251a448d2a16b1defa1a,Caderno Universitário 100fls,,papelaria,36,436,1,400,35,42,18
d011223de539cd224b5c5c8082313d46,Luminária Pendente Moderna,,moveis_decoracao,50,676,2,2125,28,27,33
6b04a3268d84351b65aeba3f1fbc2a25,Prateleira Flutuante para Sala,,moveis_decoracao,59,1749,4,950,65,3,45
2251aec7efe1a143690c889ff64ceb8a,Aromatizante Automotivo Baunilha,,automotivo,60,651,5,4350,72,4,46
e2336d327209ca849dca5afda036f842,Carregador Portátil 10000mAh,,eletronicos,38,459,1,250,18,19,18
f8e5d2574bedbb98efe044c829386487,Espelho Decorativo Ovalado,,moveis_decoracao,36,592,1,2300,25,3,65
42877980a9990b1391c279582c1aa894,Raquete de Tênis Júnior,,esporte_lazer,59,1013,3,200,20,7,12
2bb11ef7e7d20cb8a80932979464e7ce,Kit de Limpeza Multiuso (5pç),,utilidades_domesticas,63,334,1,900,16,30,26
1305c16a9228b89ed9dc201c20df2363,Relógio Casual Masculino,,relogios_presentes,43,602,2,500,16,11,11
fb31d5d2acd4bf37057330c1a96af712,Aromatizante Automotivo Lavanda,,automotivo,58,840,1,1750,45,20,45
622bad99b4296aade0783ebecdd3fa15,Bola de Futebol Oficial,,esporte_lazer,47,1249,1,400,27,6,25
8e5f38754987574b781aebd5a7d4d33e,Andador Infantil Musical,,bebes,38,974,5,119,16,11,14
bc80cffca0c4d1c7769e7b253c5cc547,Relógio Casual Feminino,,relogios_presentes,44,307,1,375,21,15,16
192b332c511e484ea4f3f8b0526ee59d,Raquete de Tênis Profissional,,esporte_lazer,32,480,1,500,16,14,11
0f7720c31413b5c7790e3f301342464d,Cama Mesa Banho - 1kg - 30x15x31cm,,cama_mesa_banho,40,305,1,1125,30,15,31
6b82bdfc88a9241c396addd75f5c8baa,Cimento Portland 50kg,,casa_construcao,48,868,8,700,16,27,16
83b9177e8afdc2719c085b5a96aa441b,Bola de Futebol Oficial (Edição Especial),,esporte_lazer,26,729,4,300,20,8,11
2f1927c926303d27159849d2601d5d96,Bola de Futebol Oficial (Edição Especial),,esporte_lazer,40,354,3,650,28,20,25
2584d5fa1ac792c8c26168eca51bb4d0,"Sifão de Pia 1.1/2""",,casa_construcao,56,797,5,9950,52,22,52
e96a50fc74fa04fd6f23b324d87a1a81,Livros Importados - 800g - 30x2x21cm,,livros_importados,34,472,1,800,30,2,21
53a19e181057f10a84c7b2cb539c722a,Luminária LED Multicolorida,,cool_stuff,53,445,2,900,30,45,15
cae7a908351ea0b7acb0086a51f6f565,Produto - 400g - 25x7x11cm,,,,,,400,25,7,11
ce6450b4e1fbb3bc232eeb8b8e1c5757,Película de Vidro Temperado Universal,,telefonia,46,486,2,167,16,10,17
dd0c5ce67727fde645d9a6c8cdc4970d,Fone de Ouvido Bluetooth 5.0,,eletronicos,59,743,2,343,28,16,19
50aa8f292a9510d5542f2a078903a2a7,Raquete de Tênis Júnior,,esporte_lazer,49,1141,2,400,19,11,37
0160785b697a5ea87d52949bd097ce05,"Mochila Executiva 15.6""",,malas_acessorios,48,389,3,14000,26,66,46
e0352fc1b2c93712f1772fc4b0204db7,Cadeira Presidente Ergonômica,,moveis_escritorio,59,1253,1,8075,52,51,17
7824bce065d8704739ac0fc0c8135d04,Protetor Solar FPS 50,,beleza_saude,54,353,2,7400,34,25,17
6e69b019a5ce263335eacafaa68ffeba,Jogo de Blocos 200pç,,brinquedos,52,233,1,300,45,15,35
06cdc7832ac572e307bdacf9ba9f66a9,Dvds Blu Ray - 150g - 20x2x14cm,,dvds_blu_ray,48,899,1,150,20,2,14
49d89239eb92d383e390b38b9bb792c6,Limpa Para-brisas 1L,,automotivo,59,580,2,200,16,5,20
4ecb94d07e0dc53677b5227fea02cd5b,Furadeira de Impacto 500W,,construcao_ferramentas_construcao,49,267,2,6700,30,10,30
1002287b975c051e4f283579598cf6d2,Organizador de Gavetas 3 Níveis,,utilidades_domesticas,58,471,5,8250,33,35,33
33e503f68fb60fe165ed992965f2c737,Mouse Sem Fio 2.4GHz,,informatica_acessorios,51,550,1,5550,23,9,23
73bcea4312cb31d72bffc6562f7f7c71,Cine Foto - 350g - 24x4x12cm,,cine_foto,55,468,2,350,24,4,12
72a26085dd4fbd27f7206188081008d9,Tábua de Picar Bambu (3pç),,utilidades_domesticas,47,587,3,1000,28,12,21
f744418ea0467967ce11d829d1f9419a,Cama Mesa Banho - 1kg - 45x15x35cm,,cama_mesa_banho,53,271,1,1300,45,15,35
efaf96097dbe32a78254739ee35900cb,Fashion Roupa Masculina - 300g - 16x2x11cm,,fashion_roupa_masculina,36,695,2,300,16,2,11
eeab31cd2a4bcd64e6b249e0a674b3a8,Alimentos Bebidas - 274g - 28x15x20cm,,alimentos_bebidas,60,295,2,274,28,15,20
5f8c8e55a203357be71e318167b70a0c,Telefonia Fixa - 842g - 23x20x21cm,,telefonia_fixa,56,1130,2,842,23,20,21
059d3cf4de5bc9099cdb4c10ee7e84d5,Limpa Para-brisas 1L,,automotivo,58,824,1,200,16,2,11
dabb495df6a109d46f8faeca31a1c75d,Necessaire Viagem 3 Compartimentos,,malas_acessorios,28,491,2,150,16,17,11
ba37ce1b5e0638cf45fd59f63ada0093,Prateleira Flutuante para Sala,,moveis_decoracao,56,470,2,400,80,10,60
628fb6b9d891eebd296eb3caa5bcb557,Raquete de Tênis Júnior,,esporte_lazer,48,604,1,700,16,13,14
20a2613eb3b1c3819e733de3e91644de,Espelho Decorativo Ovalado,,moveis_decoracao,40,789,1,2850,20,35,20
d881b7a2ce3e484f379f751df4c709ce,Chave de Fenda 6x100mm,,construcao_ferramentas_construcao,49,249,1,200,16,5,11
f7adf36ac9a90fe0ef2ab34bc1baa8b5,Aromatizante Automotivo Lavanda,,automotivo,58,506,4,100,23,2,17
4eba76ab901d06e619d8d7ac69b3579a,Berço Portátil Dobrável,,bebes,25,641,2,517,25,26,26
2eb2543712366c95191841792a725a23,Tábua de Picar Bambu (3pç),,utilidades_domesticas,55,236,1,450,54,4,15
3976b9f62045be05e8bbd11c4fc19360,Cama Mesa Banho - 6kg - 36x15x45cm,,cama_mesa_banho,58,298,1,6100,36,15,45
abb9d7140478c19fd773dc14e8071abd,Caneta 3D Iniciante,,cool_stuff,43,199,1,200,20,13,20
7fdff1c504647eff040e08cd98ce3210,Jogo de Blocos 100pç,,brinquedos,43,2239,2,200,17,21,11
ee842d53183c77c2d2897172a82c40fc,Camiseta Geek Estampada,,cool_stuff,39,2203,1,500,16,7,13
32a6743a58d26480b6aa3850856286ac,Boneca Articulada 30cm,,brinquedos,41,85,2,662,21,26,18
1e859a053a2210cb74b1134e0419b1dd,Shampoo Anticaspa 300ml,,beleza_saude,35,795,1,450,30,30,30
43549c728834f6804c2a32ef08c086ff,Massa Corrida PVA 25kg,,casa_construcao,48,523,1,100,80,16,16
fc877e6bbeb95de8809398eca3f2a3fe,Webcam Full HD 1080p,,eletronicos,58,780,2,2600,18,7,30
6981cd5a9eded40aaf36e08db9ef4a7a,Teclado Multimídia ABNT2,,informatica_acessorios,42,703,3,400,16,16,13
4fd6ec612afa6f67b850b157f00a3368,Kit de Poda (Tesoura + Serrote),,ferramentas_jardim,45,1095,9,598,38,30,38
eefc762f81da3ef743a44e15590c5718,Dvds Blu Ray - 450g - 20x5x14cm,,dvds_blu_ray,49,2821,1,450,20,5,14
73258e01fadbaf7648577beb152e1320,Teclado Multimídia ABNT2,,informatica_acessorios,50,835,1,250,20,20,20
54f4b6d719759dc811ee18cc95104ed2,Cama Mesa Banho - 3kg - 45x15x35cm,,cama_mesa_banho,62,313,1,3000,45,15,35
dce8ae5ccc379f3de517423fccda65cb,Relógio Esportivo Resistente à Água,,relogios_presentes,58,1258,3,178,16,12,11
ceeb4790786e93c65ce079c50c8bd6b0,Cortador de Grama Sem Fio,,ferramentas_jardim,55,617,2,29600,42,17,42
6e62e31b1ec621d6182feb6b39c4194c,Cama Mesa Banho - 800g - 20x20x20cm,,cama_mesa_banho,22,735,5,800,20,20,20
20dba3cc0c6689b10b0a422ae43f45b7,Cama Mesa Banho - 7kg - 52x26x47cm,,cama_mesa_banho,53,197,1,7725,52,26,47
9ead93350fbb3a5f0cc0b48c8c983748,Raquete de Tênis Júnior,,esporte_lazer,24,678,1,14600,34,12,12
0e632ab9f5b05a2703871a8f27e4e1a7,Pendrive 32GB USB 3.0,,informatica_acessorios,42,521,3,400,16,8,16
f8a8f05a35976a91aed5cccc3992c357,Luminária Pendente Vintage,,moveis_decoracao,63,418,1,1500,45,15,35
469ef39f0ddc59c8913d9d5a62318e40,Livros Tecnicos - 110g - 33x6x22cm,,livros_tecnicos,60,2170,1,110,33,6,22
3afd93cafd6c7b66033cc4dc22c54776,Colônia Esportiva 150ml,,perfumaria,47,1170,3,500,16,16,22
bf937a731d01528bc2c8b11863de7586,Coleira Antipulgas 8 Meses,,pet_shop,56,1115,2,1185,30,10,21
5a57a59c44429be19e1ce8e69e15c473,Tábua de Picar Bambu (3pç),,utilidades_domesticas,60,1056,2,8550,27,23,27
e7fab7a4d6f0d5abfb66e1dd2fc35d4e,Telha de Fibrocimento 2.44m,,casa_construcao,53,871,6,500,16,20,16
196b3e3000c77b282069397fb84686dc,Andador Infantil Clássico,,bebes,40,1109,1,28250,34,85,55
8208cccf98834da587d0ba8a9aea28d7,Fashion Bolsas E Acessorios - 300g - 16x7x11cm,,fashion_bolsas_e_acessorios,41,521,4,300,16,7,11
a09e9494bb01d227e90ec1bb0d845e24,Bola de Futebol Oficial,,esporte_lazer,50,988,2,250,16,10,15
0127db1f4effcf8f5b88d80588bc5624,Relógio Casual Masculino,,relogios_presentes,53,555,1,200,20,7,15
f58ba49c5634ca1ef2ad765ebc1110cc,Carregador Veicular Bluetooth FM,,automotivo,58,689,5,1550,60,8,33
9eb0c62c8c4159426b700eb10045dc44,Capa para iPhone 13,,telefonia,60,911,4,400,21,6,13
b564734ddca77a1cf8aea20acd9cd9b5,Lixeira Automática 5L,,utilidades_domesticas,47,1054,4,1500,25,17,12
2b2cde418c199f2ad971a7511cac11c0,Trem Elétrico com Luzes e Som,,brinquedos,42,1112,1,1103,33,15,28
3a05a947f28cf46d789adedc107d7595,Raquete de Tênis Júnior,,esporte_lazer,57,652,1,3450,16,15,20
8782f61059db25b333638e5ed8cc9e65,Cama Mesa Banho - 2kg - 35x10x35cm,,cama_mesa_banho,59,297,1,2250,35,10,35
f107bcdf49e25fab8c0b66fbabb97fc1,Martelo de Aço 800g,,construcao_ferramentas_construcao,59,1007,2,400,34,4,16
5101eb75c72eba49b6ab5e3cb721c99b,Raquete de Tênis Júnior,,esporte_lazer,41,754,1,3180,28,22,26
e03071a2d2410c9ef2be47b508cac95f,Tábua de Picar Bambu (3pç),,utilidades_domesticas,57,189,1,19100,54,45,43
b47e709bbae4533598f806553accd469,Teclado Multimídia ABNT2,,informatica_acessorios,32,498,1,200,18,9,16
015e652da4f31f2f7a051a6de66094c0,Cama Mesa Banho - 700g - 22x13x16cm,,cama_mesa_banho,53,124,3,700,22,13,16
4660b448a9e1499945013a9fb3f11ec4,Cama Mesa Banho - 700g - 50x5x50cm,,cama_mesa_banho,55,133,2,700,50,5,50
f5d7145132f3a1e1bfb220ac72d803c5,Carregador Rápido USB-C 30W,,telefonia,39,375,4,267,19,4,12
1b46816aa838ce9ae97feda7b2f51f26,Artigos De Natal - 200g - 30x2x21cm,,artigos_de_natal,17,322,2,200,30,2,21
94774f52c71a3e4ce084c21c873507cc,Aromatizante Automotivo Baunilha,,automotivo,50,296,2,100,16,10,15
30dd7828143f0bc56bd4f6beeb3e8d04,Shampoo Anticaspa 500ml,,beleza_saude,54,1674,1,300,20,8,13
9882de2a7da613f71ce16f22e42d50d8,Shampoo Anticaspa 300ml,,beleza_saude,60,1610,2,250,16,4,11
53b9d074ec70abc101321e360f438cf1,Eletroportateis - 4kg - 19x60x30cm,,eletroportateis,50,1041,2,4000,19,60,30
596041589b8cc3cc61e9b46d79ea9002,Bola de Futebol Oficial,,esporte_lazer,36,610,1,200,20,20,20
53ae5df71df97b2b9abee97ce1e1b8f1,Suporte de Celular Articulado,,cool_stuff,44,3049,3,850,22,22,22
cfbc3263572e94aa7e220466f83f8677,Balão de Voleibol Praia,,esporte_lazer,26,1322,2,400,26,16,21
e10c5041c0752194622a7a7016d8c9b5,Teclado Musical 61 Teclas,,instrumentos_musicais,29,523,1,14200,105,16,40
a592adedc22197e52a4a58271720bbaf,Teclado Mecânico RGB,,informatica_acessorios,41,100,4,200,34,2,18
fd68051e3deccde23af3d77152129c5a,Ar Condicionado Portátil 12000 BTUs,,climatizacao,52,1222,1,2800,16,2,11
1486ffdf6241755c77f5345b01232361,Cama Mesa Banho - 1kg - 40x4x28cm,,cama_mesa_banho,57,592,1,1600,40,4,28
c7fce98e1aa3d8a6cbaaebc7ab99cbe6,Kit de Poda (Tesoura + Serrote),,ferramentas_jardim,34,219,1,700,30,15,15
2d68dc900969487798076d5f21c1090d,Prateleira Flutuante para Livros,,moveis_decoracao,54,688,1,300,22,2,32
ba959fa0160c144aab62f721009c5f32,Limpa Para-brisas 1L,,automotivo,41,1978,1,12200,62,62,19
207bb2d8180c2c7654872f6fab96e40e,Capa para iPhone 13,,telefonia,30,305,1,100,19,3,11
fe555e0880543633edc71df3737e49eb,Espelho Decorativo Ovalado,,moveis_decoracao,53,213,1,1650,40,10,30
db91bca0e0253d71433c22ac5acd0fbe,Pacote de Canetas Esferográficas (10un),,papelaria,45,513,2,575,23,26,14
17a1211f690515d1adf3300cd6278354,Mouse Sem Fio 2.4GHz,,informatica_acessorios,48,213,1,350,16,8,11
626cba3eb1a1ac40b2f6e3ad4fd1038c,Bola de Futebol Oficial,,esporte_lazer,56,450,2,1050,25,21,18
e44030e694bab50c9fdfb329cc114833,Andador Infantil Musical,,bebes,53,2601,1,400,30,16,20
a25fb4516757403b129bcfe366dddb9b,Cama Mesa Banho - 6kg - 60x10x60cm,,cama_mesa_banho,60,335,3,6050,60,10,60
65680a7e713d50001948661c2b252f37,Relógio Esportivo Resistente à Água,,relogios_presentes,53,672,2,275,16,11,11
3ecaaa56f885aaded64fc6502ddb214c,Lixeira Automática 5L,,utilidades_domesticas,59,456,5,600,22,8,22
177994f6e693b14491067ba7cd5e5127,Sinalizacao E Seguranca - 150g - 16x9x11cm,,sinalizacao_e_seguranca,48,1821,1,150,16,9,11
eb719445ec882a7b60518fd8b55c1b0f,Mouse Óptico USB,,informatica_acessorios,56,444,3,500,16,5,15
824c6ddf72c012b701b3e83b258581d4,Set de Pintura Acrílica 24 Cores,,artes,49,423,1,100,16,5,11
e224d922abe83aaa3e7c47962cbbe1ff,Creme Dental Branqueador 120g,,beleza_saude,39,1306,1,1200,30,12,16
955d13d7e0c184665441e35897a4f3c3,Arranhador para Gatos 60cm,,pet_shop,37,734,10,6100,48,28,31
af407c297ba8ec15891e2d95193203c2,Parafusadeira Elétrica 12V,,construcao_ferramentas_construcao,39,493,1,2008,45,23,21
ba7e06201e60d29279c7f11d689792bb,Relógio Esportivo Resistente à Água,,relogios_presentes,39,587,2,325,18,13,16
e801441171ec3eaf3bbb86d6ba6fc9af,Relógio Casual Masculino,,relogios_presentes,44,788,1,275,17,10,12
7acc602a5598de7992eb7d3b4e080b7d,Telefonia Fixa - 1kg - 22x9x30cm,,telefonia_fixa,31,1990,2,1700,22,9,30
b8212b3bd65a9c7070e474f1430c94de,Shampoo Anticaspa 300ml,,beleza_saude,21,1790,7,1025,33,36,31
dff96addbfdf534a44ed5094b8c6765d,Sinalizacao E Seguranca - 800g - 47x8x12cm,,sinalizacao_e_seguranca,51,910,2,800,47,8,12
863826c035612c8900c972a10fa3b5b1,Mouse Óptico USB,,informatica_acessorios,40,298,2,306,15,21,13
991bc1085efee49ba6cd9f3f17efabb8,Bola de Futebol Oficial,,esporte_lazer,43,1177,3,1683,35,17,48
4b77167175713bd04c8854aa80f09e99,Teclado Multimídia ABNT2,,informatica_acessorios,50,494,2,163,17,11,16
2ab3eebb03e660d44470d936c0f20bb6,Raquete de Tênis Profissional,,esporte_lazer,56,788,3,300,22,6,16
95afc7174e826b350262195e9810e327,Tinta Acrílica Fosca Branco 3.6L,,casa_construcao,59,303,2,250,20,4,20
61194019f380f0b760c31e66ee97e50d,Bola de Futebol Oficial (Edição Especial),,esporte_lazer,54,1954,1,400,16,10,11
60831f149488243f31618867accce8cd,Jogo de Blocos 100pç,,brinquedos,51,313,4,3250,65,13,36
3ae810052cf18d30232367f0b45e284c,Alimentos Bebidas - 1kg - 23x12x19cm,,alimentos_bebidas,28,371,2,1200,23,12,19
aed75ad669fbebd5a385ac7cc2ae7573,Protetor Solar FPS 50,,beleza_saude,42,427,1,30000,50,75,56
baf13e0439b20cf7b30c07d3657f8145,Fralda Ecológica Tam M (50un),,bebes,54,1385,2,2056,39,22,27
3dd3a67f72798f25cdd5d98553553d85,Arranhador para Gatos 60cm,,pet_shop,63,935,8,16850,60,40,42
0b575b7f0277a4fa1e89af27590b438d,Cama Mesa Banho - 850g - 35x20x35cm,,cama_mesa_banho,57,249,1,850,35,20,35
51ff363ff8346f0fb99858f2c0954231,Raquete de Tênis Júnior,,esporte_lazer,49,752,1,200,20,7,14
c03500a4a72be532834b3d947821d519,Tapete Higiênico Cachorro 40x50cm,,pet_shop,52,348,10,200,18,9,14
3ece1fcd5a64459a4e24143920178f42,Luminária Pendente Moderna,,moveis_decoracao,59,2432,2,400,69,11,11
43dc48e22acc762c474367d2cead5d3c,Violão Acústico Cutaway,,instrumentos_musicais,59,233,1,350,30,20,30
4d817c0fe79db81f4f99f840cadbde0e,Moveis Sala - 15kg - 38x48x38cm,,moveis_sala,34,853,1,15150,38,48,38
c6a8643df741a03acc58318e481abf0f,Película de Vidro Temperado Universal,,telefonia,56,447,2,175,18,4,12
31dbb0d1815bdc83c93f4b3472fa7c4d,Produto - 300g - 24x24x11cm,,,,,,300,24,24,11
340ba571a6250a5346180e4fc4f1c7e6,Cama Mesa Banho - 1kg - 40x6x30cm,,cama_mesa_banho,58,418,1,1650,40,6,30
e33c6721bcdf0d089860c6c1cf7ad5b6,Bola de Futebol Oficial,,esporte_lazer,58,264,1,500,45,10,40
cea0783f5748d01abec8fd268dccba49,Creme Dental Branqueador 90g,,beleza_saude,44,1487,1,1150,30,10,17
aea5937ba2b757b9fc5017f2d11f288f,Bola de Futebol Oficial,,esporte_lazer,29,223,1,1200,42,12,43
a7841f8c0ca7736a81dd679c39d7fd21,Luminária Pendente Moderna,,moveis_decoracao,50,1831,3,7600,65,5,47
6687954ed33bc521cdef9bba5d086d6d,Jogo de Blocos 100pç,,brinquedos,38,567,1,650,31,18,23
b715d785d518112309c312260fd88842,Marcador Permanente Preto (12un),,papelaria,54,193,3,190,20,14,13
598bd041890a22dfac5e4411f456cbf6,Bola de Futebol Oficial (Edição Especial),,esporte_lazer,45,793,1,206,18,11,14
d688e1eb847d2f72892ede46001673bd,Teclado Mecânico RGB,,informatica_acessorios,55,300,1,761,18,15,15
12acdab5736a2cbddfce65059918826c,Livro O Investidor Inteligente,,livros_interesse_geral,43,791,2,425,19,12,14
476ddefd263d2173f2f8a7a3fb5ec75c,Raquete de Tênis Júnior,,esporte_lazer,41,1185,1,200,16,9,10
cf8c588a4b9b7599aa4807e78bbc65a9,Teclado Multimídia ABNT2,,informatica_acessorios,24,456,1,50,60,16,11
1b5ac751c245c52ded56f9fd1f17590c,Dvds Blu Ray - 400g - 18x25x11cm,,dvds_blu_ray,46,2123,3,400,18,25,11
7cca13d90486c96047f188771ee4ffe4,Raquete de Tênis Profissional,,esporte_lazer,49,786,2,4750,40,25,25
f6496641c1737293bf3afc7732942d06,Mouse Gamer 16000 DPI,,consoles_games,56,236,3,200,16,8,11
7e1fa9dcf2c39f7fe71d43ce0a09dbb5,Sanduicheira Elétrica Grill,,eletrodomesticos,57,416,1,11950,50,2,37
098c8d862a494bb5926e558a87687768,Camiseta Geek Estampada,,cool_stuff,54,940,1,2000,45,30,20
d190211dfdf3ec5ef8f1e5f59418dab0,Teclado Multimídia ABNT2,,informatica_acessorios,57,1738,1,596,19,7,15
8d777214c45c704660310bdc5a2741ea,Luminária Pendente Vintage,,moveis_decoracao,55,314,1,500,40,15,40
cee96128d25ffe3429e69452233838dd,Cama Mesa Banho - 266g - 28x5x16cm,,cama_mesa_banho,48,417,1,266,28,5,16
79b5f6746971ce589060a7aeef9f9d9f,Bola de Futebol Oficial,,esporte_lazer,58,893,1,13700,26,7,11
7a8dfec813ae58cfaa3e1ef9f534adab,Lixeira Automática 5L,,utilidades_domesticas,36,508,2,1200,33,10,30
116a75888dbca93a1c26c5d5c949b175,Cama Mesa Banho - 800g - 22x13x16cm,,cama_mesa_banho,56,122,3,800,22,13,16
1efd84ba20d23186f576a37baf64ae9d,Camiseta Geek Estampada,,cool_stuff,32,133,1,200,18,12,16
5babb170cd172ec25690087d7018f26c,Cama Mesa Banho - 1kg - 19x17x23cm,,cama_mesa_banho,59,677,1,1275,19,17,23
6984b61fd1255c2a7fc3c11ce6d84509,Fralda Ecológica Tam G (50un),,bebes,28,2433,3,100,19,7,11
e66b4ebb16777b24037fe7eda706add9,Cama Mesa Banho - 1kg - 46x9x37cm,,cama_mesa_banho,54,472,1,1500,46,9,37
8b1ec5ddcb342e32a8d83936c3583b45,Raquete de Tênis Júnior,,esporte_lazer,44,1031,1,493,18,17,16
578075103bbe96f4ed89f77852b81b98,Cama Mesa Banho - 1kg - 16x10x16cm,,cama_mesa_banho,51,517,1,1000,16,10,16
b834ec50d00416ab0968b61763ae7700,Limpa Para-brisas 500ml,,automotivo,57,918,1,5050,35,20,20
ff817f0901191fbe02933928daa95e6e,Aromatizante Automotivo Baunilha,,automotivo,60,587,2,725,60,8,33
7810b42c3450a044431d95c59c00b600,Relógio Esportivo com GPS,,relogios_presentes,45,702,1,367,19,13,19
a0c39dee6817bb443090f9248eeafa4c,Cadeira Presidente Ergonômica,,moveis_escritorio,55,1086,1,27200,48,45,56
be9bc531f00bd94f07be7363eefff998,Fashion Bolsas E Acessorios - 200g - 16x12x14cm,,fashion_bolsas_e_acessorios,40,360,5,200,16,12,14
232ae93f6ac6e6a57c1b34b312eb3826,Carregador Veicular Bluetooth FM,,automotivo,59,1066,4,100,24,2,17
10f2f7707444b16ab90c38797c095336,Relógio Casual Feminino,,relogios_presentes,51,595,6,350,16,2,11
66f1a8d90992af09e58ab4e0496054ea,Relógio Esportivo Resistente à Água,,relogios_presentes,42,510,1,283,18,14,14
4b2e8d0baa7e0e7483c8bfe1dc33e406,Relógio Casual Feminino,,relogios_presentes,51,753,2,300,16,11,20
cb48e30ec967ad7cf282f8b417e397e2,Andador Infantil Musical,,bebes,57,799,2,2400,31,43,21
f45cf520fba787f057d57c5c8138668f,Tábua de Picar Bambu (3pç),,utilidades_domesticas,59,1582,4,6100,31,29,41
2c2491f31fe7320124ccf2f3404354a6,Carregador Rápido USB-C 30W,,telefonia,60,818,6,300,17,4,12
93846cfcd171609cebb8b3f8c553d23f,Raquete de Tênis Júnior,,esporte_lazer,55,2021,5,588,25,30,28
5467bf450d0538e899a8e18fd0ff4323,Lixeira Automática 12L,,utilidades_domesticas,45,520,1,350,16,15,15
4ec8f9faf220dfbee99dc36f001ac968,Luminária Pendente Moderna,,moveis_decoracao,51,527,1,7750,49,25,49
02ad78835ec3f72e750d1dfa6a7e11b3,Prateleira Flutuante para Livros,,moveis_decoracao,38,1303,2,1250,52,7,11
ef0e165d773ec293c5aeb5470a08b183,Camiseta Geek Estampada,,cool_stuff,57,1620,1,2250,16,40,16
9e88896ff9b39f42a9652dc0730ecabc,Carregador Rápido USB-C 20W,,telefonia,58,667,3,350,17,4,12
bf666278787c1150f040f26d618c4a9d,Construcao Ferramentas Seguranca - 600g - 20x20x20cm,,construcao_ferramentas_seguranca,60,605,4,600,20,20,20
f264c1d9b20b5e4a340254d0405e613b,Caneta 3D Iniciante,,cool_stuff,48,874,1,1050,42,25,15
a214ec4881cfa50f718046bdc15c6a22,Relógio Esportivo Resistente à Água,,relogios_presentes,59,183,2,200,16,2,11
e87587976240265f6944e5a019ea704c,Construcao Ferramentas Seguranca - 700g - 60x10x20cm,,construcao_ferramentas_seguranca,57,1230,1,700,60,10,20
4c0a183b1572fcddf968d6992392e24d,Kit de Limpeza Multiuso (5pç),,utilidades_domesticas,46,857,1,700,16,16,11
547b95702aec86f05ac37e61d164891c,Cortador de Grama Manual,,ferramentas_jardim,33,509,1,9100,42,13,39
be4cd8597e81008f1372c387f620e0a9,Relógio Casual Masculino,,relogios_presentes,46,655,1,450,18,12,14
40b2a43c74c26b963dd1bd05384663a0,Balão de Voleibol Praia,,esporte_lazer,63,924,5,300,25,12,18
233316af7adf040484dbeccfecad6042,Cama Mesa Banho - 1kg - 33x9x38cm,,cama_mesa_banho,33,254,1,1250,33,9,38
e5e4c79bce72fc7476860916c1a9dd18,Pendrive 32GB USB 3.0,,informatica_acessorios,41,1670,5,3750,36,16,36
7754574f8aeca545b663be749e5db05c,Pendrive 32GB USB 3.0,,informatica_acessorios,46,2604,2,5879,30,25,19
c0abb5707b6d57b4e7d9797222a77fc8,Creme Dental Branqueador 120g,,beleza_saude,60,850,1,417,25,7,22
7564c1759c04fc0a38f2aa84f7a370ee,Martelo de Aço 500g,,construcao_ferramentas_construcao,59,2432,3,1200,16,11,11
fb9c4133006cdb80c0a96dd36310aac4,Aromatizante Automotivo Lavanda,,automotivo,59,2400,2,2130,23,17,19
a84a9be4cdf0d5dbd36103b1e1ebc82f,Limpa Para-brisas 500ml,,automotivo,55,766,3,6450,72,22,52
47fe9ce1e411796d7fd0fe712100ecd8,Aromatizante Automotivo Lavanda,,automotivo,56,1661,3,500,16,21,18
ebb12274522d82caa7dca657873b2ad7,Tábua de Picar Bambu (3pç),,utilidades_domesticas,47,534,2,11250,40,40,30
b736ba4727efeae1f506172be7e39905,Fashion Bolsas E Acessorios - 100g - 16x2x11cm,,fashion_bolsas_e_acessorios,56,187,3,100,16,2,11
fe31b2791161c24e921f90788d443e1c,Teclado Gamer Mecânico RGB,,consoles_games,60,2462,5,1100,22,13,18
9755f955f1fcd2a83ca77997e9de8b83,Fashion Bolsas E Acessorios - 188g - 22x12x21cm,,fashion_bolsas_e_acessorios,38,435,1,188,22,12,21
e00a570d375c55a1858a08669ae684df,Shampoo Anticaspa 300ml,,beleza_saude,42,639,1,300,19,12,13
7f44ab248492a301a87d8966739d8796,Cama Mesa Banho - 500g - 70x8x45cm,,cama_mesa_banho,54,123,2,500,70,8,45
19936fa4f614ee0590d3b77ac83fd648,Telefonia Fixa - 1kg - 20x16x20cm,,telefonia_fixa,34,1016,2,1100,20,16,20
bfc121a2f5d97868f3a02ae6c5b5f5a2,Cama Mesa Banho - 1kg - 47x7x35cm,,cama_mesa_banho,44,167,1,1850,47,7,35
4c41f7f8ca78f88fa539d43d08c504d3,Shampoo Anticaspa 500ml,,beleza_saude,57,2908,1,900,20,11,15
ebd7c847c1e1cb69ec374ae0ebee1f4c,Luminária Pendente Vintage,,moveis_decoracao,50,228,3,1200,40,15,30
648790421a896a7625e9f8e778ab57ad,Jogo de Blocos 100pç,,brinquedos,51,642,1,16350,70,35,40
92c22a554e81bcc9dd5aa9824b1f510f,Limpa Para-brisas 500ml,,automotivo,35,90,3,6900,17,19,27
95f944fda0e692848a5033c279938390,Sinalizacao E Seguranca - 550g - 28x12x22cm,,sinalizacao_e_seguranca,60,528,5,550,28,12,22
a5d89252158ff2fc7effe07dcffbbc14,Bola de Futebol Oficial,,esporte_lazer,54,2990,1,2600,27,32,27
b7c472e4bf39b63628ecedc8c9af805d,Cortador de Grama Manual,,ferramentas_jardim,30,825,1,3000,27,10,32
6d0af4d8b482cc38d72acafc37bdd8f1,Produto - 2kg - 34x33x19cm,,,,,,2400,34,33,19
a03e401d58a45187271718c5d7610422,Tábua de Picar Bambu (3pç),,utilidades_domesticas,48,1297,3,9650,62,35,37
dbf66e3a8f833012d2da362c443111af,Bola de Futebol Oficial,,esporte_lazer,53,1330,4,575,24,17,23
d73cb8d2ba92e4828e16cb9e39f81dd6,Caixa de Som Portátil 10W,,eletronicos,59,1292,3,385,20,8,18
5862da8a8a08881304fe2dc5d8671200,Kit de Poda (Tesoura + Serrote),,ferramentas_jardim,43,432,3,1000,105,20,20
848ee292f94a4a1f90568ee34d264353,Livros Tecnicos - 800g - 24x2x17cm,,livros_tecnicos,59,473,2,800,24,2,17
0a790f2710eab03be4f7793583779874,Controle com Fio para Xbox Series X,,consoles_games,56,555,2,500,20,15,20
9cd9443e9002f8be88682ef102d771c1,Caneca Criativa 350ml,,cool_stuff,55,1895,5,2250,50,30,30
4ede61f4c026ce233e4ba9ff9444ee09,Raquete de Tênis Júnior,,esporte_lazer,54,175,6,600,20,20,20
61103d1d05a6d55579890d0dba01eda6,Trem Elétrico com Luzes e Som,,brinquedos,27,706,2,250,18,7,17
652ab2a1bee7f7f0ab475b06cd290865,Livro O Homem Mais Rico da Babilônia,,livros_interesse_geral,63,1246,1,700,23,2,16
bed99325df634e823ffb18a9e84fdb2d,Cama Mesa Banho - 1kg - 50x17x31cm,,cama_mesa_banho,52,364,3,1900,50,17,31
07aa6a21d16be9ac95fbff7ab3ed81e9,Limpa Para-brisas 500ml,,automotivo,53,960,1,2200,50,10,50
e84d1a4a08db13e8dea6d400a1c6a3f0,Alimentos - 700g - 24x15x24cm,,alimentos,34,926,2,700,24,15,24
0b5be7ee64611405f84c31be31ad0d9b,Bola de Futebol Oficial,,esporte_lazer,45,979,8,3900,90,20,25
3a5d13e02c3e967997b9a3a3f632fbf2,Creme Dental Branqueador 90g,,beleza_saude,38,1971,1,300,22,19,22
6e41ce53043104a92912099c90215f1e,Prateleira Flutuante para Livros,,moveis_decoracao,52,197,3,1050,25,23,25
d0f1f7d51273e157df6f34170c693c5a,Moveis Quarto - 500g - 28x17x24cm,,moveis_quarto,56,1491,1,500,28,17,24
d581c7d5e149f946aa7e05b8e13e6efb,Headset Gamer 7.1 Surround,,consoles_games,27,268,3,200,16,20,15
b2b7d701c1f12d5a0f52ec90b0a8f819,Protetor Solar FPS 50,,beleza_saude,58,424,1,30000,55,75,61
5b1b6135649a0839631d1dde8e4e5df3,Alimentos - 94g - 16x5x11cm,,alimentos,58,531,5,94,16,5,11
f2e9c251a169c7d7582bdcde0ea4e7da,Tábua de Picar Bambu (3pç),,utilidades_domesticas,60,1944,4,1168,23,9,12
e85d91619b497e98754390b6198a9818,Fralda Ecológica Tam G (50un),,bebes,56,624,2,700,24,14,18
7b82c09aeb69b05e0a578a2ea97ed4a9,Balão de Voleibol Praia,,esporte_lazer,45,509,2,500,19,12,13
3e0da944edda889e1287894ad28d9ed0,Camiseta Geek Estampada,,cool_stuff,61,306,1,6800,53,20,33
1178e5819b87e4a8846d636e39df026b,Aromatizante Automotivo Lavanda,,automotivo,62,418,6,400,16,7,12
611a736015e65141abd844f0f37c84af,Cama Mesa Banho - 450g - 16x10x16cm,,cama_mesa_banho,48,549,1,450,16,10,16
bb191b58fe5bc5a220db96fd387655c2,Camiseta Geek Estampada,,cool_stuff,58,1023,6,7300,79,5,63
8d9468efb665050bd137607b0c8ce680,Lixeira Automática 5L,,utilidades_domesticas,41,648,1,963,33,44,33
580ac70ff46f836dcc769fa584f85273,Capa para iPhone 13,,telefonia,50,162,2,100,20,5,12
4013f49ee9fda2d3eb99e7923cba7982,Bola de Futebol Oficial (Edição Especial),,esporte_lazer,58,762,4,500,50,5,30
d5852e1fab9be489b5371a70adad7494,Raquete de Tênis Profissional,,esporte_lazer,25,236,2,400,50,10,17
30d150cd35905a222b8840fbdfd422dd,Aromatizante Automotivo Lavanda,,automotivo,57,1318,4,450,16,16,16
af2f3030914ae3eaf70ebc74ecdb8c1c,Bola de Futebol Oficial (Edição Especial),,esporte_lazer,34,1260,5,825,40,15,15
5ccaf4192eb1b45ada109ad4152de5dc,Organizador de Gavetas 3 Níveis,,utilidades_domesticas,44,2040,1,6100,20,30,15
5099f7000472b634fea8304448d20825,Protetor Solar FPS 50,,beleza_saude,56,635,1,375,26,11,18
11b66b9c3298383e765fa69bdfd86e5f,Raquete de Tênis Profissional,,esporte_lazer,36,140,4,100,34,2,26
0fb1658e227645b2fe14d8ba74d48606,Teclado Mecânico RGB,,informatica_acessorios,59,2338,1,3450,52,17,22
b5500cdcf54793ca1dfbd654bdfbc20a,Shampoo Anticaspa 500ml,,beleza_saude,50,826,1,350,25,12,19
0e669e3efedd9f3ab75fcbe334e1177e,Trem Elétrico com Trilhos,,brinquedos,33,628,1,1310,60,12,24
acdb489a7451fff0633e91357a8e60eb,Luminária Pendente Moderna,,moveis_decoracao,60,2087,3,2550,69,11,11
94147506059b815e058b7ffeb6b671b9,Shampoo Anticaspa 300ml,,beleza_saude,58,2093,2,200,18,8,12
a2f25a7e9c4eea1e3c2949d03c688048,Agro Industria E Comercio - 10kg - 26x80x26cm,,agro_industria_e_comercio,42,588,1,10650,26,80,26
bdbf4ac9c8a5cd8162e96e84231d33ca,Massa Corrida PVA 25kg,,casa_construcao,53,922,7,1050,16,20,16
ff7a70b3356d433014b7d6957ed196cb,Prateleira Flutuante para Sala,,moveis_decoracao,51,598,2,16400,80,20,20
e41879396cfe504fa2e6951eb7e5a76c,Creme Dental Branqueador 120g,,beleza_saude,59,371,1,500,19,17,15
75fc57fb06b1d35ea433e16ecbf5a6bb,Carregador Portátil 10000mAh,,eletronicos,45,471,1,125,22,9,16
6831b5d22263248cd732a13b207fd68a,Jogo de Blocos 100pç,,brinquedos,46,411,5,400,22,22,22
1a06cc924ba852bef5a19bb5aefa4d6c,Cama Mesa Banho - 4kg - 45x18x35cm,,cama_mesa_banho,60,332,1,4700,45,18,35
9ab93790313438fe487cb321d7248b13,Cama Mesa Banho - 5kg - 40x16x50cm,,cama_mesa_banho,44,760,1,5350,40,16,50
0b5452315880c73832a5c5837f0de5b2,Carregador Rápido USB-C 20W,,telefonia,60,1170,2,150,18,6,20
23905e2fed49239bf63e416ba24bd556,Necessaire Viagem 5 Compartimentos,,malas_acessorios,60,2032,6,1100,25,25,25
211293b50935ced8d4370f552c482d74,Bebidas - 226g - 18x16x16cm,,bebidas,55,1736,3,226,18,16,16
69b1e7f2c5c9a2e61ed7d9dd4d269188,Market Place - 400g - 22x6x15cm,,market_place,55,963,6,400,22,6,15
f23d24b737a58861ed576d2128c439e4,Cama Mesa Banho - 1kg - 16x50x40cm,,cama_mesa_banho,55,597,1,1800,16,50,40
0a29ce51f88190dc32d9f6a23f7e9a8c,Lixeira Automática 5L,,utilidades_domesticas,42,245,4,150,19,4,11
700a315aa104dcf3ea345a850f746ec1,Fashion Esporte - 1kg - 70x15x65cm,,fashion_esporte,32,889,1,1500,70,15,65
6fd83eb3e0799b775e4f946bd66657c0,Portateis Cozinha E Preparadores De Alimentos - 1kg - 25x33x25cm,,portateis_cozinha_e_preparadores_de_alimentos,52,280,1,1200,25,33,25
2b4609f8948be18874494203496bc318,Creme Dental Branqueador 120g,,beleza_saude,59,492,3,250,22,10,18
53d9d735cbf1969f1f2661b9b2c661be,Tábua de Picar Bambu (3pç),,utilidades_domesticas,54,807,1,750,25,10,15
9f81413382c6e7b2b2eaff6930f1fd98,Alimentos - 450g - 16x18x11cm,,alimentos,52,573,1,450,16,18,11
9c1e194db1d35a79d962ea610bfe0868,Colônia Nativa 200ml,,perfumaria,40,871,1,83,17,8,13
270c7e8ac3a5d25cc4324f7b603b8a22,Organizador de Gavetas 3 Níveis,,utilidades_domesticas,35,483,2,500,16,25,15
d94b7d89fbd70f6f30c9043718784da9,Jogo de Blocos 200pç,,brinquedos,35,939,2,4368,47,35,37
52913ee46d43e465b2d40c81e7ccac23,Lixeira Automática 5L,,utilidades_domesticas,46,899,1,10200,31,60,31
ccd07b6f4549c05a7e7c2ede0569fe49,Creme Dental Branqueador 90g,,beleza_saude,44,154,1,642,18,13,15
aa5e980b726d76e5a61dfd188724be28,Bola de Futebol Oficial,,esporte_lazer,57,535,2,850,22,15,22
03511a5e5d4c3d8ef00f1578e1419800,Película de Vidro Temperado Universal,,telefonia,52,2118,2,400,20,11,13
0103863bf3441460142ec23c74388e4c,Produto - 200g - 16x2x11cm,,,,,,200,16,2,11
5188466ac1bca9e8317ef320cd279b89,Creme Dental Branqueador 120g,,beleza_saude,46,805,1,217,18,5,15
45f715c67a8a8e0f179cabed8f676815,Lixeira Automática 12L,,utilidades_domesticas,44,305,1,250,35,4,15
ee9ff7710c74eb0f453f711fe2fd8014,Trem Elétrico com Luzes e Som,,brinquedos,45,293,2,250,34,4,32
1ad107de20364138356e19ab81369f04,Lixeira Automática 12L,,utilidades_domesticas,57,754,1,750,25,42,21
1ab21e6620cb6346784529bff0a0c43b,Kit de Poda (Tesoura + Serrote),,ferramentas_jardim,46,476,1,268,38,9,12
bce12dc098cfc1fba81141118561959f,Prateleira Flutuante para Sala,,moveis_decoracao,53,1750,3,2150,105,3,70
555dec7f4c47f1d985310349938fc0ad,Geladeira Frost Free 400L,,eletrodomesticos,52,142,1,500,27,13,17
3215010238fcd9cab6ba7d2b81a6973d,Market Place - 200g - 16x4x16cm,,market_place,63,937,2,200,16,4,16
5272c0e8bee8fadf0a2a23b5460da8c6,Construcao Ferramentas Jardim - 325g - 18x16x13cm,,construcao_ferramentas_jardim,46,1612,1,325,18,16,13
f50c70e94e7b173b135c3cab35201f37,Relógio Esportivo Resistente à Água,,relogios_presentes,59,975,2,2850,41,35,48
687865b021641ba258e6967af27301ff,Moveis Quarto - 10kg - 33x45x40cm,,moveis_quarto,40,180,1,10600,33,45,40
3eaebcf7b4fceb70d8e052e8ef653415,Marcador Permanente Preto (5un),,papelaria,35,871,5,2650,48,28,40
02a0c276d5a252215b48269dea73a6e7,Bola de Futebol Oficial (Edição Especial),,esporte_lazer,32,963,1,300,20,15,15
4afc77312aa956b54d72a22c7170157e,Controle Sem Fio para PS5,,consoles_games,51,888,1,1000,20,30,20
2c118aabf0b8b0f52167c7741512d699,Cama Mesa Banho - 1kg - 95x8x50cm,,cama_mesa_banho,60,124,2,1100,95,8,50
8e32a514da51f104caa9cfbad8df8432,Trem Elétrico com Trilhos,,brinquedos,53,1633,1,650,21,18,28
0ef56954a7f2e8c36b83dadad90b9cc9,Berço Portátil Dobrável,,bebes,46,493,2,350,50,5,35
7e005c651eec410691559257f9ef8f64,Produto - 1kg - 40x10x15cm,,,,,,1200,40,10,15
820dd5eac7a0890ebab9d0866afe62b0,Cama Mesa Banho - 800g - 30x14x16cm,,cama_mesa_banho,55,1214,8,800,30,14,16
15ebe9dfd8d6e1cce0d81bce5de8cffc,Shampoo Anticaspa 500ml,,beleza_saude,59,1179,1,320,19,14,14
2a3539131370b3ac020dd5f7a656a53d,Caixa de Som Portátil 10W,,eletronicos,60,442,2,1075,21,9,9
b45618718859484b336a58082991847b,Pacote de Canetas Esferográficas (10un),,papelaria,47,194,4,900,30,15,15
14ae64f095e11f8010d2381ba2845cff,Cama Mesa Banho - 800g - 95x8x50cm,,cama_mesa_banho,59,124,2,800,95,8,50
38273c03eb0f88327f62c1d521260623,Mouse Sem Fio 2.4GHz,,informatica_acessorios,49,823,1,150,20,10,20
6cbe86517b670a03d810471811e93316,Caderno Universitário 200fls,,papelaria,51,1051,1,233,12,4,9
b7900dadb2e17d3f270cd487b7df185d,Cama Mesa Banho - 800g - 25x5x25cm,,cama_mesa_banho,54,909,1,800,25,5,25
c007861a802946f6b56220f281da6d38,Cama Mesa Banho - 3kg - 48x13x40cm,,cama_mesa_banho,60,269,1,3600,48,13,40
bff79f2c9dafe00c6215dbf7be6139da,Mouse Sem Fio 2.4GHz,,informatica_acessorios,51,1177,3,840,20,11,19
9666f6aaf24141e6d17f7d56921f364d,Prateleira Flutuante para Sala,,moveis_decoracao,55,646,1,300,16,30,20
15f773b4fea5b2ab681b02620b0c3a95,Produto - 750g - 16x25x15cm,,,,,,750,16,25,15
7670134d0deed66c4befad4f59d0af49,Organizador de Gavetas 3 Níveis,,utilidades_domesticas,41,243,1,400,16,11,14
51dea5d1ada11e6deab755d7ab30fc6e,Fralda Ecológica Tam M (50un),,bebes,52,196,1,450,25,6,25
00878d953636afec00d3e85d55a12e7f,Shampoo Anticaspa 300ml,,beleza_saude,59,1631,4,2550,38,42,25
cffb05bb50a95e92fc26bbb049cc8fe7,Luminária Pendente Vintage,,moveis_decoracao,52,474,1,1300,50,20,40
87178532ea55e247a0cac93f4126e96a,Relógio Casual Masculino,,relogios_presentes,56,557,1,200,20,5,15
597db778f5d2ebf10a3fa0f43a2ae143,Necessaire Viagem 5 Compartimentos,,malas_acessorios,59,2197,6,1000,35,10,20
2052b3c5e08893e567c2fb7778476c75,Mouse Sem Fio 2.4GHz,,informatica_acessorios,46,227,1,810,16,10,12
fbb72ae209733219a1a5019715b15472,Construcao Ferramentas Iluminacao - 1kg - 22x22x22cm,,construcao_ferramentas_iluminacao,47,177,1,1300,22,22,22
f158c89259d05ad3364be59f73e753c3,Shampoo Anticaspa 500ml,,beleza_saude,23,375,3,500,25,38,30
70ecfc40193a5327e6921986e6484fab,Pendrive 32GB USB 3.0,,informatica_acessorios,59,245,1,200,18,9,16
b01cedfa96d891427058852f0625e9ee,Produto - 4kg - 42x16x37cm,,,,,,4900,42,16,37
9400a388ad4fbe5e9d381a9762fc99c2,Espelho Decorativo Ovalado,,moveis_decoracao,59,2045,1,1550,25,16,18
d03e27d4f155991fbefbd25b974b543a,Aromatizante Automotivo Lavanda,,automotivo,51,651,5,5750,64,5,39
27dd6092aaf2627e39331ad9823b5ebf,Relógio Casual Masculino,,relogios_presentes,50,155,2,300,16,16,11
1d417ca09479182e9fdf13a1c77c309f,Cama Mesa Banho - 1kg - 20x30x30cm,,cama_mesa_banho,49,729,1,1300,20,30,30
2dfd94a67354f13a87ed35a8aac986af,Prateleira Flutuante para Sala,,moveis_decoracao,58,314,1,1000,40,5,30
5e515438a7eb90b6f35a1d0157a6310b,Pendrive 32GB USB 3.0,,informatica_acessorios,39,1009,1,200,31,13,11
31596cc4bf31a702bc34ab7223a827da,Eletrodomesticos 2 - 2kg - 62x11x40cm,,eletrodomesticos_2,33,1335,4,2850,62,11,40
0a8038344359ff23c26156650b801e6c,Kit de Poda (Tesoura + Serrote),,ferramentas_jardim,48,916,1,1600,32,21,14
a3e8ee20df0f969f2cb0c5ba01e1c40a,Relógio Esportivo Resistente à Água,,relogios_presentes,41,702,2,3900,16,4,16
42b5c89883ffcf6b4d081833fcda6286,Kit de Limpeza Multiuso (5pç),,utilidades_domesticas,45,694,2,950,30,25,30
e52d4febf32212098d434438f495d006,Webcam Full HD 1080p,,eletronicos,42,189,1,1150,30,15,20
174f6dbd30e54c690ac97b27a3a793fa,Shampoo Anticaspa 500ml,,beleza_saude,57,752,1,200,26,6,18
84304b9ce0da63381ada0ba1b05ca428,Fone de Ouvido Bluetooth 5.0,,eletronicos,43,288,1,200,21,7,16
cb4ea8f55c5245555696ae22ce0ea921,Raquete de Tênis Profissional,,esporte_lazer,54,790,2,500,35,10,11
d412d78a36f204c033b6ec60d874bc75,Caneca Criativa 350ml,,cool_stuff,44,120,1,5600,25,37,36
c8ae51eca4e84c8128e116c2098715c8,Smartwatch Série 7,,eletronicos,59,670,1,400,25,10,20
111e2f43245b193147270aba6d558129,Protetor Solar FPS 50,,beleza_saude,39,371,1,150,16,3,15
f172934b37c68afdb4b93ca53d8d536c,Raquete de Tênis Júnior,,esporte_lazer,56,2504,1,2900,30,30,30
4cdd0c9eb93994b4c2b313ecb2c8b5ca,Lixeira Automática 12L,,utilidades_domesticas,53,532,1,250,20,3,20
309dd69eb83cea38c51709d62befe1a4,Furadeira de Impacto 500W,,construcao_ferramentas_construcao,57,338,1,2150,20,8,20
9f5d4ccdd7f86c5c3fdcbd899867a5e9,Raquete de Tênis Profissional,,esporte_lazer,43,417,1,300,30,16,16
ebe0908b88b8280a543507871218669b,Livro O Homem Mais Rico da Babilônia,,livros_interesse_geral,45,756,1,425,28,3,20
3c61c2007c26ec50365d6c385e088ca1,Raquete de Tênis Profissional,,esporte_lazer,37,732,1,100,27,17,14
19d3bf0c73434c2f0518c526f0b4e5c2,Sinalizacao E Seguranca - 300g - 19x13x13cm,,sinalizacao_e_seguranca,42,1016,2,300,19,13,13
9feeadd6b97835152e83e1b25b46f5c4,Bola de Futebol Oficial,,esporte_lazer,54,1175,1,1064,24,20,19
489ae2aa008f021502940f251d4cce7f,Tábua de Picar Bambu (3pç),,utilidades_domesticas,31,875,2,30000,60,61,33
350688d9dc1e75ff97be326363655e01,Cama Mesa Banho - 600g - 30x3x19cm,,cama_mesa_banho,47,511,1,600,30,3,19
f0087499874ae6c0b14f7b42671519fc,Mouse Sem Fio 2.4GHz,,informatica_acessorios,57,122,1,1300,32,17,32
8c0fd3e89ebf51f2fcff46abbc4eca05,Relógio Casual Masculino,,relogios_presentes,40,525,3,500,38,12,38
76ad24d8518857df0f3dc45b2f5faf2d,Protetor Solar FPS 50,,beleza_saude,44,717,1,350,16,19,15
cf698aea327d98aec83099c6c1cd0df4,Luminária Pendente Vintage,,moveis_decoracao,35,232,2,515,98,8,16
99e28f7c171b6945dc991d1178ffedfe,Lixeira Automática 5L,,utilidades_domesticas,35,1800,1,14000,44,33,36
6c82ebe860b459b481f4226e2a06534e,Chinelo Slide Unisex 39,,fashion_calcados,57,404,4,1400,22,12,33
3c39f47a2595ed6989c1357d7926acd8,Shampoo Anticaspa 300ml,,beleza_saude,52,191,3,50,19,11,23
ed4eef5d2197b2950e6eec648488909d,Andador Infantil Musical,,bebes,45,891,1,3050,28,33,45
67434db9e83b58ef317f4a902807b82e,Martelo de Aço 500g,,construcao_ferramentas_construcao,54,2420,2,60,20,5,20
6f73b16abce275c50c172a2690ad4b12,Teclado Mecânico RGB,,informatica_acessorios,50,488,4,450,19,5,12
a35ea299fbf8fc63d9faa23b77bf3eaf,Balão de Voleibol Praia,,esporte_lazer,57,691,3,1700,16,11,25
22594ba8fd9a72ad95d352929c821560,Mesa de Escritório 120x60cm,,moveis_escritorio,31,1076,1,8450,53,50,16
27080bc09a8965fb3ba30063cefb12de,Berço Portátil Dobrável,,bebes,56,1143,3,1533,39,13,32
496f6bd86011e5a9ddea8dc96e802340,Prateleira Flutuante para Livros,,moveis_decoracao,60,458,1,1050,30,4,20
65dfa5d20f4beb1a0f6aad75c004434f,Caneta 3D Iniciante,,cool_stuff,51,729,2,8450,45,24,39
3cfbfb223bf0e89feef39ee393833408,Mouse Óptico USB,,informatica_acessorios,39,1620,3,1375,21,7,16
18a6a9435280bc4978a427f0f95cbd4e,Lixeira Automática 12L,,utilidades_domesticas,54,450,5,250,30,11,17
32762549e61c9115d70c8267c00d1c13,Bola de Futebol Oficial,,esporte_lazer,52,425,1,200,18,9,13
03b29ca1beec2e03e15a3b980c1505ed,Colônia Esportiva 150ml,,perfumaria,43,656,3,100,18,7,11
2ed61618c3f21314a9aff852c8c9866b,Balão de Voleibol Praia,,esporte_lazer,51,512,3,6400,103,17,28
a94bae2ca6c0f6530af830bda6dae563,Cama Mesa Banho - 900g - 45x15x35cm,,cama_mesa_banho,52,629,1,900,45,15,35
d35dccc8b673b41ed414984b463b17b4,Violão Acústico Clássico,,instrumentos_musicais,58,579,1,200,40,5,11
467df52fbb75382062d23bcb4e995d67,Marcador Permanente Preto (12un),,papelaria,60,244,1,1900,60,20,29
7c78931da71b756d23d98d0e53e01fb0,Cama Mesa Banho - 1kg - 45x10x15cm,,cama_mesa_banho,44,179,1,1250,45,10,15
83294cbb80def7b3b28087e0d2078d8a,Protetor Solar FPS 50,,beleza_saude,21,278,2,217,27,12,17
799710ec16ede0ad489ed63ae8b2766c,Market Place - 1kg - 25x15x45cm,,market_place,55,135,1,1100,25,15,45
4ae24a5e47258817e334be1de90a658a,Marcador Permanente Preto (5un),,papelaria,36,735,1,100,16,10,15
69455f41626a745aea9ee9164cb9eafd,Relógio Casual Masculino,,relogios_presentes,41,408,2,501,18,13,14
3e935c981d34489d33ea5c721ab2e14c,Alimentos - 550g - 32x30x27cm,,alimentos,54,524,1,550,32,30,27
27a0edbc33200d89dfc1276a729dd5d4,Violão Acústico Cutaway,,instrumentos_musicais,50,192,4,567,31,7,23
f25bbb88c1a219c21b1af6b99895b960,Raquete de Tênis Profissional,,esporte_lazer,42,231,4,550,35,10,20
c8f57335e06d8d4e73e34057dc92cfbe,Capa para Samsung Galaxy S23,,telefonia,59,273,1,300,16,2,11
44c015f31e165a805a0c68a2124e2e90,Prateleira Flutuante para Sala,,moveis_decoracao,58,1198,1,7600,52,15,52
51555187e14ed8bb8addc25344848ef7,Cama Mesa Banho - 1kg - 19x17x23cm,,cama_mesa_banho,58,676,1,1325,19,17,23
f7b30f48c235d715e00822023d8a4dce,Berço Portátil Dobrável,,bebes,52,438,4,28750,60,46,20
2a7e9f98e73a335bbb0ba2253d0c9b40,Aromatizante Automotivo Baunilha,,automotivo,51,836,3,8500,65,40,65
c9087c6bffed15d6cd627121fb818386,Limpa Para-brisas 1L,,automotivo,60,198,2,480,27,8,14
15d46964df616d5206807cd84b95b73d,Chinelo Slide Unisex 39,,fashion_calcados,43,647,3,900,19,9,20
96fda9a1e131e4c4f2faecacbf9aaf50,Kit de Poda (Tesoura + Serrote),,ferramentas_jardim,59,2032,3,8650,40,30,20
798e4e153e7141eb95d330765208c63b,Coleira Antipulgas 8 Meses,,pet_shop,55,587,2,650,21,12,52
0fe922b7f7d43ef454bbc241416e7401,Bola de Futebol Oficial (Edição Especial),,esporte_lazer,45,429,2,50,20,11,11
8a242876e3a83bab76209342bf6ca588,Prateleira Flutuante para Sala,,moveis_decoracao,56,281,2,1050,45,5,30
ca6d10d1487b13988e0241beaa7fa089,Livro Mindset: A Nova Psicologia do Sucesso,,livros_interesse_geral,46,1047,2,1500,25,7,19
81e02af7d00fcf604270221efe1d1b95,Portateis Casa Forno E Cafe - 4kg - 16x4x11cm,,portateis_casa_forno_e_cafe,57,459,3,4800,16,4,11
408e83214d33817b4bc554f392509088,Creme Dental Branqueador 120g,,beleza_saude,55,3059,1,2570,24,23,21
3033b785da7b2b5dea9e41fb29b72109,Cama Mesa Banho - 1kg - 40x10x30cm,,cama_mesa_banho,55,317,1,1850,40,10,30
740867136b4bf7605e36c5913b91eb99,Alimentos Bebidas - 2kg - 27x19x24cm,,alimentos_bebidas,59,514,2,2800,27,19,24
f3c5707e7c539ab6533e3611da02b648,Cama Mesa Banho - 2kg - 35x20x30cm,,cama_mesa_banho,57,204,1,2250,35,20,30
00a8c742ae1da97e9064205459977e6c,Teclado Multimídia ABNT2,,informatica_acessorios,38,581,1,150,16,23,13
f130542b9dab05d4540ba00f35f0880f,Fashion Roupa Masculina - 300g - 16x2x11cm,,fashion_roupa_masculina,36,694,2,300,16,2,11
abcadf3aeced9a5dd2c23cb61ca09a4c,Aromatizante Automotivo Baunilha,,automotivo,56,663,3,577,24,14,13
678f4b558147f3aaca424c13a1f89060,Lixeira Automática 5L,,utilidades_domesticas,60,81,1,1625,37,15,28
1f14955ab3f179a666e101d5984b1319,Fashion Bolsas E Acessorios - 300g - 16x8x11cm,,fashion_bolsas_e_acessorios,30,227,2,300,16,8,11
f9b0ee95ce8b1ef8b50eecc5e0fa4348,Bola de Futebol Oficial,,esporte_lazer,59,2993,1,1250,23,23,23
63c4a70e0a12b4bd9475fca9e9937e76,Aromatizante Automotivo Baunilha,,automotivo,44,350,1,30000,60,60,60
c7201e0891f536eecd2369c50d0b04b8,Livro O Poder do Hábito,,livros_interesse_geral,28,1487,1,350,33,6,22
bd1aace4fad5609f005fd721b45dcec4,Cama Mesa Banho - 2kg - 34x8x32cm,,cama_mesa_banho,60,234,1,2150,34,8,32
06731ce59716357095ed1a25850320b8,Moveis Cozinha Area De Servico Jantar E Jardim - 1kg - 100x3x60cm,,moveis_cozinha_area_de_servico_jantar_e_jardim,37,694,4,1700,100,3,60
b60a0c8bd0333c69ee70565973709bbf,Shampoo Anticaspa 300ml,,beleza_saude,56,2010,5,650,16,10,11
ff3377c7e76bb050877c8a7c28d7525f,Bola de Futebol Oficial,,esporte_lazer,32,362,2,2000,22,20,22
cec09725da5ed01471d9a505e7389d37,Bola de Futebol Oficial (Edição Especial),,esporte_lazer,52,1197,1,2500,20,11,11
2ad3b6ce77f3c97f0350b5752cbe4518,Mouse Sem Fio 2.4GHz,,informatica_acessorios,44,262,1,1200,26,12,26
98cd3776d33bddd0ebf8ad8b4732d1b4,Prateleira Flutuante para Sala,,moveis_decoracao,34,252,1,1200,16,34,34
4796ab0f0b86b1d3aeea60f77a0ad991,Agro Industria E Comercio - 300g - 20x20x20cm,,agro_industria_e_comercio,44,755,1,300,20,20,20
7efb82beff3504e95045d59c6369917d,Caderno Universitário 200fls,,papelaria,50,762,1,400,31,2,22
bacf6a8b3c76adbf95a90d402fded27c,Balão de Voleibol Praia,,esporte_lazer,63,103,1,400,26,3,15
d5aca74039d8803e8a1085e419720c95,Relógio Casual Masculino,,relogios_presentes,46,433,3,450,18,23,18
0ea4159212776c6cc70d802d45145353,Cama Mesa Banho - 200g - 16x6x20cm,,cama_mesa_banho,41,187,2,200,16,6,20
6f9d3ff69fea5b27532628c987f4b49a,Aromatizante Automotivo Lavanda,,automotivo,60,847,6,5900,53,43,11
807b118bfa0f764901f5a528e0e3b7f9,Organizador de Gavetas 3 Níveis,,utilidades_domesticas,24,136,1,1500,45,25,35
7c88ed4fc8c3ae3a1e08a074cbfc9a88,Creme Dental Branqueador 120g,,beleza_saude,58,1348,1,1317,22,28,17
2d36fe5f546a2a0d9cf193511d2a916f,Kit de Limpeza Multiuso (5pç),,utilidades_domesticas,58,135,1,7550,42,11,64
54f7278e25e80c7cb083d509fd5535c9,Fashion Bolsas E Acessorios - 100g - 16x3x17cm,,fashion_bolsas_e_acessorios,34,456,3,100,16,3,17
7209cdb0efeff5f50f20b2ff4cdd511d,Lixeira Automática 5L,,utilidades_domesticas,58,720,3,9950,31,61,31
cc2634460dcfbfdd94dc43f5ac3f8963,Cama Mesa Banho - 600g - 50x8x40cm,,cama_mesa_banho,55,184,2,600,50,8,40
5fb63276a045b516c561e4be61e1109e,Balão de Voleibol Praia,,esporte_lazer,56,332,2,350,27,10,16
3f0b2aa04502b87638f75da7b9cae50e,Andador Infantil Clássico,,bebes,45,664,1,122,17,12,14
5abb262996451f878f52e83d721e74dc,Jogo de Blocos 100pç,,brinquedos,58,423,5,2500,30,10,34
80a286e053c52c87a4900fba51ee5b05,Espelho Decorativo Ovalado,,moveis_decoracao,53,1429,10,650,35,2,25
6c6a78e0768babe7473b5eccf0fc6076,Prateleira Flutuante para Sala,,moveis_decoracao,60,357,1,400,25,5,17
bfe05de8c1ac3259ae43ada77182d840,Shampoo Anticaspa 500ml,,beleza_saude,60,1090,1,2400,30,20,20
1b474c650cb9407d32a1e066937b68fd,Relógio Esportivo Resistente à Água,,relogios_presentes,43,548,3,381,18,12,15
83634a7abf56905fc9ab415328908de2,Teclado Multimídia ABNT2,,informatica_acessorios,40,602,1,850,30,15,15
ca873fc3d2a6186b92f8c32d685012a6,Película de Vidro Temperado Universal,,telefonia,57,319,3,275,16,5,11
f3c2725b2c9d0ebe936dd613b3984688,Cama Mesa Banho - 1kg - 20x20x20cm,,cama_mesa_banho,54,704,1,1250,20,20,20
9b56346f1622f67c67fce4e6783b5be2,Prateleira Flutuante para Sala,,moveis_decoracao,60,2063,3,2950,69,11,11
d86a0708a75b7ba0080d94dc632fbc23,Creme Dental Branqueador 120g,,beleza_saude,37,634,2,200,16,10,16
2d110366dd24a714cb50dddc30b4101c,Bola de Futebol Oficial,,esporte_lazer,32,1961,1,250,16,17,22
1164c17af70425821f88bfbdc9e907a3,Andador Infantil Musical,,bebes,44,282,1,550,50,10,50
276e9ed23a30582d125743aaed57ed22,Kit de Poda (Tesoura + Serrote),,ferramentas_jardim,60,624,3,250,17,7,13
3477030902c7c383db840003051d8115,Cama Mesa Banho - 20kg - 58x50x49cm,,cama_mesa_banho,54,611,1,20700,58,50,49
8952479b2147f90098cc9615de73bb94,Jogo de Blocos 100pç,,brinquedos,50,685,1,2483,42,22,30
999a19b6168bea2f4575a3011e84a687,Cama Mesa Banho - 1kg - 37x9x30cm,,cama_mesa_banho,40,324,1,1500,37,9,30
de9db16814cdc52a0211f27c12e172ba,Balão de Voleibol Praia,,esporte_lazer,53,2267,1,1400,16,16,16
21efeb0e47f3328f86002eda80b63321,Fashion Roupa Masculina - 100g - 16x2x11cm,,fashion_roupa_masculina,28,696,2,100,16,2,11
13e64813e400c6b383297c388eb38688,Suporte de Celular Articulado,,cool_stuff,54,2471,1,2000,33,44,19
ea4f4b5a820fea007c6c8d7ef9a790bc,Teclado Multimídia ABNT2,,informatica_acessorios,31,694,1,167,16,14,13
056fc939c78534a5fb6a762ef17d912e,Luminária Pendente Vintage,,moveis_decoracao,53,87,1,1300,25,25,20
0d98754cfefd5a306f6633725f3aed59,Cama Mesa Banho - 11kg - 45x18x38cm,,cama_mesa_banho,59,186,1,11150,45,18,38
9d09d82a6838777302175f209dcfc4ec,Produto - 400g - 16x15x11cm,,,,,,400,16,15,11
162c1a60e671a6632c2a03243557d549,Balão de Voleibol Praia,,esporte_lazer,56,898,6,1800,72,22,11
885d15f0bcf8b27f592327ee58f0fcf1,Bola de Futebol Oficial (Edição Especial),,esporte_lazer,59,417,1,5200,20,22,22
717782a9317932b317d99e416c04ee79,Prateleira Flutuante para Sala,,moveis_decoracao,42,199,2,6100,35,15,30
368645a47a15770520ad12d9ea77c2f2,Luminária Pendente Vintage,,moveis_decoracao,61,603,2,30000,70,60,60
d1b571cd58267d8cac8b2afd6e288bbc,Pulverizador de Jardim 2L,,ferramentas_jardim,63,842,1,2400,40,15,30
dd44ecaddb22d00c140856b180f5d9b4,Cama Mesa Banho - 2kg - 20x30x30cm,,cama_mesa_banho,53,729,1,2400,20,30,30
d5365b4fc46af0e0679ce35e818b4b0a,Bola de Futebol Oficial,,esporte_lazer,59,355,2,15450,16,105,55
03d7ad0ce97624c931b3abde02b5d819,Perfume Aventus 50ml,,perfumaria,48,259,1,249,19,13,15
9ecf1e9d0607fc9074feb78fa8d8cc95,Construcao Ferramentas Iluminacao - 1kg - 20x20x20cm,,construcao_ferramentas_iluminacao,55,325,1,1450,20,20,20
237428d1c44f69d9f7eb073c1baf34e5,Livros Tecnicos - 1kg - 27x2x19cm,,livros_tecnicos,46,1111,1,1300,27,2,19
9ae64e1163bf254bad20d5155cffb99d,Pacote de Canetas Esferográficas (10un),,papelaria,59,314,3,8000,30,55,35
d5536c1422144c4fc6fe001224b21ba8,Luminária Pendente Vintage,,moveis_decoracao,25,175,2,3000,70,55,70
91894be08b341b3d6228779d2a80ab94,Marcador Permanente Preto (12un),,papelaria,38,251,1,50,16,6,11
637641add87a760737226d3771e1782c,Telefonia Fixa - 200g - 19x3x11cm,,telefonia_fixa,31,338,3,200,19,3,11
c6d339a1fa8873b1ffe76fb1b7cc10f1,Raquete de Tênis Profissional,,esporte_lazer,55,3956,1,5150,27,26,25
ff8f6ec909e03ac8d9f6d82a10031c0c,Suporte de Celular Articulado,,cool_stuff,54,1594,2,1600,60,5,36
f98ab3dc92c46ebabdc8f613acfae537,Shampoo Anticaspa 300ml,,beleza_saude,58,1419,1,210,33,8,19
ed093290e543139864511e4f41b9400a,Cama Mesa Banho - 300g - 16x22x11cm,,cama_mesa_banho,47,302,1,300,16,22,11
610e045d4ebcfde8d0c8991e8b1f39bb,Balão de Voleibol Praia,,esporte_lazer,41,786,1,400,16,10,11
9701d977eb68896a77f4095dca55dbcc,Relógio Casual Masculino,,relogios_presentes,50,520,2,225,20,12,13
be96ebb16fae936ebe608daef14a2d21,Mouse Sem Fio 2.4GHz,,informatica_acessorios,56,306,5,4400,19,23,19
678c229b41c0e497d35a25a8be1cc631,Parafusadeira Elétrica 12V,,construcao_ferramentas_construcao,60,339,1,3100,24,7,24
e4f61b606514ddd78124fd38f3433155,Telefonia Fixa - 2kg - 100x20x30cm,,telefonia_fixa,51,1325,1,2550,100,20,30
1ab301df9ab26fc25842366a7c68fb96,Marcador Permanente Preto (12un),,papelaria,51,404,4,1400,35,46,31
29dcc20b00ccb0dd2136eb2f4c5f3847,Luminária Pendente Moderna,,moveis_decoracao,46,192,1,1700,40,10,40
ffc0b406806006602c5853b00ab5f7fd,Artigos De Natal - 4kg - 50x8x45cm,,artigos_de_natal,39,749,1,4450,50,8,45
1fee07af6000817a742999e65c190276,Raquete de Tênis Profissional,,esporte_lazer,53,852,2,1033,46,32,14
134957eeec87be2414ac629ee0b947a4,Teclado Multimídia ABNT2,,informatica_acessorios,57,1370,1,200,20,15,15
3cce0d166c3fb2507956c630c1d0f87c,Telha de Fibrocimento 2.44m,,casa_construcao,58,415,6,900,32,24,11
e7aa61e91437781b16e4fff575395c18,Prateleira Flutuante para Livros,,moveis_decoracao,59,413,2,1100,30,6,32
82f57f97ebc983ae3eb96fe5bb9d9be6,Cama Mesa Banho - 500g - 16x16x16cm,,cama_mesa_banho,46,522,2,500,16,16,16
d19e5d8dfe80f249d215c3e5f9a4b6d2,Cama Mesa Banho - 8kg - 50x20x45cm,,cama_mesa_banho,57,329,1,8550,50,20,45
39dc16aaca25e1f0ab28d16d72703082,Audio - 600g - 16x10x24cm,,audio,60,780,1,600,16,10,24
7124ca1f9c1598c0ad3166988e93d5c1,Andador Infantil Clássico,,bebes,60,1599,3,400,30,14,21
ca3fd09ef832923ccad790506d6e0385,Tapete Higiênico Cachorro 40x50cm,,pet_shop,50,1463,3,5500,26,47,27
3731dd5544cd9646d73050e946641da8,Teclado Mecânico RGB,,informatica_acessorios,58,459,1,4300,28,23,20
df2a36e39b65ff56203117e93bcbe20a,Raquete de Tênis Júnior,,esporte_lazer,52,847,1,600,16,6,15
f2e53dd1670f3c376518263b3f71424d,Cama Mesa Banho - 1kg - 41x13x31cm,,cama_mesa_banho,53,236,2,1975,41,13,31
0082684bb4a60a862baaf7a60a5845ed,Produto - 500g - 24x4x15cm,,,,,,500,24,4,15
fde71f25e699ca0a2a83a6c3a249b816,Livros Importados - 600g - 29x2x22cm,,livros_importados,51,93,1,600,29,2,22
26e5b7d049012785d88313194cd576d2,Eletroportateis - 1kg - 20x20x20cm,,eletroportateis,58,296,1,1050,20,20,20
73353895a654703808e8ac484d6abe20,Arranhador para Gatos 60cm,,pet_shop,56,1143,2,1700,50,20,40
21538f484ba135893f2b51c8b8750966,Shampoo Anticaspa 300ml,,beleza_saude,50,3929,1,550,16,20,16
139c42ffabb4d6cd430dfc71d85a5180,Organizador de Gavetas 3 Níveis,,utilidades_domesticas,45,841,5,1350,44,22,30
cbfdbf24b32d9aceeeff3e9c77fd9d36,Luminária Pendente Moderna,,moveis_decoracao,52,1786,2,600,68,8,13
e6ebef1aa6feb022f534f7c73de98b01,Furadeira de Impacto 500W,,construcao_ferramentas_construcao,54,756,1,600,16,11,11
b3436add9bf37c33b8299b4a7ef57599,Shampoo Anticaspa 300ml,,beleza_saude,50,252,1,367,18,14,17
89cea55405dd7811b48e500d9f263e43,Película de Vidro Temperado Universal,,telefonia,48,856,6,300,16,5,11
3f29ff76d9ee5fd080b96ce49afc6c94,Balão de Voleibol Praia,,esporte_lazer,59,1299,3,500,20,10,15
2e9575efe2eb834f5673cb75df8537f9,Relógio Casual Masculino,,relogios_presentes,55,744,2,210,18,12,17
4f0aa1e91719362daf498003e6ad4177,Produto - 1kg - 20x30x20cm,,,,,,1800,20,30,20
9e2d3a8d8ffad53e2e35282a2020221c,Prateleira Flutuante para Sala,,moveis_decoracao,50,531,4,1600,35,6,32
f011deae0b381d8abd76d0ee747370fb,Cama Mesa Banho - 500g - 28x10x23cm,,cama_mesa_banho,58,144,2,500,28,10,23
c36bbb0e95d7546794ee5170baf0df93,Cama Mesa Banho - 300g - 28x13x12cm,,cama_mesa_banho,55,92,1,300,28,13,12
32442bee23baee10041f5a964cfcbd15,Caderno Universitário 100fls,,papelaria,48,1235,2,800,20,50,40
497f3cf6e1c584b489ca78da2bc08d5a,Necessaire Viagem 3 Compartimentos,,malas_acessorios,52,1862,4,750,25,55,40
083e8ca099c4307911ac90d162896350,Carregador Veicular Bluetooth FM,,automotivo,47,790,2,300,16,5,11
b184461ba53ea15b7fc5858a5fd7b518,Cama Mesa Banho - 567g - 45x4x35cm,,cama_mesa_banho,60,460,2,567,45,4,35
a2f0a41fa03da98fd19e20d996462cc8,Brinquedo Mordedor para Cães,,pet_shop,55,444,2,300,17,12,14
8db75af9aed3315374db44d7860e25da,Seguros E Servicos - 400g - 26x22x11cm,,seguros_e_servicos,48,461,4,400,26,22,11
2e288007b869cff009a184b071b7c925,Trem Elétrico com Luzes e Som,,brinquedos,38,471,1,600,35,8,20
71ba45cba15ada7cd8fd87ac71b0dc2e,Bola de Futebol Oficial (Edição Especial),,esporte_lazer,59,247,2,1675,60,15,15
0cb61dc7daa0bf5e31e9ac3ba8fba86e,Teclado Mecânico RGB,,informatica_acessorios,36,2016,2,600,19,5,15
536f5439f278dff98e415fce685cc77b,Cama Mesa Banho - 4kg - 65x18x55cm,,cama_mesa_banho,36,432,1,4940,65,18,55
18af17f3ce7321c209d5ce9932248c4e,Fashion Bolsas E Acessorios - 100g - 16x11x13cm,,fashion_bolsas_e_acessorios,28,177,3,100,16,11,13
9804060d742be8facca9ff94f9aa436e,Limpa Para-brisas 500ml,,automotivo,57,1291,4,617,22,17,15
6e3186505d9f4c946921bd51a5b79742,Teclado Mecânico RGB,,informatica_acessorios,43,230,1,580,32,13,17
f110ebb80f170dbfc737459f401902b8,Protetor Solar FPS 50,,beleza_saude,40,789,3,450,40,7,20
91072b0e0e5d60ea13524c273da16106,Aromatizante Automotivo Baunilha,,automotivo,43,481,4,100,18,9,16
bd59d7bffae06b0b2ee40cf5b7939626,Estante Organizadora 6 Prateleiras,,moveis_escritorio,33,1197,1,21450,101,8,60
24b4132a43608c2949226ad2f774845f,Boneca Articulada 30cm,,brinquedos,27,708,2,250,17,7,18
f124ba93c961061c1358bab8b90730ba,Audio - 150g - 27x5x20cm,,audio,50,447,1,150,27,5,20
87e6cf7eb3e4996b725323a1d704fb8b,Caneta 3D Iniciante,,cool_stuff,53,431,1,1000,16,19,15
3373d1ed7bf5f3187f110c0e9e40a02b,Produto - 200g - 25x5x15cm,,,,,,200,25,5,15
1860189a4eaca04ccb8324bf0ea4384c,Shampoo Anticaspa 300ml,,beleza_saude,63,1192,1,188,18,18,18
b20dff2518b593f3092fb7b3ba13588e,Produto - 750g - 30x19x18cm,,,,,,750,30,19,18
96c1f14a0754e0f2c40523478a4075df,Creme Dental Branqueador 90g,,beleza_saude,49,484,1,150,16,7,15
d8c199ae0fce3ce0ba91596db04910be,Martelo de Aço 800g,,construcao_ferramentas_construcao,49,645,1,1800,20,6,20
e4d56c64196ecb182e719d9bacd0628a,Fralda Ecológica Tam G (50un),,bebes,60,1217,2,500,25,4,18
977e5f8adaa0cd1dac4f4b1969ec598b,Ventilador de Mesa 40cm,,climatizacao,37,1907,5,300,16,10,11
50f45d42cdfecd33a2424a1c617d251f,Cama Mesa Banho - 450g - 16x20x30cm,,cama_mesa_banho,55,221,1,450,16,20,30
2367943ffa6af39caabaf4f8f90e0d3a,Prateleira Flutuante para Sala,,moveis_decoracao,58,2128,2,350,69,11,11
016f3b29107ed03252e477b08445cec4,Aromatizante Automotivo Baunilha,,automotivo,56,871,2,3500,25,5,25
94bda974ca191307bd049cfd54d7f468,Teclado Multimídia ABNT2,,informatica_acessorios,32,1095,2,600,38,2,29
211c67e3e61d45efe54ed020191d042f,Pacote de Canetas Esferográficas (10un),,papelaria,58,238,1,1900,18,38,30
f99a41d435a967be6af245991a48428a,Balão de Voleibol Praia,,esporte_lazer,58,1100,1,3720,26,32,33
bd69e6d599b9a3d9c298617c14e46f9f,Cama Mesa Banho - 700g - 45x15x30cm,,cama_mesa_banho,54,405,1,700,45,15,30
f4c6e3643d47244bec4766d72c07ac4f,Livros Importados - 700g - 29x2x22cm,,livros_importados,48,636,1,700,29,2,22
b00e24be53a1785f1f613e747809a5ff,Raquete de Tênis Júnior,,esporte_lazer,48,567,1,1400,26,18,18
a9f386c43d436bf2a431efe073ecbc70,Mouse Óptico USB,,informatica_acessorios,22,716,2,150,41,2,29
a18c130946b89ab774bc5948fe71e2a5,Controle Sem Fio para PS5,,consoles_games,53,520,6,300,20,5,15
07faa4b332434d6455398852452e2783,Prateleira Flutuante para Livros,,moveis_decoracao,30,459,1,350,16,28,16
eb356ef61e2262adcadc023b9522609d,Relógio Casual Masculino,,relogios_presentes,60,261,3,200,16,2,11
3ecb2f23ecd8934a20027accead2b058,Kit de Poda (Tesoura + Serrote),,ferramentas_jardim,39,374,3,700,16,3,12
cd6e125f1385d66bd4d682a54f64750d,Teclado Musical 49 Teclas,,instrumentos_musicais,52,206,1,1400,31,50,31
f348ae21168771dfd5b8081e387b4f6b,Kit de Limpeza Multiuso (5pç),,utilidades_domesticas,52,340,3,250,25,10,15
660c03ec104ffe00c7b8e5a885cbee1e,Kit de Limpeza Multiuso (5pç),,utilidades_domesticas,60,257,1,465,17,14,19
27672da99215b426dc0ced05731bccc6,Fashion Bolsas E Acessorios - 200g - 16x2x11cm,,fashion_bolsas_e_acessorios,59,412,3,200,16,2,11
660fc6f47144a19180d7309e37155f1e,Fashion Roupa Masculina - 800g - 40x6x30cm,,fashion_roupa_masculina,54,265,2,800,40,6,30
4c2da344ea77566a0d45390f5cbd78e8,Liquidificador 600W,,eletrodomesticos,57,217,1,250,27,13,17
073b807aaf20e2382efc8ddc07bf7a5b,Bola de Futebol Oficial,,esporte_lazer,54,1394,2,7700,59,38,42
17de10d52ada234d16d3991c1b9546f8,Trem Elétrico com Luzes e Som,,brinquedos,45,128,1,400,22,14,14
5efb4125102dcaa9a937dc2002c96aba,Fogão 4 Bocas Inox,,eletrodomesticos,54,156,1,400,55,13,12
84fad62439091ff986a3885bfd6d299d,Raquete de Tênis Júnior,,esporte_lazer,46,3985,1,150,19,7,16
83f6e0a993efdfa2bf9550a204422cb7,Moveis Cozinha Area De Servico Jantar E Jardim - 15kg - 60x105x15cm,,moveis_cozinha_area_de_servico_jantar_e_jardim,55,875,5,15800,60,105,15
03e9fcb7adffd8c9e14285c979ea59c9,Kit de Poda (Tesoura + Serrote),,ferramentas_jardim,45,287,1,700,21,14,17
d487d19bd9ea9420465fc556ce17ef4e,Cama Mesa Banho - 1kg - 50x5x50cm,,cama_mesa_banho,52,126,2,1300,50,5,50
12f54c9922a614df9d112a6d7537bb9d,Película de Vidro Temperado Universal,,telefonia,55,592,1,275,18,4,12
9c8175269cef413a4b94529295cc1991,Telefonia Fixa - 394g - 21x16x17cm,,telefonia_fixa,60,789,4,394,21,16,17
963022ab2afed8b12ad312739a142b07,Luminária Pendente Moderna,,moveis_decoracao,51,1244,3,700,35,20,35
5115d8cd6438c0c4d8abdf38d5d41ebd,Fashion Bolsas E Acessorios - 350g - 16x2x20cm,,fashion_bolsas_e_acessorios,46,128,7,350,16,2,20
274221dea414cc167dce4f2716b1315a,Coleira Antipulgas 8 Meses,,pet_shop,52,717,2,300,20,30,20
010c79af51e82f60de174b6da6060c0a,Jogo de Blocos 200pç,,brinquedos,60,678,1,192,20,16,12
623eb5b692e915575c7392ca5cd5cd53,Tábua de Picar Bambu (3pç),,utilidades_domesticas,53,534,1,350,27,10,27
a86bf954ba3a0e7e31f2b6dc5267212b,Relógio Casual Masculino,,relogios_presentes,41,66,1,700,20,13,15
f5f1ce81676b7ce780092a7b8d9135b4,Relógio Esportivo com GPS,,relogios_presentes,43,886,1,275,18,9,12
990a2a3f3eb2d34d94b735af4a339f16,Creme Dental Branqueador 90g,,beleza_saude,53,908,1,1375,23,14,16
0cd7885ebb79eda16c32c1043681fc19,Jogo de Blocos 200pç,,brinquedos,29,643,1,10408,65,40,54
1b3c5b1455f3e42d831fb778055c9e45,Headset Gamer 7.1 Surround,,consoles_games,52,1916,5,900,20,20,16
37c4348304039a0f963eb67b5eeb0710,Lixeira Automática 12L,,utilidades_domesticas,57,347,1,800,30,40,30
f744c6a73a924600d92abc66a44d4f7f,Shampoo Anticaspa 300ml,,beleza_saude,46,578,1,3350,36,22,22
addd109cd809043dce31d9d023f51ed2,Shampoo Anticaspa 500ml,,beleza_saude,47,1920,1,342,18,14,14
af56f441a3b2e3181eeeb71ac93a6749,Telefonia Fixa - 700g - 16x8x16cm,,telefonia_fixa,59,2087,1,700,16,8,16
eeae7f73dc4d5690cd92f81ec2abd064,Protetor Solar FPS 50,,beleza_saude,37,367,1,50,16,3,15
623ca22610ff4563843c9568e1f9c870,Tábua de Picar Bambu (3pç),,utilidades_domesticas,45,711,1,9700,25,60,25
2e513e110e3f95926fa3d1ac44444ff4,Carregador Portátil 10000mAh,,eletronicos,56,320,1,150,24,8,16
2f58dd6eba44d0096d2d56fcd75700aa,Mesa de Escritório 120x60cm,,moveis_escritorio,33,2403,1,16750,58,28,58
8f81f9f8a5ad7f2c892d07b91b9c2607,Boneca Articulada 30cm,,brinquedos,58,992,1,19500,45,50,45
79469b17ae739422fe9f4c789d6de229,Carregador Veicular Bluetooth FM,,automotivo,55,248,1,3750,33,20,33
5e14c2beea650eac6b94bc9d446cd71a,Webcam Full HD 1080p,,eletronicos,46,272,1,175,22,12,16
51ff0a0f61611dfa94e43c834c949dd3,Kit de Limpeza Multiuso (5pç),,utilidades_domesticas,60,312,2,1950,23,65,23
f4116e296faeae4edac03ac7a501da81,Perfume Aventus 100ml,,perfumaria,43,574,1,150,17,9,11
5c9d92777b62444d9fbffe92338d9e21,Construcao Ferramentas Iluminacao - 750g - 28x5x25cm,,construcao_ferramentas_iluminacao,58,575,1,750,28,5,25
7aef20f12c90de905bf7782cb29dffb3,Prateleira Flutuante para Livros,,moveis_decoracao,53,400,1,1200,49,7,40
d221b0b65668b701135753c952b7a5f5,Eletrodomesticos 2 - 16kg - 58x19x85cm,,eletrodomesticos_2,38,2030,1,16100,58,19,85
cce61e7ab409679afd6ba99a47349582,Luminária Pendente Vintage,,moveis_decoracao,54,351,1,600,35,10,35
093cd981b714bcdff182b427d87fc8fc,Raquete de Tênis Júnior,,esporte_lazer,58,413,5,750,16,5,11
23fa975ce8503131504051933f2643af,Cama Mesa Banho - 3kg - 37x10x40cm,,cama_mesa_banho,53,448,3,3200,37,10,40
074fbdce1ed974986a2d2c9660b9eefb,Raquete de Tênis Júnior,,esporte_lazer,48,324,1,2100,30,20,45
8f03c5b78e41d6cecdfb6f6bbe4de8da,Cortador de Grama Manual,,ferramentas_jardim,43,594,3,5683,45,30,30
9988437646bfc0cbe0f97d4451cb08fc,Sanduicheira Elétrica Grill,,eletrodomesticos,60,230,3,300,27,13,17
5ad2c4859aad6ecebd816a300d34f326,Caneca Criativa 350ml,,cool_stuff,57,2066,1,1650,33,44,19
6bc7beedbbaefd0dc541f15678e48608,Tábua de Picar Bambu (3pç),,utilidades_domesticas,53,1564,1,1100,16,29,11
3cf2745a04ffbad66f835d61df48f8d4,Bola de Futebol Oficial (Edição Especial),,esporte_lazer,41,2679,2,400,25,15,25
90e5ed878b30ab97ae49a5709c1dbd5d,Marcador Permanente Preto (12un),,papelaria,59,607,6,1350,45,10,50
d16a25f576e1296fd955eb4136323f21,Balão de Voleibol Praia,,esporte_lazer,59,2134,1,4850,30,25,25
7a7f15a177bc01a71d26274bef4311fd,Capa para Samsung Galaxy S23,,telefonia,57,1238,3,500,18,8,16
3d75a35ffe2d78d994c7caa66db1c232,Colônia Nativa 200ml,,perfumaria,19,498,1,2500,30,16,30
58306668d7263e8ebd2d5c69ef31cc23,Shampoo Anticaspa 300ml,,beleza_saude,55,261,1,5300,25,105,12
e3a23a99f074226ad690393a840c3244,Fashion Bolsas E Acessorios - 100g - 17x3x12cm,,fashion_bolsas_e_acessorios,37,558,4,100,17,3,12
84aa780b4f8692cf7a28b30cd0ff671d,Limpa Para-brisas 500ml,,automotivo,58,855,6,2050,30,25,30
44dfeb8491daf22683dff46c7a3265b9,Luminária Pendente Moderna,,moveis_decoracao,54,2240,2,3000,69,11,11
32808768776c3aa459e4a6e143644cd6,Brinquedo Mordedor para Cães,,pet_shop,51,1348,2,1250,30,15,30
8ffdc77604396b5f0483e372aafe83f0,Raquete de Tênis Júnior,,esporte_lazer,58,958,3,600,16,7,12
818ce0c6a1687dd947ad226fb4387621,Mesa de Escritório 120x60cm,,moveis_escritorio,59,1318,1,7450,52,52,17
0b9d32c4f39a77eca7f39c5b69ebc690,Bota Social Masculina 41,,fashion_calcados,40,303,12,300,29,7,16
2007f2b457d10773f0d40622a433a22c,Perfume Aventus 50ml,,perfumaria,45,951,2,100,16,11,14
74a47de1d29e6b5c5b0135dbce365e67,Gaveteiro 3 Gavetas,,moveis_escritorio,42,1326,1,6025,57,55,22
8281b348c92d101d10c17e412b99d748,Creme Dental Branqueador 120g,,beleza_saude,47,332,1,2000,30,12,16
061c050147b7b9fb6f088593900e8dc6,Fashion Bolsas E Acessorios - 400g - 16x5x16cm,,fashion_bolsas_e_acessorios,48,150,2,400,16,5,16
34aca073a68b7ae1d470940db997c295,Bola de Futebol Oficial (Edição Especial),,esporte_lazer,60,941,8,6300,90,15,25
cef4f90ce027751d3acd18e554ca3e4c,Relógio Casual Feminino,,relogios_presentes,58,329,4,1400,33,10,33
e6f2a8e19c676520831a07479c0d774c,Lixeira Automática 12L,,utilidades_domesticas,25,558,1,900,26,32,31
ad0bb547c950431dae08e48803ff6dad,Fralda Ecológica Tam G (50un),,bebes,59,1591,1,2400,43,50,37
4ca054c4db947395a9f82c897d14b9cc,Construcao Ferramentas Seguranca - 882g - 18x19x14cm,,construcao_ferramentas_seguranca,34,1094,2,882,18,19,14
497afaeae8d825d8938d01e92007f654,Espelho Decorativo Ovalado,,moveis_decoracao,63,188,1,13700,100,7,90
db01f6d59372f9943ba1b411b59612fa,Lixeira Automática 5L,,utilidades_domesticas,50,349,1,300,50,4,11
e3217b2b6ec69befdfa1e98962b2565d,Jogo de Blocos 200pç,,brinquedos,57,882,4,350,20,25,20
e3fb4e9e85e0806fa95811fef10fb00f,Luminária Pendente Moderna,,moveis_decoracao,49,720,1,10050,40,45,40
e2ef692835bb1cebf4df94c3c306e352,Lixeira Automática 5L,,utilidades_domesticas,46,200,1,1100,40,10,35
afc6bc70dc56fcf15c7f9f1e4bc67dda,Organizador de Gavetas 3 Níveis,,utilidades_domesticas,59,303,1,9900,61,31,31
cf1c83c0097bce11c715b94f292769b5,Produto - 800g - 20x12x15cm,,,,,,800,20,12,15
04d752c2cda8f0972a8ab10ac9abdf12,Cama Mesa Banho - 900g - 50x5x50cm,,cama_mesa_banho,53,128,2,900,50,5,50
126cc3193a4db25b7957d001b0eb7f93,Raquete de Tênis Júnior,,esporte_lazer,58,3604,1,600,21,19,13
a52c53c58fd2105adfe80a817dfa5a76,Cama Mesa Banho - 1kg - 40x6x30cm,,cama_mesa_banho,60,418,1,1750,40,6,30
8f2fb4fbf4005e8763fc99f57dabb236,Teclado Multimídia ABNT2,,informatica_acessorios,34,561,1,250,16,7,16
8c7274c4e638e7f229007fe28aafc741,Produto - 1kg - 40x8x30cm,,,,,,1950,40,8,30
7cd368b177f37a01149c959266701c1f,Perfume Aventus 50ml,,perfumaria,53,1227,1,850,20,20,15
b7f11e51f023c6d2ba6a82e21ad20be1,Fralda Ecológica Tam G (50un),,bebes,48,513,1,16900,62,35,52
48f9072e368f7d7a924a4290c84121a5,Relógio Esportivo com GPS,,relogios_presentes,42,712,1,350,16,12,11
2fa9519c1258135c0ef52f270afb560a,Shampoo Anticaspa 500ml,,beleza_saude,60,1330,2,383,25,11,15
09f62215f404dbd29cb4378c9952e1b9,Tênis Esportivo Masculino 40,,fashion_calcados,34,240,12,200,29,7,16
bff9d75e90c1ecdb72ab40c3aafe7e49,Luminária Pendente Moderna,,moveis_decoracao,56,2042,2,3000,69,11,11
937a0cd52717a017956a9309a7bc49a0,"Mochila Executiva 17""",,malas_acessorios,55,947,2,6360,31,45,54
eca9ba7e0790a2802bfc28b0d7f92f56,Pulverizador de Jardim 2L,,ferramentas_jardim,60,1280,2,750,24,9,24
a95c77f369c8486c3ca5d101c49be836,Prateleira Flutuante para Sala,,moveis_decoracao,43,523,1,500,50,5,30
ef69b63fe95d8d9ff6ac136f213db1bc,Cama Mesa Banho - 3kg - 35x35x35cm,,cama_mesa_banho,48,1304,1,3600,35,35,35
40a87530ff9dde7f4f9a977c513c749d,Caderno Universitário 200fls,,papelaria,44,366,3,1500,38,30,28
4222fa433d71c969509acc408f343e89,Balão de Voleibol Praia,,esporte_lazer,60,220,2,300,20,5,20
60c7abb839b47c7e3732ff91c16c7c2d,Espelho Decorativo Ovalado,,moveis_decoracao,43,802,1,12950,68,26,44
3c3b7758fe340e0cc216142b0700124a,Limpa Para-brisas 500ml,,automotivo,51,1276,1,850,16,28,16
1f0fa82e30437fd4a2596a4ad75d8ee0,Lixeira Automática 12L,,utilidades_domesticas,53,462,1,530,17,17,19
39251fd407f6dc1db07c08f5786aee52,Limpa Para-brisas 500ml,,automotivo,55,519,2,700,26,10,35
017e3ffa31fcd2f8061fa66a9e486381,Relógio Casual Feminino,,relogios_presentes,53,553,2,700,19,9,15
18241450338cbc5751c433970f3f1060,Prateleira Flutuante para Livros,,moveis_decoracao,48,145,1,700,21,12,16
ba82e510acd9a0fe69a44cafea53f9aa,Caderno Universitário 200fls,,papelaria,43,166,1,200,16,10,11
204066e9c9f66ce2f88cbf4dfcb4edce,Andador Infantil Musical,,bebes,53,623,2,21200,75,52,25
9ba9e0b736763a4badc2d630822c0a1c,Lixeira Automática 5L,,utilidades_domesticas,59,1403,10,30000,60,60,60
43944a8f8f0b7ae86b6c3d3c2f257375,Batedeira Planetária 400W,,eletrodomesticos,52,1363,2,4920,65,11,33
8e910a5a78e3378d8c570c13e143d631,Cama Mesa Banho - 250g - 16x10x16cm,,cama_mesa_banho,52,166,1,250,16,10,16
25a1dc8e424d78921fdd4d787f355a23,Shampoo Anticaspa 300ml,,beleza_saude,46,1527,1,1317,20,19,16
8dc2f396f9c1b21665f94a5caa0ee791,Tábua de Picar Bambu (3pç),,utilidades_domesticas,47,484,6,1500,30,14,28
3b4ea3aae09e99353a54922da11954c3,Jogo de Blocos 200pç,,brinquedos,57,87,5,5700,39,30,29
f50df3b65ee30912ca3e462971e1334f,Mouse Óptico USB,,informatica_acessorios,58,870,2,700,28,10,19
3581c0b0a9a0bcd1a49381b65b4cd7e6,Cama Mesa Banho - 2kg - 45x22x33cm,,cama_mesa_banho,60,369,1,2050,45,22,33
6d5a9cd602c26f8751612f77ff4c6a90,Fralda Ecológica Tam G (50un),,bebes,37,235,2,9400,75,15,50
04808b9886b62b9c06b4c433e420dfbf,Livros Tecnicos - 500g - 23x3x16cm,,livros_tecnicos,33,918,1,500,23,3,16
a9b9032e79635ad9618808cfdd644c77,Bola de Futebol Oficial (Edição Especial),,esporte_lazer,30,221,4,150,25,25,25
3a807175ca79ae358737db8127977d35,Smartwatch Série 7,,eletronicos,48,1406,3,264,19,15,21
ca0ee6f66727726ab8ffefd5ded60390,Fashion Bolsas E Acessorios - 200g - 16x3x15cm,,fashion_bolsas_e_acessorios,17,98,1,200,16,3,15
45faac1ea8c173bb8c3e6cf23f5aac4e,Balão de Voleibol Praia,,esporte_lazer,45,2578,1,1325,24,24,20
e0c47a145f4748e4d7a418502d65aa35,Camiseta Geek Estampada,,cool_stuff,56,542,1,19500,71,76,50
3ef588bfd98e3e3a65ab2478b5b32824,Relógio Casual Masculino,,relogios_presentes,47,759,3,300,16,11,11
ccaa7b6a66901b63116131e619520822,Cama Mesa Banho - 3kg - 44x18x34cm,,cama_mesa_banho,58,127,3,3300,44,18,34
15a8b28443e64b840cc27ee2491507d4,Protetor Solar FPS 50,,beleza_saude,59,458,1,750,20,20,20
3f1a72ca5261f897ba5ec6370f37151b,Relógio Esportivo com GPS,,relogios_presentes,48,709,6,547,21,12,16
6fd771d57c8870a7affe71227bea0d5c,Eletroportateis - 575g - 20x11x17cm,,eletroportateis,44,876,4,575,20,11,17
98c398fbaff6d54ed48439476c7e9844,Lixeira Automática 12L,,utilidades_domesticas,46,1329,1,1000,20,10,20
0983cd4a5cabf1099659ce461511963c,Shampoo Anticaspa 300ml,,beleza_saude,58,1307,1,350,35,16,20
b28428391b08e61232dcc1ccf6bf71bc,Shampoo Anticaspa 500ml,,beleza_saude,62,1621,1,3600,40,11,21
0bdcdfb68f8b45a19fe06a348853cf4c,"Mochila Executiva 17""",,malas_acessorios,40,508,2,400,65,11,11
1a171b17d64e13187479dc66541e6541,Trem Elétrico com Luzes e Som,,brinquedos,39,554,3,1700,36,18,27
3e0d14278859868d181ed3f1dd51fc32,Luminária Pendente Vintage,,moveis_decoracao,31,122,1,1500,59,10,25
a0686391b9b79dbfb9577555719ec45e,Kit de Limpeza Multiuso (5pç),,utilidades_domesticas,55,773,1,26950,44,48,44
bf40a2c68f58ee4873b0a79084030073,Livro Sapiens: Uma Breve História da Humanidade,,livros_interesse_geral,27,458,1,250,27,9,18
3a221f8b6066d77649602c0ea9ec8922,Cortador de Grama Manual,,ferramentas_jardim,55,640,4,8000,49,28,57
8d437dc54645e02e40d13fb2de911c1b,Bola de Futebol Oficial (Edição Especial),,esporte_lazer,31,486,1,500,25,15,20
acbbaa8cbb7857102ad783c73caa55c5,Fralda Ecológica Tam G (50un),,bebes,21,618,1,483,17,24,21
993ac19aa975075775c16ba15426f8be,Mouse Sem Fio 2.4GHz,,informatica_acessorios,52,1731,4,9600,52,19,51
37ba623c5ab34ea8b964009a10e87126,Ámbar Noche Eau de Parfum,,perfumaria,49,304,1,487,21,17,17
0e429613002a4b7dfa4554005e2ab8d2,Geladeira Frost Free 400L,,eletrodomesticos,59,250,1,250,27,13,17
2eb384017334e47db9ccf364216799df,Kit de Limpeza Multiuso (5pç),,utilidades_domesticas,59,887,1,5500,32,32,32
3a3fb4bcc28c99c4b0dc6af206e2744d,Raquete de Tênis Júnior,,esporte_lazer,37,1023,1,300,17,17,12
30d755143f7313a7c3d24f936273dc19,Creme Dental Branqueador 90g,,beleza_saude,47,886,4,667,30,16,16
0df80257de6a3154415598a80718fb81,Carregador Portátil 10000mAh,,eletronicos,31,374,1,100,25,7,16
c62af29c3eb929d6ceaf29e52fc433cc,Bola de Futebol Oficial (Edição Especial),,esporte_lazer,33,1375,1,300,18,8,14
c6dd917a0be2a704582055949915ab32,Caneta 3D Iniciante,,cool_stuff,54,1012,1,1200,42,25,15
a3cc2811456002f4baf5a88ab9ff3427,Bola de Futebol Oficial (Edição Especial),,esporte_lazer,46,582,1,6650,30,50,30
b142d7aed19ed6df9da4eafdc297afde,Pendrive 32GB USB 3.0,,informatica_acessorios,58,679,4,140,16,11,17
999ad46c08ea9b778cefc75048156f30,Mouse Sem Fio 2.4GHz,,informatica_acessorios,36,983,4,1700,31,12,22
7edd6cf84eed8d7a3b63543734fb1249,Marcador Permanente Preto (12un),,papelaria,42,456,1,750,16,20,35
e21af3d371523b2d9543645d3564a873,Relógio Casual Masculino,,relogios_presentes,57,558,2,400,16,11,20
8e6dfa2ec54784c9cc3b54dbfc03cf28,Cama Mesa Banho - 750g - 16x16x16cm,,cama_mesa_banho,51,749,1,750,16,16,16
39ac440ab059438fe111c13c78aa46f9,Fashion Bolsas E Acessorios - 1kg - 42x13x43cm,,fashion_bolsas_e_acessorios,53,408,3,1100,42,13,43
a4275459104a31ba114508b8709860d1,Aromatizante Automotivo Lavanda,,automotivo,51,186,1,9250,67,6,20
c7a25fcdfacd75badad0a90956707833,Lixeira Automática 12L,,utilidades_domesticas,54,351,2,145,19,4,12
20c26b058070cf8c6bbb8c8943eea98c,Aromatizante Automotivo Lavanda,,automotivo,55,703,6,5100,47,19,23
96693703af76b26b2d20895a71ea98b4,Shampoo Anticaspa 300ml,,beleza_saude,53,348,1,450,86,15,15
4d1cb16db8705120e188da9c8a10ba93,Teclado Multimídia ABNT2,,informatica_acessorios,44,624,7,200,30,2,39
aed4b8c10ee4d129b9db14174ca6f4d9,Sinalizacao E Seguranca - 1kg - 33x13x20cm,,sinalizacao_e_seguranca,57,2162,5,1350,33,13,20
491a99b628dd0701b0758ec05b49cafb,Fashion Bolsas E Acessorios - 100g - 16x5x16cm,,fashion_bolsas_e_acessorios,45,809,1,100,16,5,16
0e8667de30891d1a7de8ab9ebae611d9,Cama Mesa Banho - 950g - 35x15x25cm,,cama_mesa_banho,48,207,1,950,35,15,25
cf42d2701c959607c1875764e88c7266,Caneta 3D Iniciante,,cool_stuff,34,365,1,517,25,18,22
d5f1f35337b832cc42168c69511e311d,Limpa Para-brisas 1L,,automotivo,54,145,4,100,24,2,17
a3ccb9eeebc476c5a34811bedb6188b3,Luminária LED Multicolorida,,cool_stuff,22,165,1,423,24,13,16
f3720bc68555b1bff49b9ffd41b017ac,Mouse Óptico USB,,informatica_acessorios,60,274,1,867,34,15,15
04f6c1fd057cc96a63e1f9579ddb942b,Martelo de Aço 500g,,construcao_ferramentas_construcao,59,320,1,100,20,4,25
a247560ddd8592a3eed82b43f60d9f27,Caderno Universitário 100fls,,papelaria,58,213,3,4200,25,55,37
1e1d5e507a02d77ca05f0fbd4783af9c,Trem Elétrico com Luzes e Som,,brinquedos,48,273,2,583,18,21,21
76c04eec31170f3439b76c6fa6601cc3,Andador Infantil Musical,,bebes,56,379,2,12350,60,32,42
99f265229d46f700208ad7cb1ff48aae,Carregador Rápido USB-C 20W,,telefonia,60,755,6,350,17,4,12
78d7edf3fda961dc8ac6999761ba5b05,Arranhador para Gatos 60cm,,pet_shop,63,1440,3,1400,50,20,40
b917d488bd4ad4225f8d046a32e2d122,Arranhador para Gatos 60cm,,pet_shop,63,687,2,200,20,10,20
70d105fdaaef81ef28419e11afe0372c,Cama Mesa Banho - 1kg - 40x6x30cm,,cama_mesa_banho,59,416,1,1750,40,6,30
7dfaf5d5673b7663f59e93262a2e393b,Capa para iPhone 13,,telefonia,51,394,7,150,19,3,11
1a500c1549fa82451817be3577b4c49a,Aromatizante Automotivo Baunilha,,automotivo,59,1114,3,350,16,5,11
834c93d10b7198a51cb3420a91d0146f,Prateleira Flutuante para Livros,,moveis_decoracao,36,1087,1,300,38,15,30
d47f1895ec4f641a519a65d73d2157b5,Raquete de Tênis Júnior,,esporte_lazer,56,661,5,200,16,5,13
9a53219f889aa616af7f732ed9aa3fad,Espelho Decorativo Ovalado,,moveis_decoracao,49,1750,3,3150,105,3,70
3ee348fbc4378a65116322ca7fe06729,Jogo de Blocos 100pç,,brinquedos,59,549,3,11600,24,77,24
542d6af4881a5a647cde02c201f43916,Cama Mesa Banho - 550g - 16x10x16cm,,cama_mesa_banho,54,204,1,550,16,10,16
cd3be6f2b54a7e252f5283ad7c26970d,Tapete Higiênico Cachorro 40x50cm,,pet_shop,55,285,1,700,20,11,13
f6ce2f79a280fa3c1ddc114d34ab273d,Eletroportateis - 1kg - 16x16x16cm,,eletroportateis,52,1074,1,1150,16,16,16
f82a4b08cf7b2bf375fb77e519231f9a,Prateleira Flutuante para Livros,,moveis_decoracao,53,553,1,1500,35,9,25
d0f60a1e9932071f2a2baa5fc50f0a19,Parafusadeira Elétrica 12V,,construcao_ferramentas_construcao,60,2438,4,6143,24,13,14
a8385505c3cdcbf7c6acdf0e946d89c8,Relógio Casual Masculino,,relogios_presentes,47,1387,3,440,18,14,17
a7d454bed93698b6ddb23f865e69f111,Cadeira Presidente Ergonômica,,moveis_escritorio,40,2137,1,10850,58,28,58
600807028ef02560765e441c161a9da3,Pacote de Canetas Esferográficas (10un),,papelaria,60,589,3,250,21,7,15
40cb7bb3d30559b9b6c4fb62bc837962,Cama Mesa Banho - 350g - 47x4x35cm,,cama_mesa_banho,54,617,2,350,47,4,35
a8e59319e3c44b5af3a5412d713af5bb,Produto - 200g - 16x12x15cm,,,,,,200,16,12,15
c38458375b2a89d0c8a6313b016dcdc7,Protetor Solar FPS 50,,beleza_saude,59,703,1,150,20,20,15
00126f27c813603687e6ce486d909d01,Caneta 3D Iniciante,,cool_stuff,42,2461,1,700,25,5,15
a1d29fcea65a08f06b17d824306628cc,Lixeira Automática 12L,,utilidades_domesticas,59,881,2,1600,42,15,24
e7ab5dc415d1ef9ab700f49ce67adbdb,Sinalizacao E Seguranca - 300g - 20x11x15cm,,sinalizacao_e_seguranca,54,1049,1,300,20,11,15
649397f4b92e94607361df83b1adbe8e,Raquete de Tênis Profissional,,esporte_lazer,48,2639,5,1200,20,35,26
cd90f11ad61a8c297079c171ec8904f8,Limpa Para-brisas 500ml,,automotivo,57,1076,3,3150,100,3,42
99e5bb4c663a917790930e48d65a8087,Relógio Esportivo Resistente à Água,,relogios_presentes,59,1271,3,153,17,11,15
6f5cff7499746e6f722c4dcee24f7437,Prateleira Flutuante para Sala,,moveis_decoracao,59,272,1,250,24,3,12
61bbe1ad333e0ba8a8d32e1f7572ca31,Smartwatch Série 7,,eletronicos,26,123,2,175,21,11,13
6f560724f3fa3fdb4940c4fd4996a359,Creme Dental Branqueador 90g,,beleza_saude,59,629,2,200,18,11,13
f7cb23f8a75e563a826b0121408db6a2,Livro O Homem Mais Rico da Babilônia,,livros_interesse_geral,24,1495,3,300,24,3,18
b7c8f19a99c322aa3d90d93fbe9eb275,Tinta Acrílica Fosca Branco 3.6L,,casa_construcao,59,218,4,600,39,12,12
19239f99ecca2c266c57cdce121a6727,Caneca Criativa 350ml,,cool_stuff,21,608,1,850,31,20,32
4eea8502d7c2de8da6eea6bc6243b50c,Mouse Óptico USB,,informatica_acessorios,59,2046,6,250,17,10,13
ab255f5e05402d14ba0dc69d530a5785,Pacote de Canetas Esferográficas (10un),,papelaria,39,210,2,1475,40,33,24
771a6b6fc2cc294592e31f3c675a091a,Limpa Para-brisas 500ml,,automotivo,55,840,1,1700,45,20,45
6766f04fea82c46bd3001e969a5ba795,Espelho Decorativo Ovalado,,moveis_decoracao,48,1459,1,1600,53,8,11
0fed0bae4b5a992499e06472a0344d8d,Ração Seca Cães Adultos 15kg,,pet_shop,47,1077,1,6372,64,17,52
0141015d2469c1c5f9d7d377d1cdb44a,Moveis Sala - 17kg - 70x15x24cm,,moveis_sala,54,529,2,17800,70,15,24
07883aa96515a898e1b9ddf0537a1b56,Prateleira Flutuante para Livros,,moveis_decoracao,63,1817,2,300,16,2,11
41171e11f920c47deb1809edda2bf09d,Prateleira Flutuante para Sala,,moveis_decoracao,64,669,4,200,16,16,16
6609812b9088e8333b95e443fef708bd,Martelo de Aço 800g,,construcao_ferramentas_construcao,55,1098,1,6267,30,27,24
4fb5aa1b9628ff1b6e79b07001874abd,Raquete de Tênis Júnior,,esporte_lazer,31,219,2,1150,60,15,15
f00ab8c27c660ad976b2f02b9cb8da3a,Carregador Rápido USB-C 20W,,telefonia,59,756,2,100,23,13,16
69fb24f0cd077f460768e66b89c3565e,Moveis Sala - 3kg - 33x13x33cm,,moveis_sala,20,275,1,3400,33,13,33
adeea18a6da4bba9f90b3e77641f6016,Mouse Sem Fio 2.4GHz,,informatica_acessorios,52,118,2,100,16,8,11
6d5172990dbf91301b99da2fc11c9609,Eletrodomesticos 2 - 1kg - 32x19x21cm,,eletrodomesticos_2,37,388,2,1938,32,19,21
b2fd74298e16eef2568d2f9dff6042c8,Organizador de Gavetas 3 Níveis,,utilidades_domesticas,50,364,1,10450,61,28,28
6631e618f60618adc0361b7ab843c98d,Teclado Multimídia ABNT2,,informatica_acessorios,60,872,1,820,48,8,28
77049be2845b00694201083dce7e1f2b,Market Place - 1kg - 48x9x16cm,,market_place,56,817,3,1500,48,9,16
c0d8d4693da67263b21c9b485cd02898,Moveis Sala - 12kg - 72x25x22cm,,moveis_sala,60,1483,2,12400,72,25,22
313f8ed3413f949a1c0eb1cd6495ae5d,Cama Mesa Banho - 7kg - 40x20x40cm,,cama_mesa_banho,52,222,1,7150,40,20,40
f1908e24cba4e248afa2380e8d8a1333,Kit de Limpeza Multiuso (5pç),,utilidades_domesticas,53,916,1,153,30,13,17
4f4009c6b6d83dfe5fc98059fa4975f1,Fashion Bolsas E Acessorios - 150g - 17x7x12cm,,fashion_bolsas_e_acessorios,38,900,2,150,17,7,12
4af2ea2d968b3ad848b4f98ac7795fa7,Carregador Rápido USB-C 20W,,telefonia,60,818,4,350,17,4,12
6211cde2a8e52071bbb756f59569701b,Teclado Gamer Mecânico RGB,,consoles_games,63,71,3,800,20,20,20
fd925ce72399e23cbc5d75e224fc2b57,Pendrive 32GB USB 3.0,,informatica_acessorios,59,507,1,100,16,8,12
0af275b6e520e949016aa725797437a5,Colônia Esportiva 150ml,,perfumaria,54,860,2,400,20,20,20
dfe4fa70e1d98a42ab1342206e7adb8d,Fashion Bolsas E Acessorios - 100g - 24x4x34cm,,fashion_bolsas_e_acessorios,51,221,1,100,24,4,34
59707268b54920d0814697573f63c818,Luminária Pendente Vintage,,moveis_decoracao,30,615,1,22625,66,43,66
bfb09aea4e6432b4b0588f9ce9062a9b,Limpa Para-brisas 500ml,,automotivo,57,361,5,100,24,2,17
ce169d5f9421a6f21e41a7bf54d0b98e,Teclado Musical 61 Teclas,,instrumentos_musicais,41,163,1,500,30,20,30
b9518f0140a3efddd3c1ef9ad49d23d8,Aromatizante Automotivo Lavanda,,automotivo,54,582,1,5575,63,9,63
31f818fab5ba17c1c2f9b25b33630145,Relógio Casual Masculino,,relogios_presentes,29,1533,1,250,16,10,11
e7597059b9e4eca21a96eed55693b31b,Casa Conforto - 1kg - 40x20x30cm,,casa_conforto,60,249,3,1050,40,20,30
e9906cf475ca638edcb034d031364e1b,Trem Elétrico com Trilhos,,brinquedos,47,1375,9,550,29,18,28
fa2fd2d3e78769a9f0b997cfa389a0d2,Pulverizador de Jardim 2L,,ferramentas_jardim,57,3533,4,2100,32,16,31
92ff4701412588ba89562a5da013c537,Fogão 4 Bocas Inox,,eletrodomesticos,33,96,1,21000,63,21,37
7cb009e2ae1cdf7d16e8fbf0255ba953,Jogo de Blocos 200pç,,brinquedos,47,662,2,10800,55,18,19
7ba74f993dca27160dc49880d9ac56b2,Bola de Futebol Oficial (Edição Especial),,esporte_lazer,58,1249,1,4350,20,20,20
3d85e85bcd2c0315e0db407db8f7b532,Teclado Multimídia ABNT2,,informatica_acessorios,56,155,1,100,23,13,13
8179f0f767e26a993ba41c67665a4b10,Prateleira Flutuante para Livros,,moveis_decoracao,55,321,1,1600,45,7,35
6d85d9d5f551adaa92a276918f462fbe,Fashion Bolsas E Acessorios - 100g - 16x7x15cm,,fashion_bolsas_e_acessorios,42,150,1,100,16,7,15
fd8a63e7365ea8b19f4ba50e07a89a06,Batedeira Planetária 400W,,eletrodomesticos,59,490,3,200,27,13,17
aadff88486740e0b0ebe2be6c09476ae,Shampoo Anticaspa 500ml,,beleza_saude,56,390,1,250,16,5,15
f56596f8f7191441f17b1a1fbfe37a75,Jogo de Blocos 100pç,,brinquedos,46,195,2,575,23,17,20
e4ae7159ae9fb57d158004d7435ea920,Mouse Óptico USB,,informatica_acessorios,51,931,3,5690,30,23,25
19f1b5c58fd03aa8c41db25200829903,Set de Pintura Acrílica 24 Cores,,artes,57,728,2,1650,30,4,30
7001d71d1ad858e07e5a341649412e76,Tábua de Picar Bambu (3pç),,utilidades_domesticas,52,933,2,550,30,16,25
62e13d794111f2698dfc039b63ad7359,Luminária Pendente Moderna,,moveis_decoracao,59,2010,2,1200,69,11,11
e7261ba9b589b73ac45411a15058403e,Teclado Mecânico RGB,,informatica_acessorios,60,491,1,1600,25,9,25
fbe6d5795a52b760e25a4e9677a2e217,Lixeira Automática 5L,,utilidades_domesticas,51,584,1,16000,30,30,30
026ddfe4a1a29002815e6da024d6128e,Webcam Full HD 1080p,,eletronicos,48,219,3,550,16,5,20
0b2f52bff0f8a4536a315bbdc34d8398,Produto - 200g - 16x2x11cm,,,,,,200,16,2,11
73914fe8c3e5b38fa0155ab051c6c1d7,Protetor Solar FPS 50,,beleza_saude,49,1616,3,775,28,15,16
b7a2d0cb90ba252129d34d7c8d079d2b,Ámbar Noche Eau de Parfum,,perfumaria,39,211,1,442,23,15,17
17d68b6c1ebd7073e3689b9a26004651,Teclado Mecânico RGB,,informatica_acessorios,28,1558,1,1000,34,15,14
171787b81fa784a521d7ba199e6e9fa6,Ventilador de Coluna 45cm,,climatizacao,50,1358,1,1900,21,31,25
aba86c093ccdbac75b09111d57e50004,Cadeira Giratória para Escritório,,moveis_escritorio,41,154,1,2600,40,45,39
17f1ae71c27aaad9cee4655e62a50189,Teclado Mecânico RGB,,informatica_acessorios,52,708,5,200,16,2,11
0c8b6b6e4f9ee5fe2c48d6cee4c69bc8,Sinalizacao E Seguranca - 9kg - 55x55x22cm,,sinalizacao_e_seguranca,51,742,2,9350,55,55,22
dd64f2b1807ccb20fcd0ea2a40dd8a9b,Tábua de Picar Bambu (3pç),,utilidades_domesticas,56,397,4,7350,56,14,56
a0498bf8b8ff0c35a6b8c736a71526ab,Kit de Limpeza Multiuso (5pç),,utilidades_domesticas,56,357,2,1050,91,13,11
492bfd5c7a82cfd6dddccdec443b2ca4,Ração Seca Cães Adultos 15kg,,pet_shop,39,776,1,8500,16,15,25
f486b2e5c945f3261655ae0bcbf92855,Bola de Futebol Oficial,,esporte_lazer,43,767,1,200,21,21,21
d9c379ab5377be590da568f41cd3c49d,Umidificador de Ar 2L,,climatizacao,54,964,1,9200,20,8,15
314f853949a68233748ccc6092eaf51f,Balão de Voleibol Praia,,esporte_lazer,42,2096,2,1600,25,15,25
1c5b28beb34835f960261f45ba22a136,Colônia Esportiva 150ml,,perfumaria,47,609,1,600,30,10,30
1f413d93546f7ee41457fa988ddd82ed,Shampoo Anticaspa 300ml,,beleza_saude,48,681,1,500,18,18,18
ce582863190cb932e8a7f5515791c11e,Limpa Para-brisas 500ml,,automotivo,56,304,7,550,30,5,20
208026b3551ff84253421d9f26099f6f,Mouse Óptico USB,,informatica_acessorios,50,1626,1,97,65,3,13
37d19b9dd7ebf721bff9d6cdab3a7452,Fashion Roupa Masculina - 800g - 45x10x35cm,,fashion_roupa_masculina,28,572,2,800,45,10,35
7dc6f855494bc660c8ff01686446a69f,Marcador Permanente Preto (12un),,papelaria,38,284,1,100,16,6,11
47cad419b0ad5dc9d2305bf795c3c16f,Aromatizante Automotivo Baunilha,,automotivo,58,370,1,1100,30,25,25
748a749dddb86da3995435367894edc3,Luminária Pendente Moderna,,moveis_decoracao,50,414,1,800,35,15,20
b9de40e43fccb6ba53b7eadbd5c49077,Kit de Limpeza Multiuso (5pç),,utilidades_domesticas,41,1188,3,700,70,10,15
963b76d8d107ef0f1c293c1a967cc08d,Protetor Solar FPS 50,,beleza_saude,40,1151,1,1106,19,22,18
3c4b135cf249d2b9d6ffb47f108bf08d,Teclado Multimídia ABNT2,,informatica_acessorios,54,199,1,300,42,8,17
41402af2a88247152583bb812ba235dd,Relógio Esportivo com GPS,,relogios_presentes,53,486,2,533,20,8,11
e112bafe6285b42e5a1d51790dde0a74,Carregador Rápido USB-C 20W,,telefonia,52,734,1,100,19,4,11
4d176a016a49d75b92aab5ebf0373d66,Aromatizante Automotivo Lavanda,,automotivo,43,591,1,5200,16,2,11
b1a72e4db970375eb23425e55df451f3,Trem Elétrico com Trilhos,,brinquedos,36,908,1,425,16,5,14
7781d6283100da12454a264ff46216b2,Fralda Ecológica Tam G (50un),,bebes,52,917,4,1000,50,19,45
8dfb2df51786c583001deb21b4a94080,Aquecedor Elétrico 400W,,climatizacao,45,1045,1,5300,51,22,34
28e1129b94381a4e42661bcfaedf2b86,Raquete de Tênis Júnior,,esporte_lazer,38,2007,4,300,19,12,12
96d04f44d303175353cc3032d89eefb1,Raquete de Tênis Júnior,,esporte_lazer,63,942,1,200,16,3,11
cf9c9be3acfd11d21417d468511f57b1,Teclado Mecânico RGB,,informatica_acessorios,36,664,4,1000,20,30,20
9e56be75b16c105f33d3f033597080a2,Cama Mesa Banho - 900g - 50x11x11cm,,cama_mesa_banho,46,352,2,900,50,11,11
8cf306b87f5f0832d70505004465e39f,Fashion Roupa Masculina - 400g - 30x40x11cm,,fashion_roupa_masculina,39,51,1,400,30,40,11
e5989cd466f0714e1439b95bf6a279da,Espelho Decorativo Ovalado,,moveis_decoracao,31,471,1,1200,20,20,20
9fdc434e0c81bc6d990065c2a7efb4de,Caderno Universitário 100fls,,papelaria,60,298,1,450,16,6,11
e74468fa3b2f543435a8b3258fbf5f28,Kit de Poda (Tesoura + Serrote),,ferramentas_jardim,56,828,2,650,30,7,21
e015a943a2281ba26f48e93527fc5af1,Kit de Poda (Tesoura + Serrote),,ferramentas_jardim,50,422,2,1700,30,25,45
c88b4c14d55eb0c9706f83e3e01cd091,Camiseta Geek Estampada,,cool_stuff,55,504,2,538,29,13,21
4d614d466f2eba2e50e683ebb1460351,Limpa Para-brisas 500ml,,automotivo,45,562,4,325,25,25,25
b73fbdb4503c5486939044e48d8d013a,Limpa Para-brisas 1L,,automotivo,50,311,1,2100,16,2,11
0efaf4b155c6545bdc426ec0722cceaa,Jogo de Blocos 100pç,,brinquedos,59,453,2,300,16,16,16
b584de1994f604fa7dfd0b6b9c6c1b99,Raquete de Tênis Júnior,,esporte_lazer,55,2361,1,150,16,2,11
a9568a13a4077638b75b8a64bc4818bc,Relógio Esportivo Resistente à Água,,relogios_presentes,51,482,2,160,18,12,17
92857a2b590adeae8d5992511dc197e9,Alimentos - 1kg - 27x21x20cm,,alimentos,44,1373,1,1358,27,21,20
7e42a5d6c862c0078b9e31fd9daa31f8,Aromatizante Automotivo Lavanda,,automotivo,59,891,5,850,23,7,38
bb927b73a53da18d3609acf60b8595e9,Bola de Futebol Oficial (Edição Especial),,esporte_lazer,52,354,1,1123,32,25,23
b5f7245e14a8a3d52f0a6e468971e6d9,Livro Sapiens: Uma Breve História da Humanidade,,livros_interesse_geral,37,546,1,450,28,6,19
c8ce6fa564890ef82eb876c0bbb8f01d,Teclado Mecânico RGB,,informatica_acessorios,53,886,6,200,29,5,20
767fca648c29a96b61038a0768d31a42,Limpa Para-brisas 500ml,,automotivo,58,2310,1,1600,24,19,20
deef1e0848433b267577d95047a08045,Espelho Decorativo Ovalado,,moveis_decoracao,56,1893,6,3000,69,11,11
21d512be0373dc6a55cf1c97977076d0,Balão de Voleibol Praia,,esporte_lazer,55,1123,8,4000,82,15,22
4ebb24c60e2bd82a1b02baad48052d51,Carregador Portátil 10000mAh,,eletronicos,47,196,1,190,19,16,10
700e755cb2df115278726cbf8cc322fd,Raquete de Tênis Júnior,,esporte_lazer,40,977,1,3663,27,27,27
8bc30c38b76dfd760a9e57ef36b6e0f2,Jogo de Blocos 200pç,,brinquedos,37,1353,3,958,65,15,50
7151ca87e2fbec19cf45133a12e818c4,Teclado Gamer Mecânico RGB,,consoles_games,43,1330,2,275,17,6,12
40376ad8bd1bd1066449dbb09440dc43,Sandália Rasteira Feminina 36,,fashion_calcados,34,240,12,200,29,7,16
a92f9c409ce92305f2f7e79a8c5e342e,Cortador de Grama Sem Fio,,ferramentas_jardim,40,288,1,600,25,40,25
be958064244f19bf11ee270b2feca7a2,Espelho Decorativo Ovalado,,moveis_decoracao,60,1701,2,700,60,7,11
b813c88d024da60c2cbdf7a531e4fa77,Ámbar Noche Eau de Parfum,,perfumaria,60,441,1,500,23,8,15
f00994e2f3a249eaa0d8b57ca53f6f13,Aromatizante Automotivo Baunilha,,automotivo,60,651,5,6850,64,5,39
df10a782c44fcfb00afa5bba65777d74,Trem Elétrico com Trilhos,,brinquedos,52,962,3,6150,60,17,34
1760fb3ce37cf7ee460a11149785e370,Trem Elétrico com Trilhos,,brinquedos,44,867,2,950,23,24,23
4a7e6e413022cde06218faa2853e2adc,Relógio Esportivo com GPS,,relogios_presentes,59,591,2,500,16,11,20
142def78f5d245670dbb99d00cd6e175,Cortador de Grama Sem Fio,,ferramentas_jardim,54,1313,2,900,20,20,20
a337a861d9d1f1156c9d5d020618b2cb,Fashion Bolsas E Acessorios - 150g - 16x12x16cm,,fashion_bolsas_e_acessorios,27,458,4,150,16,12,16
3d37da85f5e66558333fb5daee494736,Shampoo Anticaspa 300ml,,beleza_saude,59,1828,1,1400,20,20,20
ba0d049a05e69aa1b806f625df623063,Creme Dental Branqueador 90g,,beleza_saude,33,1369,1,700,31,13,21
a75b732b129c2fe3d8e371dd8333cd00,Moveis Cozinha Area De Servico Jantar E Jardim - 6kg - 16x2x11cm,,moveis_cozinha_area_de_servico_jantar_e_jardim,38,731,5,6400,16,2,11
ca3d8213acc967dd4e7c85c05406f71f,Colônia Esportiva 150ml,,perfumaria,47,159,1,390,22,11,16
151ad3b5a66539bdc84cf97a7c1d38ac,Webcam Full HD 1080p,,eletronicos,55,983,2,900,70,5,11
c5de3a869922e74a2bf19a543f4ac55b,Parafusadeira Elétrica 12V,,construcao_ferramentas_construcao,58,1281,1,2220,54,10,11
37afa38a724c6ab9b04b797901d821c7,Prateleira Flutuante para Livros,,moveis_decoracao,9,283,1,10400,40,42,40
1c3122302b284dc602555cee331847da,Luminária LED Multicolorida,,cool_stuff,37,1925,2,4950,48,46,15
15c8a0cce7382cf9029bfcb3998cfb7e,Telefonia Fixa - 2kg - 26x26x26cm,,telefonia_fixa,59,1809,5,2400,26,26,26
ac11beeebaf7911a13f63d7d6cb89d46,Headset Gamer 7.1 Surround,,consoles_games,44,648,1,150,20,13,15
5c6c4fa2f1b889828de998df18214af7,Mouse Óptico USB,,informatica_acessorios,52,791,2,510,18,17,13
93ca601fb17b9bc29a7fcaa4e40f015b,Berço Portátil Dobrável,,bebes,47,224,2,9400,75,15,50
c4b3162faf1aec728250f9355a476380,Fone de Ouvido Bluetooth 5.0,,eletronicos,38,1390,3,600,30,8,18
decdbf117444f265f4400886439f5fd7,Luminária Pendente Vintage,,moveis_decoracao,27,336,2,2000,39,42,39
ba9021a6a1253e958ca2822013d92902,Livro O Homem Mais Rico da Babilônia,,livros_interesse_geral,36,749,1,800,30,5,30
697003a5ca90721f0b466f5ffb5d8fbb,Shampoo Anticaspa 500ml,,beleza_saude,45,1587,1,567,19,10,13
016cae136d358dcdacbd7ac9f1864c09,Raquete de Tênis Profissional,,esporte_lazer,53,236,2,300,30,5,20
e79755f8622cb7f42ca6f7b72284a7af,Mouse Sem Fio 2.4GHz,,informatica_acessorios,30,204,3,4400,35,15,30
7b9e46278112502bca6d6649e849fdf0,Portateis Casa Forno E Cafe - 450g - 32x11x11cm,,portateis_casa_forno_e_cafe,57,1123,2,450,32,11,11
9c641212505630421d3b17272d126434,Trem Elétrico com Luzes e Som,,brinquedos,36,434,1,400,23,25,11
685919d3ededc26c0ec078b32241025a,Andador Infantil Musical,,bebes,48,1369,2,6850,48,25,34
d3a1e0ce5009f1a816a6ba558908fdf0,Eletroportateis - 400g - 16x35x25cm,,eletroportateis,54,124,1,400,16,35,25
fb7b0b000e62f37b2d53546b843201b8,Cama Mesa Banho - 2kg - 33x19x45cm,,cama_mesa_banho,54,1050,1,2800,33,19,45
19bdfd05824c29bf495c9f5408c26635,Produto - 1kg - 40x15x40cm,,,,,,1400,40,15,40
cd3575ef99cf6bbf1a7959de7ecfa3d6,Marcador Permanente Preto (5un),,papelaria,30,283,3,300,16,11,11
fafa1432833bfab02d8039194021bfc9,Kit de Limpeza Multiuso (5pç),,utilidades_domesticas,57,326,1,800,16,2,11
80082b84965c79abbdc447a717c22f57,Caneta 3D Iniciante,,cool_stuff,33,389,2,150,20,6,15
cde6874b9722e3220ecedf04958dcd4c,Creme Dental Branqueador 90g,,beleza_saude,51,762,1,700,25,12,19
bb9a7bcdb8c9facc7f1262db27fb1300,Shampoo Anticaspa 300ml,,beleza_saude,30,548,1,150,16,5,17
d06fb43b1cd92ac61a438742cf40a1ed,Raquete de Tênis Júnior,,esporte_lazer,32,463,3,450,29,25,26
4793826002e5bd292a4f0057c11f670b,Cama Mesa Banho - 600g - 63x15x28cm,,cama_mesa_banho,58,366,1,600,63,15,28
f10a869cdfe48a282e6dc920da718e9e,Creme Dental Branqueador 120g,,beleza_saude,60,183,1,700,19,17,15
f25795cfffe214cb33e87d996d64a222,Capa para iPhone 13,,telefonia,31,275,2,200,18,6,11
cdeefdce9704b2a961a01e89b1f19e7b,Mouse Sem Fio 2.4GHz,,informatica_acessorios,52,2518,2,400,28,6,20
6ed93af03d1f53308d3a9c6555a94d08,Mouse Óptico USB,,informatica_acessorios,49,209,1,100,16,8,12
1967b3c67cc667c147fd88be33ac848d,Creme Dental Branqueador 120g,,beleza_saude,58,1021,1,1425,17,28,15
be837f2e0152a208d4386f4126d5bd7c,Fogão 4 Bocas Inox,,eletrodomesticos,60,940,2,950,25,11,15
b2b3fbcc207fc52d44daff257e7c491c,Fashion Roupa Masculina - 600g - 35x35x15cm,,fashion_roupa_masculina,46,1765,2,600,35,35,15
70edd5335ad299e9e54698f46a88db07,Cadeira Giratória para Escritório,,moveis_escritorio,54,604,1,8800,52,51,17
6c04a068e5ab37749c980c42a036b9e3,Aromatizante Automotivo Lavanda,,automotivo,52,1367,1,200,16,2,11
449af2f192415f431411568b2d475c14,Aromatizante Automotivo Lavanda,,automotivo,55,114,5,100,16,18,14
4c9fe5b97b8b7d5cd486f28a95cbc5df,Caixa de Som Portátil 10W,,eletronicos,39,1360,4,200,18,10,15
1716ea399ed8ee62ba811e6f55180f45,Aromatizante Automotivo Baunilha,,automotivo,25,712,1,200,21,17,17
bdb5e8a591cc4e0b3c77305831c180c0,Lixeira Automática 12L,,utilidades_domesticas,52,440,3,2000,33,35,33
52f5d8b502df3f20b2aa6370d2cedd52,Headset Gamer 7.1 Surround,,consoles_games,36,1485,5,1000,20,30,20
a5d39bdbd8f8873a55299222206fd522,Kit de Poda (Tesoura + Serrote),,ferramentas_jardim,55,617,6,340,14,16,13
dd735a55e6c75fb8fbe93e14d1c3bf07,Kit de Limpeza Multiuso (5pç),,utilidades_domesticas,48,527,2,800,25,10,25
8812d73b9937b5bd3648ff9d11f9c3fb,Cama Mesa Banho - 1kg - 19x17x23cm,,cama_mesa_banho,58,679,1,1325,19,17,23
bb09e8007aff97a9452967b19430cf53,Organizador de Gavetas 3 Níveis,,utilidades_domesticas,57,571,1,2350,25,30,25
40e834fa1961d072be482a772dbba0e1,Raquete de Tênis Júnior,,esporte_lazer,42,394,5,600,32,18,23
341c7cf0d9806592075c3090658f5c81,Prateleira Flutuante para Livros,,moveis_decoracao,35,159,2,600,22,7,32
2343570575e2990224008969445d7402,Relógio Esportivo com GPS,,relogios_presentes,60,515,2,100,16,3,11
3db5b7214a98ceddbe12ed6c0d3d04b2,Mouse Sem Fio 2.4GHz,,informatica_acessorios,49,1830,1,6200,23,12,15
b1981e2c01dadbfbc44f735b74c5038f,Protetor Solar FPS 50,,beleza_saude,47,1509,1,500,35,12,18
900c2341f3b48dcc07b37f6e9e080b9d,Cama Mesa Banho - 5kg - 57x18x51cm,,cama_mesa_banho,59,275,1,5050,57,18,51
6fc28511c465f5eb21a83573c9f3d29c,Relógio Esportivo com GPS,,relogios_presentes,54,650,1,325,25,12,23
6914791ca3bbae73b7111d6b3ecbc814,Boneca Articulada 30cm,,brinquedos,37,226,1,450,45,15,35
7835ede5064512ab1149ab95c1d55421,Shampoo Anticaspa 300ml,,beleza_saude,60,242,2,1350,19,28,17
134830b1415ca0fa9d9f413259e1bcfe,Aromatizante Automotivo Baunilha,,automotivo,45,593,1,1100,42,12,22
c0a6b2284e36418ab8e75c1fedca24d4,Chinelo Slide Unisex 39,,fashion_calcados,55,344,3,3000,36,37,16
81f2207ce3ae8962616872cb75497dd2,Relógio Esportivo Resistente à Água,,relogios_presentes,40,148,1,22175,19,9,12
c321936f167cdd14866ac591eea36f38,Produto - 1kg - 30x10x20cm,,,,,,1300,30,10,20
875354d714cb706c1429cbaab1c358a4,Pulverizador de Jardim 2L,,ferramentas_jardim,52,317,1,10100,53,30,38
68d5c8f49bad9f5b366b4f40db6c7fdf,Boneca Articulada 30cm,,brinquedos,58,411,1,200,28,13,22
5a7863759f1ae1605d08f6900ae8a90f,Caderno Universitário 200fls,,papelaria,53,500,2,550,16,4,11
64df949908a46fb485e56ba12c1ed052,Cama Mesa Banho - 1kg - 43x10x33cm,,cama_mesa_banho,56,255,1,1950,43,10,33
79792fabf714677e94472c3ce5e719a5,Prateleira Flutuante para Sala,,moveis_decoracao,57,646,1,300,16,30,20
f1d67bf6f48876883052184dbc05dcc7,Caderno Universitário 200fls,,papelaria,41,134,2,200,21,7,15
3dd519e4024a114cdf2825caa88c6091,Cama Mesa Banho - 1kg - 44x24x37cm,,cama_mesa_banho,46,164,1,1650,44,24,37
cca1dad310ba4e619250bc2dffa5dc75,Fashion Bolsas E Acessorios - 200g - 16x11x11cm,,fashion_bolsas_e_acessorios,35,545,5,200,16,11,11
49b6d7e8192cd04ef8f69b1bf00b7eb1,Agro Industria E Comercio - 1kg - 80x22x11cm,,agro_industria_e_comercio,45,3177,6,1700,80,22,11
3bce6b72fbbfc2ec3bcffb83745cc24e,Raquete de Tênis Profissional,,esporte_lazer,48,566,1,200,21,25,21
1fde73e6b6d28627ff16e222b0044b10,Produto - 500g - 22x11x11cm,,,,,,500,22,11,11
2629c2e1e3a0b360912763741f1bb7ef,Luminária Pendente Moderna,,moveis_decoracao,50,844,3,900,86,4,20
8ca6ebfd6293a5b03f104d27c4945718,Creme Dental Branqueador 120g,,beleza_saude,47,1290,1,1200,25,12,19
685a5d6795fa0aeafc83984918957827,Espelho Decorativo Ovalado,,moveis_decoracao,19,443,1,9000,105,30,30
7a5df623713bbcb94a51ea4540748c12,Fralda Ecológica Tam M (50un),,bebes,40,820,4,139,17,11,15
441d07171060d7bca33d9946d792da25,Creme Dental Branqueador 90g,,beleza_saude,41,1350,3,400,16,8,11
80a08e4dfa5115b34f674eca035a01dd,Raquete de Tênis Profissional,,esporte_lazer,50,2164,5,3400,33,25,28
5ce6a6914bbb228f4cb4ee93c1cd0d15,Jogo de Blocos 100pç,,brinquedos,36,225,2,1700,19,27,40
7949871b5edc894d9286c38dc369e3dc,Prateleira Flutuante para Sala,,moveis_decoracao,38,581,2,23700,49,42,42
79ef79da14164ed8222e3ac4efe5be84,Limpa Para-brisas 500ml,,automotivo,60,695,6,5050,47,19,23
fe7185e8ca6be33b48072c4ba1b6056d,Caneta 3D Iniciante,,cool_stuff,53,629,1,750,42,25,15
00d62b338366db4c4aec8547ea8f928e,Produto - 400g - 24x4x15cm,,,,,,400,24,4,15
0f8fbb821185443113de3e04ef989be6,Cama Mesa Banho - 2kg - 45x17x35cm,,cama_mesa_banho,55,291,1,2600,45,17,35
0a72af236c73afbd2e2a52dfdb14c667,Cama Mesa Banho - 840g - 37x23x35cm,,cama_mesa_banho,52,301,2,840,37,23,35
f0fd7f1ed92a4c17fd392ba0a5001278,Ventilador de Coluna 45cm,,climatizacao,57,200,1,200,20,8,13
ef854c7d98d5eba672287b0a9d37075b,Bateria Eletrônica Compacta,,instrumentos_musicais,58,815,8,18600,100,15,50
a5647c44af977b148e0a3a4751a09e2e,Cadeira Giratória para Escritório,,moveis_escritorio,48,1066,1,12160,56,51,28
52a12e7275f0bd832ef3aade407a39bd,Balão de Voleibol Praia,,esporte_lazer,46,104,1,400,26,16,21
83309bfd8eef19fbfaa8e790b824b572,Casa Conforto - 1kg - 45x15x35cm,,casa_conforto,59,349,1,1600,45,15,35
0c98a3d692d019586b9c9645334924e6,Andador Infantil Musical,,bebes,35,301,1,500,33,8,31
07a949f27854f64558f8babcfec441cc,Cama Mesa Banho - 2kg - 40x20x40cm,,cama_mesa_banho,58,254,1,2800,40,20,40
dfe6dc259d1d88d6c568db1cdb1be86c,Perfume Aventus 50ml,,perfumaria,54,573,1,295,19,14,14
660e0f01907ced7b35929916341d8ad0,Construcao Ferramentas Seguranca - 825g - 18x14x18cm,,construcao_ferramentas_seguranca,60,1201,3,825,18,14,18
79147ae9bf3c190a2e8abf486502d46c,Carregador Veicular Bluetooth FM,,automotivo,60,2256,5,3400,30,20,30
56ad64ea1d19bc4b26b61088d89e6f41,Espelho Decorativo Ovalado,,moveis_decoracao,43,523,1,400,50,5,30
59cca754c20b7b0322b24dab95a81be5,Tábua de Picar Bambu (3pç),,utilidades_domesticas,55,858,1,6950,35,30,35
45dc67310ca176b5df98262187d7bf41,Relógio Esportivo com GPS,,relogios_presentes,57,864,8,200,16,2,11
04c31b0da644f1782603183f8fba274c,Protetor Solar FPS 50,,beleza_saude,41,586,3,225,18,8,13
5263b67de8e3edbade45ea923f6c4e79,Raquete de Tênis Profissional,,esporte_lazer,29,973,1,7400,49,22,41
6b7d060ef0837471c9790f413517a26e,Aromatizante Automotivo Lavanda,,automotivo,49,840,1,1700,45,20,45
61919b39651acb61ec24307ed8b9502d,Capa para Samsung Galaxy S23,,telefonia,59,717,1,250,17,4,16
00e4ded51458037ecda216453eb79d3c,Teclado Mecânico RGB,,informatica_acessorios,25,978,3,1400,25,15,25
ed43976cb61c922803515e4963d9e5cc,Protetor Solar FPS 50,,beleza_saude,55,3950,1,2500,35,20,20
fd7d2e006bf144655148da8077bd8d4f,Bateria Eletrônica Compacta,,instrumentos_musicais,51,291,5,200,16,30,16
8c5876b1c7768217964f353bc7e64393,Película de Vidro Temperado Universal,,telefonia,61,440,1,250,18,3,28
fc2d2cbc50b7d69ce961df503cb25e6b,Cortador de Grama Sem Fio,,ferramentas_jardim,58,1966,4,18500,67,58,38
dd0c92095e24c0592ff858d2c4837a78,Furadeira de Impacto 500W,,construcao_ferramentas_construcao,54,672,2,1000,60,30,15
99c803fd17abc7a255efe370d53744e3,Controle com Fio para Xbox Series X,,consoles_games,58,71,1,900,17,16,13
d5a94c75d108fd56ceca390b4ae60e55,Bola de Futebol Oficial (Edição Especial),,esporte_lazer,54,1719,1,975,20,20,14
f91a53ddc9bba002d1f3d77e9a39c07e,Necessaire Viagem 3 Compartimentos,,malas_acessorios,37,386,3,700,40,15,40
c38f6f64a4a1abb154fd4c09070d00a8,Caderno Universitário 200fls,,papelaria,55,322,3,600,21,7,15
9fcc521cfe8074cbd26206bcb2e92f55,Controle com Fio para Xbox Series X,,consoles_games,53,718,4,400,20,10,25
80d7f196d2d484ced59663c82b434174,Relógio Esportivo com GPS,,relogios_presentes,57,1889,2,850,33,17,12
5403528d987ad26e8d7cb25940411987,Relógio Casual Masculino,,relogios_presentes,58,600,3,250,16,2,11
fc9af7b3544da8645e6c3148a22026e2,Carregador Veicular Bluetooth FM,,automotivo,60,695,6,5500,47,19,23
f8c52581d99477033b6cfa2da771e101,Bola de Futebol Oficial (Edição Especial),,esporte_lazer,49,373,4,150,20,4,15
1d0e69d769465dd7bacc44f752215f10,Boneca Articulada 30cm,,brinquedos,54,228,2,450,16,16,16
0f6fe4862e89ffc00d229ccb2fc46159,Shampoo Anticaspa 300ml,,beleza_saude,49,660,1,483,16,16,14
9bd95a318698048f58eb1799aaeecd12,Colônia Esportiva 150ml,,perfumaria,32,375,2,291,20,9,14
f5ea43ddacb6538655583a8f51a12799,Relógio Casual Feminino,,relogios_presentes,54,345,4,1650,42,10,42
d593482d0fde39297f9253274b4903d9,Balão de Voleibol Praia,,esporte_lazer,38,1731,1,350,20,15,17
692cc2aae6f031ed4cf0ef6a9f92abcf,Espelho Decorativo Ovalado,,moveis_decoracao,49,1799,5,650,68,8,13
d73bae3f64cd2c7851bc796e2684f871,Bola de Futebol Oficial,,esporte_lazer,60,1052,5,600,30,20,20
da61f764a3954b7d9367bfd253d44cab,Dvds Blu Ray - 200g - 20x2x14cm,,dvds_blu_ray,49,917,1,200,20,2,14
b9d7ac642a8bc2e57bb577ea0bfa3a15,Protetor Solar FPS 50,,beleza_saude,44,1253,1,200,17,10,14
dbfc56759eb2cf348fed10084dd344f7,Construcao Ferramentas Iluminacao - 600g - 16x16x30cm,,construcao_ferramentas_iluminacao,58,311,1,600,16,16,30
fe7e33eaa09b5a4a3d3aa477280db875,Fashion Bolsas E Acessorios - 150g - 20x10x20cm,,fashion_bolsas_e_acessorios,19,270,1,150,20,10,20
36cacc00d6c8a439a65077fd08294322,Cama Mesa Banho - 550g - 16x10x11cm,,cama_mesa_banho,36,734,5,550,16,10,11
d65a890d49d3bb0209e3e727b1830cf0,Pulverizador de Jardim 2L,,ferramentas_jardim,58,655,4,800,35,8,13
c0bb0aa12494ff55f377008900ee04b5,Berço Portátil Dobrável,,bebes,59,799,2,2250,36,31,19
8983ab045bb0ef91a6fe60adff5fa7a2,Bola de Futebol Oficial (Edição Especial),,esporte_lazer,56,293,2,1850,60,15,15
c04dddb81af9afac2798f81e0ca7eed6,Raquete de Tênis Júnior,,esporte_lazer,31,236,2,2100,60,15,15
7b10697c2c3686763958e2c55e8fe2b9,Bateria Eletrônica Compacta,,instrumentos_musicais,52,648,1,2750,103,12,17
8e6dfb07d2c8f0e078107d9e8d3559af,Construcao Ferramentas Seguranca - 1kg - 37x10x26cm,,construcao_ferramentas_seguranca,57,230,2,1850,37,10,26
dee86721a08f1d5b57abb73f61eea265,Cama Mesa Banho - 750g - 34x18x44cm,,cama_mesa_banho,52,120,1,750,34,18,44
3db53484d668b78b3bbefe2f430df477,Furadeira de Impacto 500W,,construcao_ferramentas_construcao,52,657,1,775,27,24,12
c2a1ff8408a1c857c8730e4d12da714e,Tábua de Picar Bambu (3pç),,utilidades_domesticas,56,1221,3,1450,21,17,22
9cafcacd991a72be85d1970013b8204e,Relógio Casual Masculino,,relogios_presentes,37,517,3,850,48,16,35
1d116eece9b8bf17edaea2f3bc0f7324,Fashion Bolsas E Acessorios - 800g - 16x10x15cm,,fashion_bolsas_e_acessorios,29,107,1,800,16,10,15
a81fc5e66120ebdb295873f74a45c5b7,Cama Mesa Banho - 2kg - 33x8x33cm,,cama_mesa_banho,49,528,2,2350,33,8,33
619d72a5e53d41d7646274a3fa20c2c4,Pendrive 32GB USB 3.0,,informatica_acessorios,41,493,1,242,22,14,14
be82fc52186e82fccb9c7b949f60d407,Audio - 900g - 20x8x11cm,,audio,60,908,2,900,20,8,11
08a20557431a9fcad3a08aed08811e14,Brinquedo Mordedor para Cães,,pet_shop,55,2378,2,750,30,15,15
98ec655119c24de03b804696821f3955,Creme Dental Branqueador 90g,,beleza_saude,46,586,1,200,20,20,30
1ca5c007b08c0c47cae4809750e4c6ad,Cama Mesa Banho - 400g - 50x11x11cm,,cama_mesa_banho,58,352,2,400,50,11,11
63dee6756e0e8bbf04e52803409d4673,Ração Seca Cães Adultos 15kg,,pet_shop,49,352,2,4900,50,20,50
9ec7999e5c743b8248b0e41e5cc4f47f,Market Place - 400g - 35x15x25cm,,market_place,35,1186,5,400,35,15,25
c1f92ce1be9e7475e7c8eae32d9e165b,Fashion Bolsas E Acessorios - 300g - 16x5x20cm,,fashion_bolsas_e_acessorios,45,385,4,300,16,5,20
6030a4783b8f3adc3d0e392b0df67064,Protetor Solar FPS 50,,beleza_saude,55,3554,2,225,18,19,17
c7db42c313bd0a455af61d77976dce18,Protetor Solar FPS 50,,beleza_saude,53,681,2,700,17,20,17
176b5cf1bc33d549356b072323692f0f,Creme Dental Branqueador 120g,,beleza_saude,24,1208,2,761,28,13,20
0c4389123cecc4ff240dbae7f15ce7e2,Espelho Decorativo Ovalado,,moveis_decoracao,59,1490,3,2550,105,3,70
064a939bcd597315cfda6c98ede1b4c3,Mouse Sem Fio 2.4GHz,,informatica_acessorios,51,842,1,200,16,5,11
7d05fb6392a4bd319be419f939f11f65,Limpa Para-brisas 500ml,,automotivo,60,978,3,100,16,4,12
419a18f1940972e64957006dbfbf318e,Prateleira Flutuante para Sala,,moveis_decoracao,34,593,1,500,28,8,18
2e0d7a0a2e12fb5ff71b53c36e0ccb1a,Casa Conforto - 5kg - 40x20x40cm,,casa_conforto,56,209,2,5700,40,20,40
c4913f978f6af6755a1dcc8d16e76774,Luminária Pendente Vintage,,moveis_decoracao,59,150,1,7000,70,21,16
6167837141fac33cf09874ab78dcca86,Sandália Rasteira Feminina 36,,fashion_calcados,57,404,3,750,22,12,33
12ad6d9a5da40908f6741145e1a93443,Produto - 5kg - 36x27x54cm,,,,,,5850,36,27,54
6f2e4f2d177e72372b1e48c76b21a7b9,Espelho Decorativo Ovalado,,moveis_decoracao,53,747,9,2700,27,35,23
5743cde12b14a481dbc29d4dc336f92c,Bola de Futebol Oficial (Edição Especial),,esporte_lazer,55,986,2,400,18,9,11
b369e02eda28d74a9bd658415b08d7fb,Caderno Universitário 100fls,,papelaria,42,173,2,700,36,6,29
a2a9d440312eaf280738605b3c440f29,Ração Seca Cães Adultos 15kg,,pet_shop,49,1245,1,6050,50,10,36
67c6521bb9e469276f84cbb19baff9e3,Carregador Veicular Bluetooth FM,,automotivo,44,301,1,540,24,20,18
c0d133f59b1b9482e5b66b398ea60a69,Cama Mesa Banho - 1kg - 34x8x32cm,,cama_mesa_banho,54,235,1,1900,34,8,32
f43ac43eb75aca4dac0ce5671b5facb5,Protetor Solar FPS 50,,beleza_saude,60,751,2,150,20,10,15
1f5a00433bd192f9ecdbb987e7866c3e,Cama Mesa Banho - 1kg - 16x16x16cm,,cama_mesa_banho,54,836,1,1400,16,16,16
3d2083882f7be28ab6c8d9c807e3026c,Raquete de Tênis Profissional,,esporte_lazer,44,711,1,1100,57,16,21
f51bda33ab6008cea43d2be021b866c4,Prateleira Flutuante para Livros,,moveis_decoracao,55,285,1,600,50,15,40
48cb52f0fb8853d4c1d26cdf27612265,Limpa Para-brisas 500ml,,automotivo,57,862,1,350,20,15,15
1978f38f6cbdcaf326ecbb4732f9f748,Teclado Multimídia ABNT2,,informatica_acessorios,46,314,1,1000,17,12,40
ea4202e8bb909ce3b62009e02da04a54,Protetor Solar FPS 50,,beleza_saude,36,401,1,286,16,18,15
279d5c3589fceee2a1c236fbe5287975,Bola de Futebol Oficial,,esporte_lazer,56,400,1,300,16,16,16
e973af845d652b7bc8928c1ce0bbb164,Limpa Para-brisas 1L,,automotivo,54,2125,1,300,24,18,18
26065e1e41411e39b249500b750e0e8d,Espelho Decorativo Ovalado,,moveis_decoracao,51,1151,1,12333,55,54,19
2635c3e7db0ac6cb3e733cac61ce0ba5,Kit de Limpeza Multiuso (5pç),,utilidades_domesticas,45,466,1,628,21,31,18
9b9005cfa3747d9fa0d544fc9f994c14,Cortador de Grama Sem Fio,,ferramentas_jardim,43,1067,2,700,33,10,18
b97f763397091be9d344874e6cd31028,Ámbar Noche Eau de Parfum,,perfumaria,60,867,1,700,19,13,16
c88c6b94ef95d151a4c6043e26feae65,Kit de Limpeza Multiuso (5pç),,utilidades_domesticas,54,705,1,250,18,9,12
372a9ccafbec639bad6b93dac67e6b85,Livros Importados - 800g - 30x2x20cm,,livros_importados,17,327,1,800,30,2,20
ee2a647f1a4639468bc1f9fa3de2263e,Luminária LED Multicolorida,,cool_stuff,43,1000,1,2100,99,5,47
d5ec248795e2538e7ea49158e34086e3,Boneca Articulada 30cm,,brinquedos,43,474,2,380,18,18,18
602683dfc9bccec955b0527af47a15ed,Livros Tecnicos - 650g - 23x3x16cm,,livros_tecnicos,34,3936,1,650,23,3,16
33bdebc0eb4a1862d1c9a9c4dc9d3010,Moveis Cozinha Area De Servico Jantar E Jardim - 1kg - 30x10x20cm,,moveis_cozinha_area_de_servico_jantar_e_jardim,28,820,5,1600,30,10,20
413c5cdfdd1f2db95c3731a42c4e5eed,Limpa Para-brisas 1L,,automotivo,52,655,4,2000,30,28,30
9de5773a55b6893af083cacd786cde9d,Cama Mesa Banho - 1kg - 43x8x33cm,,cama_mesa_banho,58,381,2,1600,43,8,33
12a6286d3f2b371cc37370f3aa324b96,Shampoo Anticaspa 500ml,,beleza_saude,36,1046,1,583,17,11,12
76914818a87f9b6b320e136e17e6ae06,Moveis Sala - 13kg - 59x17x58cm,,moveis_sala,33,317,1,13800,59,17,58
d8c8e837ccfe496c02186b5572df55ed,Raquete de Tênis Profissional,,esporte_lazer,54,92,4,700,30,15,25
b73465327bc1b605da184574c741e80f,Carregador Rápido USB-C 30W,,telefonia,59,911,3,355,16,8,12
1144808d80753334c836d4bfab367400,Teclado Multimídia ABNT2,,informatica_acessorios,56,257,1,325,46,8,20
76b7fa5da50b22fe17d1e7bbde661106,Prateleira Flutuante para Sala,,moveis_decoracao,52,264,1,650,25,25,25
cb035acb0af5f79c8ebad476b968574a,Lixeira Automática 12L,,utilidades_domesticas,35,1174,1,1000,34,10,21
4483c98ea94953839ff0e935627b831d,Película de Vidro Temperado Universal,,telefonia,48,2004,1,190,30,30,11
9cc7982cbd4b6bd47802ac85347035dd,Mouse Sem Fio 2.4GHz,,informatica_acessorios,56,1026,1,350,16,12,12
1d722f14297e49c1db0545e1f7ec764f,Prateleira Flutuante para Sala,,moveis_decoracao,45,2047,1,1700,46,19,15
ee2568e85817bc2c070154cec07135ac,Jogo de Blocos 200pç,,brinquedos,39,111,2,400,20,31,30
310fb273d383efab30a7599552f3bfe8,Gaveteiro 3 Gavetas,,moveis_escritorio,44,900,2,23950,62,16,49
72b61ed035f5576359ccf0d2ec7bddf2,Raquete de Tênis Júnior,,esporte_lazer,61,990,5,150,26,2,21
463cdd8acfe23847f35e29076df0bbbd,Relógio Casual Masculino,,relogios_presentes,40,153,3,550,16,16,11
675921526583e0b3096c3f811d46a7a0,Cadeira Giratória para Escritório,,moveis_escritorio,33,143,3,18950,31,88,64
3cc44aee702776822cfc55c61e048b7b,Aromatizante Automotivo Baunilha,,automotivo,55,185,1,500,16,38,38
dbd024d4182504993ad1e3cd2ee9d9e9,Aromatizante Automotivo Lavanda,,automotivo,38,231,3,100,17,17,17
a22e92e1c32bdf3db91e0170a8b18408,Raquete de Tênis Profissional,,esporte_lazer,44,1161,3,3450,100,15,15
87b7eba7245c8ab0ebeacd9b853fee69,Prateleira Flutuante para Sala,,moveis_decoracao,29,593,2,3750,30,35,30
65bebe0ebbe0c371c9ad29d76801482c,Balão de Voleibol Praia,,esporte_lazer,53,689,2,217,18,13,15
4a300735bc293723103db0d0c1bc1585,Carregador Rápido USB-C 30W,,telefonia,42,661,4,250,16,4,20
b6527fd2b82f88a641b6105833c22428,Boneca Articulada 30cm,,brinquedos,42,669,1,1550,43,44,43
c50795b5c94dd185b2cee1d28a41d752,Carregador Rápido USB-C 30W,,telefonia,52,823,2,300,16,22,11
c6edce374ec89184d740f3e674add5f4,Relógio Esportivo com GPS,,relogios_presentes,50,406,3,860,22,14,17
53078c8d0c5db76c536e1d2244ac63e4,Creme Dental Branqueador 90g,,beleza_saude,32,500,2,300,16,11,12
a7cf43c271e20af0e19daadafcf0bf1d,Teclado Mecânico RGB,,informatica_acessorios,46,441,1,540,39,8,21
7b9bb69797f028ddec912dd004873f33,Jogo de Blocos 200pç,,brinquedos,54,916,5,350,22,22,13
7276b9bd8445d938495e0f0736b3a2ba,Pulverizador de Jardim 2L,,ferramentas_jardim,28,887,5,30000,75,50,50
466d5f5de92846a9674f3b34b3b922ad,Espelho Decorativo Ovalado,,moveis_decoracao,59,471,1,2100,30,5,20
125efe6153a8b6ed25ed7cabdd43c1a6,Tábua de Picar Bambu (3pç),,utilidades_domesticas,38,818,1,1100,25,32,25
5567c10de36ebd118569fc875d064e1b,Luminária Pendente Moderna,,moveis_decoracao,56,472,2,500,80,10,60
4e796a1ab2449866e7885bfa9a6d6944,Luminária Pendente Moderna,,moveis_decoracao,57,208,1,1100,40,10,34
ff55834c0b3272853dfe62340f2bb91b,Relógio Casual Feminino,,relogios_presentes,52,150,4,250,16,2,11
b969a0b5d4b1c5c7458bf16c0ad407ad,Webcam Full HD 1080p,,eletronicos,31,369,1,150,25,7,16
06061c9fd664126ac731a142995fa893,"Sifão de Pia 1.1/2""",,casa_construcao,52,451,1,900,40,15,44
96b84df3582b12cc062543cee325b38e,Fashion Bolsas E Acessorios - 100g - 16x9x11cm,,fashion_bolsas_e_acessorios,30,128,2,100,16,9,11
d9d3c966af100aeb7047ac8b59a70d4c,Cama Mesa Banho - 1kg - 30x10x38cm,,cama_mesa_banho,51,684,1,1800,30,10,38
fdab4c1b0c356b42df5846952f5b47af,Balão de Voleibol Praia,,esporte_lazer,42,1101,3,225,19,4,11
c574e4df03e0bc22eeab4fbf51af50db,Limpa Para-brisas 500ml,,automotivo,58,490,5,100,23,2,17
14086fd4907ab4135efce70c2cd3c013,Produto - 200g - 22x14x14cm,,,,,,200,22,14,14
194e74feac1f84a8ee5a517d4b3e107a,Pcs - 14kg - 52x27x52cm,,pcs,59,3913,2,14150,52,27,52
fe7ad3e3828f32193dfbe6359f733a8f,Jogo de Blocos 200pç,,brinquedos,48,609,3,823,25,28,28
7aac56e58e89831fecb41998f93049ea,Cama Mesa Banho - 750g - 37x6x35cm,,cama_mesa_banho,52,195,3,750,37,6,35
12cabe5229bf1f037e257f645f04caa4,Cama Mesa Banho - 3kg - 45x13x35cm,,cama_mesa_banho,60,624,1,3300,45,13,35
c8f47078677998140708abd3c0aa15ec,Caneta 3D Iniciante,,cool_stuff,54,998,1,2850,42,25,15
86b8032cbb666ec9ca1f2aa4d4cace06,Bola de Futebol Oficial (Edição Especial),,esporte_lazer,52,801,5,418,18,7,13
310dc32058903b6416c71faff132df9e,Caderno Universitário 100fls,,papelaria,36,326,1,300,16,10,11
9a24a6e49842bf0d95c661b7ea0315dc,Balão de Voleibol Praia,,esporte_lazer,47,1149,1,1080,32,24,23
2d7ec74c6f93ad8234f2e29817b2827b,Fralda Ecológica Tam G (50un),,bebes,54,305,6,1400,40,30,30
734418e6339df0a5e98e770bc214d4e3,Livro O Investidor Inteligente,,livros_interesse_geral,42,1223,6,500,22,3,13
644c433cb1ef2cc92f9502a618c371be,Relógio Esportivo Resistente à Água,,relogios_presentes,41,734,1,417,18,11,12
cd2f5c10e4e8dbc701f0bb68a09fdfe8,Agro Industria E Comercio - 16kg - 40x42x36cm,,agro_industria_e_comercio,54,1874,7,16100,40,42,36
6506fe6d39dbfe5539082b749f6654c8,Cama Mesa Banho - 600g - 16x10x16cm,,cama_mesa_banho,58,393,1,600,16,10,16
d3257d83b50d04301c9d969a0e2ec4ee,Relógio Casual Masculino,,relogios_presentes,60,89,4,250,16,2,11
bbd4255403b6c3c76836ba1c957b73c9,Smartwatch Série 7,,eletronicos,46,92,1,200,24,5,18
b67cd67cd2214acabb3259f7e6d1047e,Luminária Pendente Moderna,,moveis_decoracao,59,2055,3,600,68,8,13
73c9f09c49f18888c7e22603602dabc1,Mouse Óptico USB,,informatica_acessorios,54,439,5,250,25,25,25
0c3256090b6cc52703b152c874827cd7,Mouse Gamer 16000 DPI,,consoles_games,57,762,4,200,21,7,16
147df4d924f569e480fbd77099707f08,Caneta 3D Iniciante,,cool_stuff,63,1066,6,14100,46,33,27
b490e3c1ee135c29b1fea7c377dfd0ce,Espelho Decorativo Ovalado,,moveis_decoracao,49,627,1,450,25,5,20
1da4de0fa473f8506723c82af7d4cb3b,Teclado Multimídia ABNT2,,informatica_acessorios,47,507,1,2125,29,18,33
2ea0bf4cdb4057dd3a866ac93107cdac,Carregador Veicular Bluetooth FM,,automotivo,51,1624,3,850,20,9,15
217cb0f28c6def3c3be057a952d78189,Brinquedo Mordedor para Cães,,pet_shop,54,1102,2,650,20,18,20
e1d6e56531bd9c3dfad4f905f81072c7,Cama Mesa Banho - 1kg - 46x2x36cm,,cama_mesa_banho,58,192,1,1400,46,2,36
fec85e6c0eab9b4bcddf9ccd917c80bc,Prateleira Flutuante para Sala,,moveis_decoracao,54,1078,1,500,35,7,27
b51119656391080bf4b0c2bb98b0f704,Moveis Sala - 14kg - 49x39x17cm,,moveis_sala,49,677,2,14500,49,39,17
adb6a21f7a3c42ae1c2f514a1deccd3e,Balão de Voleibol Praia,,esporte_lazer,30,415,4,800,30,20,30
a9a058de269b3e0133650d8eba938505,Pendrive 32GB USB 3.0,,informatica_acessorios,59,401,4,300,16,5,20
e338f548cda0b52650b9acfd317a74db,Fashion Bolsas E Acessorios - 150g - 16x5x20cm,,fashion_bolsas_e_acessorios,40,444,4,150,16,5,20
1db1301d6b2401401a26dd1aabcb809e,Agro Industria E Comercio - 4kg - 22x22x22cm,,agro_industria_e_comercio,60,864,1,4600,22,22,22
00d363b8c14bb9a6c73febc4c42acf47,Controle Sem Fio para PS5,,consoles_games,49,998,2,200,16,16,11
fbb05e4acf9348440b40d667795c057e,Teclado Mecânico RGB,,informatica_acessorios,52,159,2,2800,34,35,29
1df9ea4c24394047de1837c6f00673b3,Pendrive 32GB USB 3.0,,informatica_acessorios,32,604,1,150,16,15,13
578e6e457425cbed603f5787ecf54b2a,Limpa Para-brisas 1L,,automotivo,52,373,1,17200,50,30,30
86a6c57cf9b57ed5112c7c4262cb97dd,Ámbar Noche Eau de Parfum,,perfumaria,32,1088,1,300,20,20,20
378e13082055394b5a1607162398a207,Prateleira Flutuante para Livros,,moveis_decoracao,63,996,2,200,16,10,20
29b9d74c083ef891b8869d31cffb2a3d,Bola de Futebol Oficial,,esporte_lazer,55,1381,4,1100,40,20,20
829e27d905ccac1f24f6dd5c5898de89,Organizador de Gavetas 3 Níveis,,utilidades_domesticas,48,659,2,3000,45,13,25
66a296c4ca6e6b89a44c7d6ab252aacd,Cama Mesa Banho - 200g - 50x8x35cm,,cama_mesa_banho,57,123,1,200,50,8,35
8b55f0d97006f81c67b6b9c4aa239974,Jogo de Blocos 200pç,,brinquedos,49,648,1,610,39,7,28
3bf87d2001b8176e6a3ad804b80774b4,Cadeira Presidente Ergonômica,,moveis_escritorio,46,1157,1,14775,63,60,25
7501e40e8bc7a7db7c2f4b005e1dddcb,Pendrive 32GB USB 3.0,,informatica_acessorios,59,1949,5,650,25,11,15
e1ff3a1468d0e11fe813756e733e0fa4,Prateleira Flutuante para Livros,,moveis_decoracao,54,570,5,10000,100,55,11
6a83aaaaace0f050ef46ecf0fbb32854,Carregador Veicular Bluetooth FM,,automotivo,50,897,3,350,33,12,20
325a813db2664ef1b239883869847f4b,Caneta 3D Iniciante,,cool_stuff,58,503,2,1800,51,15,32
2c23d4e9b76629ed407ba453e405034f,Shampoo Anticaspa 300ml,,beleza_saude,48,426,1,800,18,18,18
eb8dbe7d2dd22ab3547925e49a78feb3,Raquete de Tênis Júnior,,esporte_lazer,48,831,1,650,18,18,18
da9e08537d4ddc6682410370bbbb04f1,Aromatizante Automotivo Lavanda,,automotivo,56,1723,6,250,25,10,15
9f98cbe573253ebd8cc1c0f5f061451d,Cama Mesa Banho - 1kg - 42x10x36cm,,cama_mesa_banho,57,665,1,1422,42,10,36
a659788120c4b831cd5ffed90dba8072,Telefonia Fixa - 456g - 16x15x17cm,,telefonia_fixa,30,732,3,456,16,15,17
66c88e3c982951328e1d8a0b32b7f60c,Cama Mesa Banho - 10kg - 50x30x40cm,,cama_mesa_banho,39,254,1,10050,50,30,40
65bb1c5a918d2876d7a0262774887d86,Luminária Pendente Vintage,,moveis_decoracao,60,953,7,900,32,17,30
dd68bcbc459a7f8b1e8d41efd8e076b3,Marcador Permanente Preto (5un),,papelaria,43,785,3,1825,38,21,38
b71a757e0cab8f85c0adc579067944b8,Fashion Bolsas E Acessorios - 150g - 16x9x11cm,,fashion_bolsas_e_acessorios,38,141,6,150,16,9,11
4ca7b91a31637bd24fb8e559d5e015e4,Eletroportateis - 20kg - 39x39x58cm,,eletroportateis,55,2209,5,20500,39,39,58
479a69148e08e997f6f13dd2f4723b6c,Aromatizante Automotivo Baunilha,,automotivo,41,348,1,1600,55,15,15
e2f1ccf86759df28dd1e9f2e0e3242d4,Shampoo Anticaspa 500ml,,beleza_saude,53,934,3,400,18,9,28
5788687ad396e23d2c0332354be2d918,Caderno Universitário 100fls,,papelaria,27,729,1,300,16,16,11
57212b61ec373df1504d050a17e139ad,Casa Conforto - 4kg - 45x15x35cm,,casa_conforto,60,302,2,4250,45,15,35
37cf51a1aaaf1d36fa54d980867b6fbc,Carregador Rápido USB-C 20W,,telefonia,58,818,6,300,17,4,12
eb048e296b8db6cd64b1bafd9500786c,Cama Mesa Banho - 250g - 16x10x16cm,,cama_mesa_banho,52,149,1,250,16,10,16
99c97d191bcc87e072acc4521bce44d4,Eletrodomesticos 2 - 7kg - 44x14x30cm,,eletrodomesticos_2,33,111,1,7350,44,14,30
4a6bed9678fe2fa40d7a84063fde6f89,Fashion Bolsas E Acessorios - 150g - 16x5x11cm,,fashion_bolsas_e_acessorios,44,117,3,150,16,5,11
ff8ff756fe1137ed22300ccd2190703a,Caixa de Som Portátil 10W,,eletronicos,51,521,1,200,21,7,18
77d1f94d7eeaaeb36736fd1049e79eb3,Tábua de Picar Bambu (3pç),,utilidades_domesticas,52,1004,1,1600,26,25,24
9794fba8c8aa64ab4fece2d3cbe731e9,Prateleira Flutuante para Sala,,moveis_decoracao,25,383,3,1350,35,24,25
02f331648b37d96cbaf60e96f9c0cd92,Construcao Ferramentas Jardim - 2kg - 22x22x22cm,,construcao_ferramentas_jardim,60,1500,1,2350,22,22,22
3f289108c4090cd68adf56e2ae40dced,Limpa Para-brisas 1L,,automotivo,28,151,1,2233,16,13,10
b5e20ff50c12113580158883f5a86edc,Marcador Permanente Preto (12un),,papelaria,45,398,2,200,24,7,14
5322d72e04acadda01cd9c274b4af288,Cortador de Grama Sem Fio,,ferramentas_jardim,37,226,1,400,25,5,11
721fda30a0b343c44e828d8402b41cf2,Trem Elétrico com Trilhos,,brinquedos,58,462,2,400,16,23,15
9c5c6989f78912e5eca376eb0eda483f,Creme Dental Branqueador 120g,,beleza_saude,57,2453,1,1150,22,5,16
34dabb8af33b3756cf72df05fb327011,Tablets Impressao Imagem - 300g - 26x10x26cm,,tablets_impressao_imagem,56,512,1,300,26,10,26
5775f1aefafa94f9a918963986b77613,Mouse Óptico USB,,informatica_acessorios,38,553,2,773,19,20,12
aefb222adb91095556d8aee8ccd7f97f,Tábua de Picar Bambu (3pç),,utilidades_domesticas,60,614,1,4250,30,35,30
c5cb254d666e4420d56b5dc67ff59d29,Teclado Multimídia ABNT2,,informatica_acessorios,55,92,1,50,16,3,11
4c1e109ecdf58453de365d217cefa64c,Brinquedo Mordedor para Cães,,pet_shop,37,1219,2,974,26,30,28
474f9f34cfa52ad18fde4836b84a3e80,Luminária Pendente Vintage,,moveis_decoracao,64,423,3,600,50,2,40
5c1edf5ddada2c189588fd0a21130e36,Caneta 3D Iniciante,,cool_stuff,51,462,1,1330,28,31,21
8f8c372264024a67ef0c7b449241e65f,Martelo de Aço 500g,,construcao_ferramentas_construcao,21,1405,1,1833,20,18,22
69c58bb97c8d7b75fad9e6c1d391fda6,Shampoo Anticaspa 300ml,,beleza_saude,59,3037,1,1650,28,14,20
36244ee06dc3aec1f9b7b5852e0f7bc8,Pendrive 32GB USB 3.0,,informatica_acessorios,40,896,3,1450,25,15,25
c8648fddfafc439c1c9bb5236945b953,Raquete de Tênis Júnior,,esporte_lazer,58,192,1,923,18,21,27
c004bf0d41d08a3304ade12681600a96,Teclado Multimídia ABNT2,,informatica_acessorios,48,148,1,200,17,12,13
7e379a08c85d252d34cebabb06388698,Trem Elétrico com Luzes e Som,,brinquedos,59,1385,7,250,19,7,18
d328fcf582df161878940a0edb77761a,Teclado Mecânico RGB,,informatica_acessorios,41,559,2,300,16,6,13
05f65453e3770efa763d5b2884842fe2,Carregador Rápido USB-C 30W,,telefonia,57,412,2,200,25,10,13
4180a49d4b879e727ad2c8e82a9f4d87,Raquete de Tênis Profissional,,esporte_lazer,54,1598,1,250,16,15,16
5caaa02918381c4ad59d38fdcd4a28b9,Prateleira Flutuante para Livros,,moveis_decoracao,61,603,2,29700,70,60,60
817a68e75e8fc94fa28915d8169d67bf,Produto - 800g - 40x5x50cm,,,,,,800,40,5,50
1df69fad86c3fedbddd8b65fe13dc8db,Mouse Óptico USB,,informatica_acessorios,36,236,1,900,36,16,16
69530f4ebf4b017348e5f19323ab8a00,Fashion Roupa Feminina - 700g - 20x20x20cm,,fashion_roupa_feminina,35,335,1,700,20,20,20
000b8f95fcb9e0096488278317764d19,Lixeira Automática 12L,,utilidades_domesticas,25,364,3,550,19,24,12
54bd78d9fbadca90785bae236a7fef2e,Smartwatch Série 7,,eletronicos,37,400,1,250,25,7,16
33f41a54822aa8a1ecd90ee3e986a4ce,Cama Mesa Banho - 2kg - 45x15x41cm,,cama_mesa_banho,43,303,1,2600,45,15,41
967a628ee966c8a0a167ed5efaba52a0,Luminária Pendente Vintage,,moveis_decoracao,52,1384,3,12880,48,43,49
5c4a7b17b6fa8383e978922772ababb7,Cama Mesa Banho - 600g - 16x10x11cm,,cama_mesa_banho,36,734,5,600,16,10,11
e4a8b44a9559141ca439903f116bbbd4,Berço Portátil Dobrável,,bebes,58,340,2,14150,55,30,55
4310ea4cadd7d41398ba376aa7383f82,Aromatizante Automotivo Lavanda,,automotivo,30,707,1,633,20,20,16
6ddc47ca7a57816752ed7bfc1f9757e3,Prateleira Flutuante para Livros,,moveis_decoracao,60,304,3,600,100,15,15
794bf14b91dcd92fd3cd35a45d6a83e4,Fashion Roupa Masculina - 400g - 16x5x16cm,,fashion_roupa_masculina,47,316,2,400,16,5,16
1ede3c17889b7e18f4ac33d2fd0bef96,Prateleira Flutuante para Sala,,moveis_decoracao,33,1200,1,14033,101,8,57
f858dbf7475a6089fc882318b8aeaded,Lixeira Automática 5L,,utilidades_domesticas,20,122,1,400,25,15,25
cc74107a3eceb1b0c1c000edae5a8431,Aromatizante Automotivo Baunilha,,automotivo,32,200,1,250,20,10,15
4a6a95ce8da4776d4bfe26375f667985,Organizador de Gavetas 3 Níveis,,utilidades_domesticas,46,630,3,1200,22,30,22
367dae93cb327a921daba5eddd2dc401,Creme Dental Branqueador 90g,,beleza_saude,47,595,5,300,20,8,26
42ebb92b7f9bb084077e921ee7e40199,Raquete de Tênis Profissional,,esporte_lazer,59,432,6,300,30,5,11
8f8496902e65ff58118aab478dc2a55e,Lixeira Automática 12L,,utilidades_domesticas,58,545,2,250,25,10,36
7e786406ac65b91c288fe2be1d93bddc,Relógio Casual Masculino,,relogios_presentes,34,519,2,400,16,27,17
1f3365ddc6456d082f482309326f037c,Raquete de Tênis Júnior,,esporte_lazer,60,1278,4,600,18,5,18
df73a8f4ff200bb4571bbb961c6f6987,Carregador Rápido USB-C 30W,,telefonia,59,601,1,200,19,4,11
4c743ef85742be2bfbf2036906e524f4,Pacote de Canetas Esferográficas (10un),,papelaria,54,171,2,1100,38,30,28
6bbe55cf8f85c87b6eebb775a53402f4,Tablets Impressao Imagem - 283g - 22x12x21cm,,tablets_impressao_imagem,54,512,1,283,22,12,21
8ed094bfe076c568f6bb10feada3f75d,Gaveteiro 3 Gavetas,,moveis_escritorio,43,1128,1,16133,63,59,25
61e2cc02b96d5d61c27e21754260dccd,Caderno Universitário 200fls,,papelaria,48,182,1,300,25,11,11
4d88659b2d47e07c93060537d6542bb5,Mesa de Escritório 120x60cm,,moveis_escritorio,60,2083,1,20500,58,28,58
b0c1e71a37e29bd3d463eb93e4861c6a,Trem Elétrico com Trilhos,,brinquedos,43,183,3,700,26,15,26
1a4eccba16567c9ffa6e98d0f552a883,Kit de Limpeza Multiuso (5pç),,utilidades_domesticas,52,164,2,8950,95,6,45
4eccb57987c7f971d1fd64f81362f191,"Mochila Executiva 17""",,malas_acessorios,39,38,6,200,16,7,11
e87b2200e1df21f624eea3e9bd087dc0,Boneca Articulada 30cm,,brinquedos,23,234,1,350,17,14,12
2531bf4f54beb9037615a37b8a9754c7,Caneta 3D Iniciante,,cool_stuff,39,3210,3,575,23,16,18
361009da0572b0d1d961d347f10e09b1,Moveis Sala - 5kg - 45x66x14cm,,moveis_sala,62,302,2,5000,45,66,14
a45d376e2359c18076d5c16a042777e5,Balão de Voleibol Praia,,esporte_lazer,54,1814,1,1286,24,21,22
a1ead9010030ade9a219495543cd5c48,Mouse Óptico USB,,informatica_acessorios,54,714,3,1500,17,33,44
4148d4f36653927e8641a9d6afbfc5e2,Caneta 3D Iniciante,,cool_stuff,48,1689,3,700,16,2,11
192d363be840c4c307c77a1880c1d8d6,Shampoo Anticaspa 300ml,,beleza_saude,56,1670,1,300,28,24,11
49026f19cf3e18f394328d81cba27708,Cama Mesa Banho - 200g - 49x10x40cm,,cama_mesa_banho,53,795,2,200,49,10,40
50f39d42ee3c1155a39f330b0b53c735,Produto - 500g - 16x19x12cm,,,,,,500,16,19,12
421fbb32d56489554d727fbd4b2fa65d,Creme Dental Branqueador 120g,,beleza_saude,45,1364,1,650,20,15,15
80b277131c86232dec38056fa40eaeca,Raquete de Tênis Júnior,,esporte_lazer,36,669,1,1000,34,36,37
1c93b38903bf11d9a9bd28f3c65481d6,Casa Conforto - 19kg - 45x15x35cm,,casa_conforto,60,407,1,19800,45,15,35
dd89d65fbdcdde1b2dd534d255797c71,Creme Dental Branqueador 90g,,beleza_saude,42,791,1,200,22,2,15
fd9222f5293048868b832e5179fa3ec5,Andador Infantil Musical,,bebes,55,973,2,2950,32,22,16
ac55865c931b6e828892c10b73887af4,Teclado Musical 61 Teclas,,instrumentos_musicais,56,802,2,3750,18,30,29
6b7b5d0adc9be5fa4c0e68c102dd51b4,Relógio Esportivo Resistente à Água,,relogios_presentes,57,440,2,600,18,18,16
48711538a9ed71dcb2cdf01a38974abd,Carregador Rápido USB-C 20W,,telefonia,52,1151,3,550,24,8,18
2f0487d88dafacc1e64b8ab65820f96b,Película de Vidro Temperado Universal,,telefonia,55,1350,3,300,16,22,11
48d560392eb163f1f9c3e4f032f81da8,Perfume Aventus 100ml,,perfumaria,36,165,1,425,18,13,14
4b6563a1f29c21523ddf75fc04abe980,Prateleira Flutuante para Livros,,moveis_decoracao,47,628,2,500,80,20,20
88f07c54aaac38face5f27e7d71922f8,Fashion Bolsas E Acessorios - 150g - 16x5x11cm,,fashion_bolsas_e_acessorios,63,328,4,150,16,5,11
9ae12b29023f393609663f7e954400d7,Cama Mesa Banho - 300g - 33x5x23cm,,cama_mesa_banho,30,215,1,300,33,5,23
874337e889ebccdaf2ac1f132818ccdf,Ração Seca Cães Adultos 15kg,,pet_shop,59,803,1,550,20,50,20
f81353ef7f563e3a3a1ea413fb41cbeb,Teclado Multimídia ABNT2,,informatica_acessorios,57,201,2,850,41,8,31
2fb02cd08d14624e7ed0d6c6e3c093c8,Brinquedo Mordedor para Cães,,pet_shop,63,1451,3,900,35,20,45
b28c74943399164661bb5350e482ae98,Cama Mesa Banho - 1kg - 46x9x37cm,,cama_mesa_banho,55,476,1,1917,46,9,37
7a5c07212703b5f01ee199d29a29a587,Luminária LED Multicolorida,,cool_stuff,60,530,4,350,16,11,11
d22bbc02259111e107ee7916637d4791,Raquete de Tênis Júnior,,esporte_lazer,58,1074,5,700,16,11,11
8ee15ce472d128e8ea95d9a24c2d397c,Organizador de Gavetas 3 Níveis,,utilidades_domesticas,50,615,4,500,16,12,12
79863f997e214f8f98c423694c745f3d,Protetor Solar FPS 50,,beleza_saude,20,1688,1,1450,30,12,16
4b4a4a757b32080f88805beb030d7955,Marcador Permanente Preto (5un),,papelaria,50,893,10,800,30,40,11
a8624848cc85066425b656121d3da966,Arranhador para Gatos 60cm,,pet_shop,57,159,1,300,16,16,16
8c026216e53f2d4be21aeb209dcd8c55,Bola de Futebol Oficial (Edição Especial),,esporte_lazer,48,255,1,450,16,12,12
a0245537bc3dfec325899fcd716f70cc,Violão Acústico Clássico,,instrumentos_musicais,55,968,5,6600,30,30,30
ca00f42e51fa8b6226d4c57ef6557967,Relógio Casual Feminino,,relogios_presentes,56,640,2,350,19,13,13
057041a5c3e1080ad700db092badca71,Cama Mesa Banho - 8kg - 40x25x48cm,,cama_mesa_banho,59,395,1,8950,40,25,48
0d704e7a1f7ac1c5c03247e845d18f93,Tábua de Picar Bambu (3pç),,utilidades_domesticas,40,73,5,200,18,4,12
c67b3dcc9c4490a8f7e41abd65cf9eab,Eletroportateis - 250g - 16x35x25cm,,eletroportateis,52,214,1,250,16,35,25
c1124abcc7a081c6f00f97c9135522fb,Creme Dental Branqueador 90g,,beleza_saude,53,2138,3,100,34,2,26
d102ed54656bd3eaf5bd365494e08bf6,Bola de Futebol Oficial (Edição Especial),,esporte_lazer,59,682,1,200,22,15,22
12ad279319eff927d9333b42f3382ff8,Fashion Bolsas E Acessorios - 100g - 16x5x11cm,,fashion_bolsas_e_acessorios,63,627,4,100,16,5,11
ae7799f14ab78798325fba1c61aac7d3,Cama Mesa Banho - 1kg - 43x8x20cm,,cama_mesa_banho,59,626,2,1075,43,8,20
10feace590e85f3804756b2fc1f6bbda,Liquidificador 600W,,eletrodomesticos,46,147,2,1200,20,12,15
66e0e2eae7c7ea6eae5a004c80a22bc2,Relógio Casual Masculino,,relogios_presentes,35,606,3,700,23,15,19
4d272fe20c57c64dc74b3db191fc31ef,Cama Mesa Banho - 350g - 40x4x30cm,,cama_mesa_banho,45,113,1,350,40,4,30
8ad1611d2c47dc2dbf44a8b99f80cda6,Carregador Veicular Bluetooth FM,,automotivo,59,265,2,1300,21,11,16
b38af792344fd2204db614a9c189e3b2,Creme Dental Branqueador 120g,,beleza_saude,58,1440,2,150,18,15,12
21cba128dedfe6bf04bfde715aef5355,Fashion Bolsas E Acessorios - 200g - 16x9x11cm,,fashion_bolsas_e_acessorios,59,497,6,200,16,9,11
9c46567584228684abb9695a398d0f18,Kit de Limpeza Multiuso (5pç),,utilidades_domesticas,59,324,4,550,20,15,15
37cc5883abe2ac5703f1cfa3a9ec41c0,Fone de Ouvido Bluetooth 5.0,,eletronicos,39,480,3,217,16,13,16
3d39134696d3f90744ca0291667f0140,Pacote de Canetas Esferográficas (10un),,papelaria,50,537,6,1750,28,33,44
ff29d8cb1cd0cd5ea37b80dac9939e1c,Carregador Portátil 10000mAh,,eletronicos,47,485,1,200,30,10,20
d29534bc8c74cd3d91e0f175a5c9b366,La Cuisine - 1kg - 74x12x15cm,,la_cuisine,59,748,1,1450,74,12,15
ffaaddefb271481c66d4bd79844ecdae,Kit de Limpeza Multiuso (5pç),,utilidades_domesticas,45,316,1,200,25,10,20
1f15aad258a1559be6c62fe1a774daa7,Arranhador para Gatos 60cm,,pet_shop,43,259,3,700,20,20,20
bc2ead3bce545913170e95871fddf5b4,Kit de Limpeza Multiuso (5pç),,utilidades_domesticas,56,616,1,250,35,10,15
6d2c14b30e95a30ea57059b97cdd9fe7,Kit de Limpeza Multiuso (5pç),,utilidades_domesticas,55,340,1,2300,30,30,30
77b856bb1279d01bd8d0f33d05a4259a,Marcador Permanente Preto (5un),,papelaria,54,194,3,350,24,7,14
6d37e202f4afe0a1539c872d21e45650,Mouse Óptico USB,,informatica_acessorios,38,247,3,1300,20,30,20
e01bc2ad5c6f46c0f53f73379fcd602e,Bola de Futebol Oficial (Edição Especial),,esporte_lazer,28,1182,4,900,50,6,20
fec95e3df8533d6872300b23b9a5a943,Prateleira Flutuante para Livros,,moveis_decoracao,57,945,1,6300,21,21,42
4f33e0de0408eb2d6238a9f41f55acb4,Protetor Solar FPS 50,,beleza_saude,59,1064,1,200,16,8,11
252dc23ff7e1241d046a1c2c5041ffb5,Cama Mesa Banho - 1kg - 43x8x33cm,,cama_mesa_banho,56,2079,2,1000,43,8,33
b1e8074e6497dd78a58f993589bc09a2,Teclado Mecânico RGB,,informatica_acessorios,54,914,3,693,39,7,16
42a2efd39155b59e16bac90081495285,Relógio Esportivo com GPS,,relogios_presentes,35,1073,1,348,18,11,15
d496f7647d2eceba04455a3e682c59a6,Cama Mesa Banho - 2kg - 30x5x30cm,,cama_mesa_banho,51,220,1,2050,30,5,30
4e4533c3f5832b58737e5a6229fe39f5,Cama Mesa Banho - 1kg - 16x10x16cm,,cama_mesa_banho,54,515,1,1000,16,10,16
4f8303640418a925cc83a18d2caf0dbe,Balão de Voleibol Praia,,esporte_lazer,58,402,4,500,24,16,16
3a8bbcf3084a3e388588a1b43e188d81,Mouse Óptico USB,,informatica_acessorios,39,1313,1,700,31,13,11
0e6596a7fa2e81995e1ddaddc650cbee,Cama Mesa Banho - 1kg - 21x10x29cm,,cama_mesa_banho,49,397,1,1640,21,10,29
a5a2b70ed811fc99be9a6ba5961b7f05,Fashion Bolsas E Acessorios - 300g - 16x12x16cm,,fashion_bolsas_e_acessorios,28,353,4,300,16,12,16
965ed8ce606fae58ee076e77023d9a0b,Relógio Casual Feminino,,relogios_presentes,54,780,2,300,16,11,20
e8b0fa506cda44528a15318cef8a27a0,Teclado Multimídia ABNT2,,informatica_acessorios,41,726,2,1240,15,5,9
e306ca54c91b21392317d5b4632c9fe3,Controle com Fio para Xbox Series X,,consoles_games,42,778,1,700,26,12,18
163a503e8aa4c48bfd077f416e4341d4,Agro Industria E Comercio - 2kg - 52x13x32cm,,agro_industria_e_comercio,40,628,1,2650,52,13,32
b008888e5e01a5c9da36306228e900d1,Pcs - 12kg - 50x50x25cm,,pcs,60,1091,1,12100,50,50,25
4100a608bd0aa524b06ffefba973707b,Shampoo Anticaspa 500ml,,beleza_saude,39,798,1,688,17,13,16
07797d4315ce5c1570e0a484472e04b5,Prateleira Flutuante para Livros,,moveis_decoracao,32,303,1,2300,37,30,20
91025258cde9e3ab5c55b59dbc77cde2,Furadeira de Impacto 500W,,construcao_ferramentas_construcao,32,424,1,333,25,11,19
32dfa38395ccd47d7b320470b0514fee,Cama Mesa Banho - 150g - 16x10x16cm,,cama_mesa_banho,58,505,2,150,16,10,16
6c8408bde0e2dd939bade6cdbd789b65,Limpa Para-brisas 500ml,,automotivo,49,469,1,1200,20,10,20
5f2924ba89d5561b2b24067e375b212d,Teclado Mecânico RGB,,informatica_acessorios,48,561,2,593,41,13,14
eea7c32deef50f6da0daad60afed9567,Trem Elétrico com Trilhos,,brinquedos,31,460,1,600,26,6,17
95f76a3205f55d54b001e730486c6737,Cama Mesa Banho - 17kg - 58x40x50cm,,cama_mesa_banho,60,870,1,17800,58,40,50
389c7d7f59a980be2afbe84d648cd80f,Lixeira Automática 5L,,utilidades_domesticas,36,808,2,300,16,25,11
d77d27463e13ef595de73237c5eee684,Relógio Casual Feminino,,relogios_presentes,50,769,4,200,19,13,13
3e0bc37e01b5c85e125dbaef7cc3f0ad,Eletroportateis - 3kg - 37x30x21cm,,eletroportateis,58,566,3,3150,37,30,21
0649f548e3fa70d40eb8fd98ecfe6322,Película de Vidro Temperado Universal,,telefonia,30,355,1,50,19,3,11
2918336685cacbe8df9a66e4cad34cf1,Berço Portátil Dobrável,,bebes,59,121,1,850,39,16,40
bb02c40ca38878b8986798de4842d134,Cama Mesa Banho - 975g - 28x17x29cm,,cama_mesa_banho,56,495,6,975,28,17,29
805bf2490cf3dfc00aa1ce921ffde7ef,Pendrive 32GB USB 3.0,,informatica_acessorios,50,3612,3,13000,66,44,27
939ca4eeb18f951c099e1178bc50772c,Coleira Antipulgas 8 Meses,,pet_shop,60,396,5,1500,22,19,22
e4bc26706c5391433592fc23fecce0c7,Luminária Pendente Vintage,,moveis_decoracao,58,1750,3,2500,105,3,70
13bb5184d064f9b96e56d241eb8b7814,Trem Elétrico com Trilhos,,brinquedos,56,1033,3,1450,42,30,23
8f294708d3d915a85d705b2654e49ca9,Mouse Sem Fio 2.4GHz,,informatica_acessorios,55,761,3,500,36,10,9
33a07ea8a7b3dbab277c180e9f1233ea,Aromatizante Automotivo Baunilha,,automotivo,43,421,1,2000,20,21,15
ac5e164e2eda939ffa46593f90077f9a,Chinelo Slide Unisex 39,,fashion_calcados,35,222,5,400,29,12,23
7977b70dccf5fb91ef5787ea38c36c45,Suporte de Celular Articulado,,cool_stuff,55,1324,4,3250,30,25,25
8c35dc99b37ba51780800ba049ed3616,Marcador Permanente Preto (5un),,papelaria,52,157,1,350,24,7,14
96ef18649cc53717e0028b36c7c69774,Luminária Pendente Moderna,,moveis_decoracao,52,485,2,500,35,8,35
7d8f983b213d00e33e83aeabe1ecea40,Cama Mesa Banho - 8kg - 50x25x25cm,,cama_mesa_banho,59,473,2,8800,50,25,25
eb726c73cd87836d80adff6bdd4d762e,Boneca Articulada 30cm,,brinquedos,60,912,1,900,30,15,20
5b4c7b13dcff7e66567504d1b2a46ae3,Balão de Voleibol Praia,,esporte_lazer,31,676,1,325,16,5,12
09d16c9d49e1616a733d22e77507d91d,Luminária Pendente Vintage,,moveis_decoracao,27,922,3,900,25,15,20
4aca38e787c979a6106440c7a63036b4,Boneca Articulada 30cm,,brinquedos,55,1107,1,1600,40,15,35
b5d80a1b72c94ff284760dabb4fb776b,Produto - 400g - 16x15x15cm,,,,,,400,16,15,15
06324724a73c341e0826729d63a8d5bc,Prateleira Flutuante para Livros,,moveis_decoracao,58,2070,1,1950,69,11,11
e85fbac9d80b832ba812bc5d7ffe236d,Sinalizacao E Seguranca - 2kg - 21x35x21cm,,sinalizacao_e_seguranca,43,350,1,2350,21,35,21
6e7b435ac3c84fc5348dba974e184322,Ámbar Noche Eau de Parfum,,perfumaria,42,299,1,280,17,14,14
c9996076c21558c4878c8d2fed12c45a,Boneca Articulada 30cm,,brinquedos,53,465,6,1867,25,18,25
36f60d45225e60c7da4558b070ce4b60,Pendrive 32GB USB 3.0,,informatica_acessorios,33,300,1,207,19,11,14
9321b2e4e8fe357fe2e3bad624229bd5,Colônia Nativa 200ml,,perfumaria,41,718,1,517,18,12,19
01365901d8f2247976a7e5d4c98c52c0,Relógio Casual Masculino,,relogios_presentes,60,567,6,250,16,2,20
553c5116d8f8866d39a1281071b3776f,Prateleira Flutuante para Sala,,moveis_decoracao,43,149,1,500,20,10,15
4d397d263f26b146e2305cfecf8193ba,Creme Dental Branqueador 90g,,beleza_saude,57,2602,3,300,20,10,15
be03d93320192443b8fa24c0ca6ead98,Lixeira Automática 12L,,utilidades_domesticas,59,189,3,775,16,16,13
0f0d29cc7928e6e5d01afaa32e77c1e0,Tábua de Picar Bambu (3pç),,utilidades_domesticas,47,213,1,5400,36,15,29
c6a5b2b8610b3206be072c211b70ba69,Marcador Permanente Preto (5un),,papelaria,52,223,5,5850,60,20,29
2f2c777499972fe908f5c404fd7d43b7,Limpa Para-brisas 500ml,,automotivo,58,703,6,4750,47,19,23
3528876f41132ca5604b505343619412,Mouse Óptico USB,,informatica_acessorios,23,978,3,1500,25,15,25
c252ac6ba12ddd61a54b4fd73f223e7e,Raquete de Tênis Júnior,,esporte_lazer,55,1392,1,1150,16,16,16
c8a8b80300a9dfba535a8d575b01c977,Luminária Pendente Vintage,,moveis_decoracao,60,241,2,2300,45,15,35
1431b5a121c1134957c9aff8c8db2bf9,Pacote de Canetas Esferográficas (10un),,papelaria,52,162,1,600,16,11,16
09364ccfda8448d03ae4082f6044b16e,Teclado Mecânico RGB,,informatica_acessorios,56,924,1,200,16,10,16
becdef3ca4da8b5dca0f783acc5ee300,Necessaire Viagem 3 Compartimentos,,malas_acessorios,50,279,1,1400,45,20,35
0ef0a1c6a3c510f3f81bde96f72121d1,Luminária Pendente Moderna,,moveis_decoracao,53,563,2,12200,47,38,37
84bafdce8540f697ae16b41858256867,Limpa Para-brisas 1L,,automotivo,47,293,3,50,20,4,16
621b15d249d471192c1bd7ade2dd8b86,Fashion Roupa Feminina - 300g - 16x2x11cm,,fashion_roupa_feminina,26,225,2,300,16,2,11
98354ddeaeae40bd6b705381191a9ffc,Teclado Multimídia ABNT2,,informatica_acessorios,59,391,1,900,30,15,15
5e5d267a41f3d8bb608c2f0bd4b4972f,Relógio Casual Feminino,,relogios_presentes,57,536,1,357,17,12,16
6da34f576ae8ae67eefc6284461cea8b,Marcador Permanente Preto (5un),,papelaria,52,391,3,525,38,33,26
86573a992f10e1ad49a669fd151b7abf,Espelho Decorativo Ovalado,,moveis_decoracao,53,184,2,13050,40,48,40
3cacd5299c846cb08ae1e445fd78392b,Shampoo Anticaspa 300ml,,beleza_saude,35,469,2,350,21,14,17
0fbf220f61720a67fc0d6432cb32a5b4,Kit de Poda (Tesoura + Serrote),,ferramentas_jardim,60,921,2,10650,22,28,44
d1d3cf795364e3380f9412941d8a8758,Creme Dental Branqueador 120g,,beleza_saude,52,1649,1,200,22,5,15
5ddf71f0c832e1af820031a5a62beb01,Geladeira Frost Free 400L,,eletrodomesticos,50,719,1,100,16,3,13
23ee71d4afa97c8d30028d4956baaa62,Luminária Pendente Vintage,,moveis_decoracao,40,341,1,9200,30,30,35
a9342ff863c8bcf625664fe435e7f253,Balão de Voleibol Praia,,esporte_lazer,44,2080,1,2600,30,25,25
722a703d9aadc6e807aed5512eb447c7,Alimentos - 500g - 23x23x17cm,,alimentos,23,936,1,500,23,23,17
652c030867f364b558eb9f7dcbcf608d,Jogo de Blocos 100pç,,brinquedos,53,737,3,983,24,22,37
62ea504fcbda5b4dd1069fc15e8dde79,Carregador Veicular Bluetooth FM,,automotivo,39,332,3,100,30,2,20
6ae38d49db7fc65ad1779828542aecba,Kit de Poda (Tesoura + Serrote),,ferramentas_jardim,42,317,1,2300,23,22,19
80103e141ed0da3b1d63cb0c7d1f7d48,Carregador Rápido USB-C 30W,,telefonia,36,316,1,150,17,17,17
bf59082c832c1a67b92ee5ca73971f4e,Lixeira Automática 12L,,utilidades_domesticas,56,1195,5,4750,60,5,40
9835bbd4ce057f9d65bc826bd578c93d,Protetor Solar FPS 50,,beleza_saude,60,488,4,550,21,4,15
71d0c6d235f2bb67ca7bc7cfe66f4277,Trem Elétrico com Luzes e Som,,brinquedos,53,60,3,200,17,4,13
ecb16469f307330a111729808a16db55,Cama Mesa Banho - 700g - 35x8x30cm,,cama_mesa_banho,51,405,1,700,35,8,30
e6666bfb776cebb5e0e1cdf2410f7490,Aromatizante Automotivo Baunilha,,automotivo,60,1693,8,3100,46,14,25
34b60db9767b87c8234447cebaea994b,Trem Elétrico com Luzes e Som,,brinquedos,54,473,1,300,20,10,20
e1559fbf98a69c9a54d3df4c359aa164,Cama Mesa Banho - 650g - 30x3x19cm,,cama_mesa_banho,53,495,1,650,30,3,19
159cad5d8dadf4141e99b88d58c0c943,Berço Portátil Dobrável,,bebes,21,396,1,717,34,24,34
d5ad1429503cdb3871407ed2e8fbf859,Luminária Pendente Vintage,,moveis_decoracao,37,626,3,1363,36,6,32
24541f532451ecaa85eab5b200b2b686,Prateleira Flutuante para Livros,,moveis_decoracao,59,2130,2,450,69,11,11
4e7814c736cac58bdcd4423ed76ca68a,Sandália Rasteira Feminina 36,,fashion_calcados,58,404,4,1500,20,15,35
a5341e3f8155dbb3e62323d3ea289729,Prateleira Flutuante para Livros,,moveis_decoracao,50,422,7,2850,40,5,44
fd220f6fd5a3f13ef9db07428f9c935d,Fralda Ecológica Tam M (50un),,bebes,51,1438,6,280,17,6,11
f9377612042bc929a4aae64a8dbc58da,Limpa Para-brisas 1L,,automotivo,60,1957,1,50,18,10,16
178fff5a81c5c9447c6dcc3a2039d7f7,Bola de Futebol Oficial,,esporte_lazer,55,2019,5,588,25,28,28
4a7dffba3ac0ece48b8fb8511ea672eb,Relógio Esportivo com GPS,,relogios_presentes,35,516,3,850,48,16,35
82758517d6c9cc65c509781f1e14e9f2,Produto - 900g - 31x13x20cm,,,,,,900,31,13,20
da893368e67b2e521b3f04da43f4b57a,Carregador Rápido USB-C 30W,,telefonia,47,419,2,700,18,7,20
09982590713913e225d3ce5ccb670688,Fralda Ecológica Tam M (50un),,bebes,58,1977,1,200,17,17,15
8e436253e3c4eeacc3b2757482517200,Shampoo Anticaspa 300ml,,beleza_saude,37,1035,3,100,16,5,20
a934e0f29d3b0843308564ed3ec07058,Perfume Aventus 50ml,,perfumaria,48,143,1,350,18,8,12
c11df8bc488c72d5f966012f8cc81662,Fogão 4 Bocas Inox,,eletrodomesticos,55,218,1,200,18,8,13
390b11d5e6df7f88831bb38cfda1613d,Fogão 4 Bocas Inox,,eletrodomesticos,54,199,1,3100,64,6,55
a5cb33fabba1f8cdcd6fdcace71ed02e,Carregador Portátil 10000mAh,,eletronicos,48,240,1,175,20,16,20
22dfa7d077d1088aba3095c67ee10a9a,Mouse Óptico USB,,informatica_acessorios,58,141,1,200,42,9,25
d1f69b1b509a6f4e1fdca33101625bc8,Relógio Esportivo Resistente à Água,,relogios_presentes,36,343,10,750,30,30,30
2d75b9adc67c44c0967c56919c165354,Creme Dental Branqueador 90g,,beleza_saude,45,1209,5,400,27,14,23
a6a86219152d22366ffe68794aa1c219,Capa para Samsung Galaxy S23,,telefonia,50,500,1,88,19,4,11
baff65b3343271414a092f28893eeb70,Cama Mesa Banho - 467g - 45x4x35cm,,cama_mesa_banho,60,459,2,467,45,4,35
3b88c6a09d4f61f0566c39ed139fb5e2,Tapete Higiênico Cachorro 40x50cm,,pet_shop,38,497,2,300,20,20,20
9a5d5bbdc73537a9524d36918db668e4,Caixa de Som Portátil 10W,,eletronicos,51,297,1,150,21,7,14
8b1490c8e82581bd050b41bd709a6364,Shampoo Anticaspa 500ml,,beleza_saude,29,298,4,100,22,3,14
7d1af70947f3ec4618297f9dc62086bc,Espelho Decorativo Ovalado,,moveis_decoracao,63,549,1,750,45,15,35
2c925b58c178637d60168ac80cf7f836,Boneca Articulada 30cm,,brinquedos,56,740,2,483,23,12,19
762e9c384b4752bbcbea568e3d89856f,Coleira Antipulgas 8 Meses,,pet_shop,25,236,2,200,21,16,17
444ab88b25c5d6d2310be80ab1d60fad,Teclado Gamer Mecânico RGB,,consoles_games,49,682,2,550,17,8,17
b3a2e35138535549da5449d618352f46,Lixeira Automática 12L,,utilidades_domesticas,34,260,4,550,16,12,15
af4708c7522d336a01ea0a421531e56f,Marcador Permanente Preto (12un),,papelaria,54,688,2,475,18,13,16
828c579b949972bdea5cf2203faf4563,Casa Conforto - 800g - 20x20x20cm,,casa_conforto,34,479,1,800,20,20,20
15c53c3819865dc1083cf45b3b888b43,Relógio Casual Masculino,,relogios_presentes,59,324,5,280,30,30,30
775917a2882dceb1d02aaa6b1abc1b24,Prateleira Flutuante para Livros,,moveis_decoracao,58,408,2,8050,52,18,35
44f17cb299c90c0663616f83d55c45ee,Prateleira Flutuante para Livros,,moveis_decoracao,58,1953,1,800,69,11,11
5f24f9f041b1ab4de5de1b37994952d8,Fogão 4 Bocas Inox,,eletrodomesticos,60,208,1,2250,18,8,13
c36982ca95045ed1f077134eac1e94f2,Cama Mesa Banho - 7kg - 50x18x28cm,,cama_mesa_banho,60,219,1,7175,50,18,28
d14495a85be157b5cacef4eaaf825791,Moveis Cozinha Area De Servico Jantar E Jardim - 30kg - 31x105x31cm,,moveis_cozinha_area_de_servico_jantar_e_jardim,57,252,1,30000,31,105,31
f26157889d4e8ee5b3cbcce8e51c7d2f,Raquete de Tênis Júnior,,esporte_lazer,32,534,4,2350,30,25,15
dd0286e208604a3b60d3d0653981dbd7,Capa para iPhone 13,,telefonia,46,772,2,163,18,8,13
26437ba9eb3e55be2265009412da38e5,Trem Elétrico com Trilhos,,brinquedos,45,215,1,600,45,15,35
89ecac14896f9d0c3d6d44c2095ae987,Raquete de Tênis Profissional,,esporte_lazer,59,3212,1,1725,35,38,33
2d1e6a6907dcf4b2299622df6cc03c84,Cama Mesa Banho - 1kg - 30x10x20cm,,cama_mesa_banho,60,1255,2,1600,30,10,20
2d99b68429ab6c82014dc3ceb9a9501c,Limpa Para-brisas 1L,,automotivo,58,579,4,1800,33,27,26
e3ffa5b25f4a372e7ccf597b6ceb6c90,Fralda Ecológica Tam M (50un),,bebes,57,2049,2,600,65,11,11
f3c2c2578c46d659b7940e784319413e,Fashion Roupa Masculina - 800g - 20x7x20cm,,fashion_roupa_masculina,42,162,4,800,20,7,20
08ca55f13fdc7712bc93387c2f66e3a4,Creme Dental Branqueador 90g,,beleza_saude,57,2306,1,200,22,10,15
152d8bb1e16d0a4f567c7cece5e92b6a,Cama Mesa Banho - 2kg - 42x16x36cm,,cama_mesa_banho,64,702,1,2700,42,16,36
f42892b40225227fe465626ff509a92e,Casa Conforto - 1kg - 45x15x35cm,,casa_conforto,58,335,1,1750,45,15,35
83e2059df06602e05d9bc1abf28166ac,Luminária Pendente Vintage,,moveis_decoracao,57,1722,2,550,52,11,11
2b74db1c0f6fc1865eadf27fe9b1231a,Boneca Articulada 30cm,,brinquedos,46,1223,1,275,17,18,12
4dc3f43b20eeebc284b7ec6f5dc9b792,Teclado Multimídia ABNT2,,informatica_acessorios,53,497,1,200,18,9,16
c681df24c54f79b5eab51e15b603abf8,Kit de Poda (Tesoura + Serrote),,ferramentas_jardim,40,313,1,800,40,3,15
ecd5fb40310b0f37e80e312bccc3b1ee,Bola de Futebol Oficial,,esporte_lazer,44,720,4,1000,25,5,25
a17e026dc13fc5106208684c448aedc1,Estante Organizadora 6 Prateleiras,,moveis_escritorio,54,569,1,9200,52,51,17
ab5da1daa941470d14366f4e76a99dd2,Geladeira Frost Free 400L,,eletrodomesticos,57,953,3,100,30,10,15
a19b6951c75da43aad691622dd2f6abe,Prateleira Flutuante para Livros,,moveis_decoracao,44,789,1,650,20,35,20
d0babf1d1f8ae1906d86ac8b4fd7ea9b,Perfume Aventus 50ml,,perfumaria,43,102,1,700,16,3,12
99b5175198369d12de8feee13dafac16,Shampoo Anticaspa 300ml,,beleza_saude,35,778,1,225,28,15,17
6c8ddb5440080718b5110d82c7ae1faf,Protetor Solar FPS 50,,beleza_saude,36,551,1,200,30,3,40
c4d92c32b2e02363d3f087c7156a523c,Produto - 800g - 30x13x15cm,,,,,,800,30,13,15
493943f1f8fe6655c30dfea68ffda600,Pacote de Canetas Esferográficas (10un),,papelaria,45,148,1,100,16,5,16
fa7be99321f2dbb1e518d2139ccb1d39,Bola de Futebol Oficial (Edição Especial),,esporte_lazer,63,1908,5,500,27,15,20
37c269354554b312f0c614582c19cf91,Cama Mesa Banho - 1kg - 39x17x33cm,,cama_mesa_banho,53,349,1,1100,39,17,33
8fe6ecd5b3782f101ac483a1f26946f2,Protetor Solar FPS 50,,beleza_saude,28,913,1,1300,16,11,11
557d850972a7d6f792fd18ae1400d9b6,Kit de Poda (Tesoura + Serrote),,ferramentas_jardim,39,1310,3,13805,35,75,45
55042f58e0ee432416bab8ecdb8a84b4,Construcao Ferramentas Seguranca - 1kg - 20x20x20cm,,construcao_ferramentas_seguranca,49,531,6,1250,20,20,20
610c673331ac3c4fa0f393ce5af9aa2e,Smartwatch Série 7,,eletronicos,43,381,1,150,22,11,16
0142fd5bd2e0923cf2dbc73d471dda34,Tênis Esportivo Feminino 35,,fashion_calcados,57,404,4,1400,22,12,33
66f7f8d449192024900375fad770d864,Relógio Esportivo Resistente à Água,,relogios_presentes,46,250,3,650,20,15,17
3ebda2ff30d61d8c324e647948bbc6d0,Andador Infantil Clássico,,bebes,53,403,1,200,24,3,19
249de764c23f381ef073c7520e0ab799,Ração Seca Cães Adultos 15kg,,pet_shop,38,605,1,175,20,5,13
c1aaab8bfc16d73c6829b879f558fad4,Limpa Para-brisas 1L,,automotivo,36,250,1,1050,40,4,30
dd4924bdb39ff70888cda30b57f46035,Cama Mesa Banho - 10kg - 51x23x51cm,,cama_mesa_banho,59,577,2,10950,51,23,51
765b5cdbf629b3d9ada3953e999c3ac0,Creme Dental Branqueador 90g,,beleza_saude,53,1703,2,2350,20,20,20
29bcbac6eec9fa5e51f01225e8004c93,Casa Conforto - 6kg - 50x20x40cm,,casa_conforto,60,217,3,6700,50,20,40
bdd59148fd23281bb706539815e39bf3,Colônia Nativa 200ml,,perfumaria,57,598,1,450,18,18,18
197b4312d52feeab01ec95013df1a9d0,Raquete de Tênis Profissional,,esporte_lazer,52,360,3,400,17,35,18
09f3400d8c8a707c448a94f977f81968,Organizador de Gavetas 3 Níveis,,utilidades_domesticas,59,207,1,200,18,2,18
ba17f75fc8d843241e6ebb54c5077fc5,Pacote de Canetas Esferográficas (10un),,papelaria,59,580,4,725,40,13,40
3948f284081821f4e27ba8c23d4cbc9a,Trem Elétrico com Luzes e Som,,brinquedos,26,344,1,1825,33,19,45
2814b5e91ca5da1c238fc3ddf9616832,Shampoo Anticaspa 500ml,,beleza_saude,58,1058,6,350,16,7,20
1928afdd082c046af569f70558516d11,Fashion Bolsas E Acessorios - 100g - 21x9x14cm,,fashion_bolsas_e_acessorios,59,236,1,100,21,9,14
97a0fca3502276570a22f65e739f3dcd,Organizador de Gavetas 3 Níveis,,utilidades_domesticas,46,492,1,835,29,43,21
144eebc150ba34b9f44f761513b5a394,Aromatizante Automotivo Baunilha,,automotivo,57,693,5,1175,68,8,35
ea11e700a343582ad56e4c70e966cb36,Produto - 26kg - 67x57x46cm,,,,,,26000,67,57,46
33ac1956f1f647da03cb796870feddfe,Kit de Limpeza Multiuso (5pç),,utilidades_domesticas,52,1072,4,4650,30,20,30
aeae6a46f42d7755930f30825f5a4c5b,Controle com Fio para Xbox Series X,,consoles_games,57,814,3,300,16,16,14
71a7800a633691de8ecdd17463335e2e,Construcao Ferramentas Jardim - 550g - 20x16x30cm,,construcao_ferramentas_jardim,49,1845,5,550,20,16,30
0f985682d883837be42a813f58a91885,Luminária Pendente Vintage,,moveis_decoracao,59,309,2,150,22,12,22
92e22f96f92bc2dc5d6504f301010a34,Aromatizante Automotivo Lavanda,,automotivo,60,863,1,1500,40,14,40
1f9f5468776e35e451d4e2eabf10c523,Lixeira Automática 5L,,utilidades_domesticas,60,547,2,400,40,10,25
4819da1e57bea0eb01d096e4f0d7d5fd,Bola de Futebol Oficial,,esporte_lazer,53,675,1,900,16,23,16
d66815037fba03ebe1e3bcb9967723aa,Jogo de Blocos 100pç,,brinquedos,46,853,3,1349,35,49,25
50412efecf5c67eead5f761db931771c,Luminária Pendente Moderna,,moveis_decoracao,58,2059,4,2500,69,11,11
9820e04e332fc450d6fd975befc1bc28,Produto - 10kg - 40x40x30cm,,,,,,10800,40,40,30
dbdbf03d0f71aa48a4fbe6ac2a5dd2f3,Tábua de Picar Bambu (3pç),,utilidades_domesticas,52,1142,2,550,50,15,30
f35013cb05a9538a4428fa6161b2c96b,Cama Mesa Banho - 1kg - 19x17x23cm,,cama_mesa_banho,60,680,1,1275,19,17,23
1fd2441965108612e42f81661582a3e5,Carregador Rápido USB-C 20W,,telefonia,54,415,3,100,19,3,11
d1a864b43eab0ff2a9181a1ffef72744,Organizador de Gavetas 3 Níveis,,utilidades_domesticas,44,681,4,550,16,12,12
60c93709754c1b56d6fcc7187a4810f3,Kit de Limpeza Multiuso (5pç),,utilidades_domesticas,57,685,1,2700,30,30,30
527a40078203cf108551cf90f6e3b018,Protetor Solar FPS 50,,beleza_saude,26,470,1,445,16,22,24
1d0576deaebcd2285a1fea5d43021ca8,Bota Social Masculina 41,,fashion_calcados,57,404,4,700,22,12,33
9b762d5493c778a34af75c9270328fcf,Teclado Multimídia ABNT2,,informatica_acessorios,58,697,2,400,18,16,18
bcbd68571e8cf6d290a72a280b6b3b91,Tábua de Picar Bambu (3pç),,utilidades_domesticas,41,270,1,600,16,25,11
ca36223e14b83df526098afff99de992,Balão de Voleibol Praia,,esporte_lazer,28,109,1,400,16,16,16
a92044ede94468b593b5e4d92498f6c1,Espelho Decorativo Ovalado,,moveis_decoracao,58,560,1,2200,43,11,35
893b9464c6ab7f700148fe9db838b6b4,Caderno Universitário 200fls,,papelaria,50,279,1,3550,16,60,90
dc52f0f5d3ec37a93eaf956cde4e5d2c,Relógio Casual Masculino,,relogios_presentes,60,539,7,400,16,2,20
86742dc5c815f1c8c04c6e323e3c1865,Coleira Antipulgas 8 Meses,,pet_shop,37,734,10,6950,48,28,31
800b4691fe11622089b5437c9713fe95,Prateleira Flutuante para Livros,,moveis_decoracao,57,306,1,1300,40,7,35
96cadd6d137bc9726fe1fae279d48631,Produto - 1kg - 25x15x14cm,,,,,,1300,25,15,14
d7db906531fe298de06721345a86828e,Relógio Casual Masculino,,relogios_presentes,50,521,1,342,18,12,12
d2f5484cbffe4ca766301b21ab9246dd,Mouse Sem Fio 2.4GHz,,informatica_acessorios,51,448,1,180,16,9,16
b2b7267fcaf435c1d6ff0fe43b6716d4,Fashion Bolsas E Acessorios - 200g - 16x2x20cm,,fashion_bolsas_e_acessorios,59,412,1,200,16,2,20
8ea996926ff2f9c0e50e2f70b8e01051,Protetor Solar FPS 50,,beleza_saude,40,3593,1,1100,16,19,15
f8ccd11a8dd63145c9a4ad4424195c77,Boneca Articulada 30cm,,brinquedos,50,735,3,600,20,16,17
7e9b52ab8c9b4c0fa93e431e8c3975e4,Cimento Portland 50kg,,casa_construcao,41,500,2,117,19,15,17
3c5ba90e09547db90868e803d139de30,Luminária Pendente Vintage,,moveis_decoracao,20,262,1,8800,36,47,36
de35b12d754d29dc6d48ae30cfe1c23f,Cama Mesa Banho - 2kg - 43x8x36cm,,cama_mesa_banho,52,202,1,2200,43,8,36
eb58d9eb4488178a84d9df65e7a42ad4,Kit de Limpeza Multiuso (5pç),,utilidades_domesticas,58,743,2,920,50,10,40
c7df652246ed7b3300aaf46960c141e4,Creme Dental Branqueador 120g,,beleza_saude,28,1455,1,683,29,15,22
7b22327a8222cb724f17c3a0aa392517,Bola de Futebol Oficial,,esporte_lazer,37,685,1,925,32,30,27
03d5bcd7db52bee20887c5034650185d,Creme Dental Branqueador 120g,,beleza_saude,50,1238,1,575,25,20,23
1cf0c9095608952cb1c65c4789946375,Fone de Ouvido Bluetooth 5.0,,eletronicos,52,293,2,275,28,9,22
6189e02e0740fb983b93e8075e965290,Carregador Rápido USB-C 20W,,telefonia,56,1520,1,250,16,4,11
3ca3e63474ecf703f9c2f935cd25d202,Fashion Bolsas E Acessorios - 200g - 16x2x11cm,,fashion_bolsas_e_acessorios,55,1434,1,200,16,2,11
8dfef1eace74e64779b2b82720cf9297,Boneca Articulada 30cm,,brinquedos,58,806,4,2500,20,70,15
272e51f7fc982529466144f8b68ec58e,Market Place - 3kg - 60x20x20cm,,market_place,42,319,4,3850,60,20,20
034abfb9b758233fd393bd361d4ec599,Prateleira Flutuante para Sala,,moveis_decoracao,63,259,1,900,40,3,40
6413f8d0daa3a38887a14917589e7da5,Relógio Casual Masculino,,relogios_presentes,58,1283,2,225,18,8,19
abe171a94bee936786955f928bd764ab,Cama Mesa Banho - 1kg - 35x9x25cm,,cama_mesa_banho,54,553,1,1300,35,9,25
94982c575245c1664b51851ec653a79e,Prateleira Flutuante para Livros,,moveis_decoracao,60,479,1,300,16,88,16
d9a5a5120d4d357871acd5408cb10e18,Fashion Bolsas E Acessorios - 100g - 16x5x16cm,,fashion_bolsas_e_acessorios,40,817,1,100,16,5,16
f538d01bc771eed83997a9e729627b73,Berço Portátil Dobrável,,bebes,49,796,2,100,16,8,11
04ca6bf4b3d9aa78046f0973efe2f4b1,Sinalizacao E Seguranca - 750g - 16x20x16cm,,sinalizacao_e_seguranca,46,916,8,750,16,20,16
8191994b4b3b86f1a4164ec05253fe86,Perfume Aventus 100ml,,perfumaria,37,587,1,200,16,12,20
eaa3fffe22b0b5efe02db64ab9d3bf84,Moveis Colchao E Estofado - 1kg - 41x21x21cm,,moveis_colchao_e_estofado,30,2073,4,1850,41,21,21
b93f2b23015548acbb6f8ee47a1fafa7,Headset Gamer 7.1 Surround,,consoles_games,49,535,1,200,23,15,19
e485be8a88ca64e497e88b16af6cc11d,Dvds Blu Ray - 200g - 20x2x14cm,,dvds_blu_ray,38,910,2,200,20,2,14
b6cefe1d620b9208fe6fae76b2c72887,Fralda Ecológica Tam G (50un),,bebes,38,1636,1,200,16,5,16
60bc15240c03ba82f305cd923bd93598,Colônia Nativa 200ml,,perfumaria,53,693,1,450,18,18,18
0c0caad13e2d2bf4efb9856075ad1120,Organizador de Gavetas 3 Níveis,,utilidades_domesticas,55,372,4,6700,64,23,48
7a2f315c0441e5d437270cdfcb089c43,Luminária Pendente Moderna,,moveis_decoracao,25,271,2,13700,50,55,50
b41d86054cccdd1d4bb6c1835bfee57c,Creme Dental Branqueador 90g,,beleza_saude,42,376,1,500,23,5,11
801a8823d2fb3157110897e1af035a5d,Eletroportateis - 1kg - 24x20x25cm,,eletroportateis,47,776,6,1250,24,20,25
d5151727942c39a516b56c3e21a8bf63,Mouse Óptico USB,,informatica_acessorios,33,826,3,850,17,20,17
364c376300bf404053c44c790b493868,Sanduicheira Elétrica Grill,,eletrodomesticos,55,313,1,2050,20,8,13
95fe41956fa436364136624dd46415c2,Fralda Ecológica Tam M (50un),,bebes,59,663,3,1263,40,18,32
67cee25aae565b8f1182ea8c37440103,Prateleira Flutuante para Livros,,moveis_decoracao,56,296,3,1650,100,7,15
2e80de39baa315ca5657caf93b47593b,Fashion Bolsas E Acessorios - 14kg - 27x60x41cm,,fashion_bolsas_e_acessorios,41,487,2,14900,27,60,41
01fd8a430d3bea327b7c71e651391001,Mouse Gamer 16000 DPI,,consoles_games,52,459,1,100,26,3,14
688ad0169550f8e2eb0307b61df3ba12,Cama Mesa Banho - 1kg - 35x10x45cm,,cama_mesa_banho,41,515,2,1050,35,10,45
905434463b9e660873f4c2833b75ae07,Coleira Antipulgas 8 Meses,,pet_shop,55,800,1,11450,42,65,55
2d8f2be4f08788ee3bf5356af2b2ee6c,Umidificador de Ar 2L,,climatizacao,52,331,4,100,27,13,17
d7a389b75ee484bee049db1a54882b76,Raquete de Tênis Júnior,,esporte_lazer,34,960,2,914,30,26,21
924b2122bcd5d6eb53d37a167d3b1d47,Relógio Casual Feminino,,relogios_presentes,57,171,2,250,16,2,11
8ae4b5b9554c1d03c803bdd3875dad7b,Limpa Para-brisas 1L,,automotivo,52,680,4,350,35,16,16
db624f08f4e059241d3842eb750ecd7b,Moveis Sala - 1kg - 61x2x21cm,,moveis_sala,41,375,1,1450,61,2,21
3bec03860f3782ef8993056e01b8229a,Controle Sem Fio para PS5,,consoles_games,36,156,1,400,16,2,11
3f3ea3e2bf902e8fa6748737a84f3c36,Berço Portátil Dobrável,,bebes,52,1465,3,450,30,10,30
1a6e1fb52f5f47e7b18578907d10174c,Andador Infantil Musical,,bebes,56,1107,3,1100,42,25,15
ef8c595d7bee1734828c0dde5ee24c93,Pulverizador de Jardim 2L,,ferramentas_jardim,63,600,3,8800,66,10,54
a5e74dc2d01e8b9df1590c7160358273,Tábua de Picar Bambu (3pç),,utilidades_domesticas,50,226,6,7250,45,19,45
e275b12a1775bcc17af5524af5ba80b4,Produto - 500g - 35x7x40cm,,,,,,500,35,7,40
3cc52e01a315aba7f650574a3a256b1a,Luminária Pendente Vintage,,moveis_decoracao,53,1391,3,3100,35,20,35
51218a8d006d67354e44e530d57f9a20,Bola de Futebol Oficial (Edição Especial),,esporte_lazer,23,211,1,950,24,14,32
a4fa3b8fa5953b0bd18bf4e0b4de499d,Cama Mesa Banho - 1kg - 46x2x36cm,,cama_mesa_banho,58,189,1,1350,46,2,36
0d2865788d929343bde828269ea3dd8e,Creme Dental Branqueador 120g,,beleza_saude,55,424,1,1925,37,6,37
c41394a593b75e8e4f3d1fb5e93e151e,Raquete de Tênis Profissional,,esporte_lazer,60,1332,2,28500,105,65,25
9bebdd5c142f3d0052c0377cc80b9385,Caderno Universitário 200fls,,papelaria,50,153,1,1500,30,20,17
f80214fd7d681d1dcf12b3acaf4f0da7,Gaveteiro 3 Gavetas,,moveis_escritorio,45,1156,1,12250,63,58,24
5c478d826b60d0f057579a180fae4b05,Mouse Sem Fio 2.4GHz,,informatica_acessorios,38,466,5,2133,26,24,22
306e3f4a01df9f621c3b841e21f4018b,Mouse Sem Fio 2.4GHz,,informatica_acessorios,37,163,1,1133,27,19,19
544523486eda57c8fe25acfe423abaf4,Limpa Para-brisas 1L,,automotivo,58,382,1,1300,22,9,16
2b6bdbd36e77e8c9909b853aa70863e1,Teclado Multimídia ABNT2,,informatica_acessorios,55,1525,3,2275,18,14,16
ab71466511b5e49de73454353d49a2ba,Fralda Ecológica Tam G (50un),,bebes,58,599,4,600,16,5,11
ca230e32eccabf9d497e3776f6801f5f,Cama Mesa Banho - 3kg - 29x7x36cm,,cama_mesa_banho,51,186,1,3250,29,7,36
a1c26a87d00e216e5019700026d8d7ce,Fralda Ecológica Tam G (50un),,bebes,40,919,2,700,30,20,30
6b1605ea83cf0568a56ad15afbceb806,Smartwatch Série 7,,eletronicos,60,805,2,175,27,11,26
84c6e1fb0400fb720bfd40e3396e9044,Prateleira Flutuante para Sala,,moveis_decoracao,53,440,1,2900,40,7,30
38f894aa22356ddb9e98478fbc016083,Cama Mesa Banho - 600g - 16x10x16cm,,cama_mesa_banho,56,557,1,600,16,10,16
35d53a0d49b1f0e9635e60bb14da0c86,Colônia Nativa 200ml,,perfumaria,55,347,1,225,17,19,19
5626de2494437b1b23f9f6ecebc25faa,Cama Mesa Banho - 1kg - 35x20x30cm,,cama_mesa_banho,60,196,1,1250,35,20,30
81e32892fb8587aa24b175d42bb6bfcc,Organizador de Gavetas 3 Níveis,,utilidades_domesticas,46,602,1,2075,47,26,21
75a97eddd2c4f87073f7ae075a32989f,Lixeira Automática 5L,,utilidades_domesticas,23,415,1,400,30,30,30
afc244a6c3db6832df12a4b8b34f515c,Bola de Futebol Oficial (Edição Especial),,esporte_lazer,41,156,2,400,16,5,16
80a43af9cebbce401a0e92603326450c,Kit de Limpeza Multiuso (5pç),,utilidades_domesticas,55,594,3,213,23,11,15
4b6c44983d57ae2a934d661aca96d267,Cama Mesa Banho - 1kg - 38x10x38cm,,cama_mesa_banho,55,247,1,1150,38,10,38
3b4db17ce4f2c8731f83b093db7aa0b1,Market Place - 1kg - 32x10x40cm,,market_place,56,1376,3,1750,32,10,40
01ef0716b68c8493434ad32430c24e18,Cama Mesa Banho - 1kg - 16x10x16cm,,cama_mesa_banho,59,641,2,1250,16,10,16
729a3a9189a4303bd9b7e441aa0ae043,Moveis Cozinha Area De Servico Jantar E Jardim - 1kg - 30x13x16cm,,moveis_cozinha_area_de_servico_jantar_e_jardim,39,444,1,1700,30,13,16
963d31ba36326bbc6c8da3be482de3c6,Andador Infantil Musical,,bebes,58,2705,6,800,34,14,31
990ecadcf56234a68b3a0af8d01c0d8a,Colônia Nativa 200ml,,perfumaria,36,681,1,100,20,15,15
e1b8f6708fbd98896278e000251dd8c5,Aromatizante Automotivo Lavanda,,automotivo,30,530,3,650,24,13,21
291c7fc5097e83062a4377ca30c6b834,Capa para Samsung Galaxy S23,,telefonia,42,509,1,350,17,7,28
94021629fe94938c83a4bcd146938d8b,Película de Vidro Temperado Universal,,telefonia,49,374,2,100,19,3,12
52113f93f479d50c87659d39f4a702e6,Raquete de Tênis Júnior,,esporte_lazer,43,1397,1,5800,93,13,24
07bb371fdfa423305dd7e7d94cf36565,Alimentos Bebidas - 250g - 16x2x12cm,,alimentos_bebidas,41,342,1,250,16,2,12
6589e2c0f75017847172a49dc61c99ee,Bola de Futebol Oficial (Edição Especial),,esporte_lazer,41,2091,2,400,16,16,16
